🌳 Midgard
[14:10:08.583] INFO (#1): Initializing Lucid...
[14:10:09.361] INFO (#1): Lucid built successfully.
[14:10:10.504] INFO (#1): 🔐 Contract source selected: state_queue=real, hub_oracle=real, deposit=real, tx_order=real, withdrawal=real, settlement=real, reserve=real, payout=real, registered_operators=real, active_operators=real, retired_operators=real, scheduler=real, fraud_proofs.double_spend=real
[14:10:10.609] INFO (#1): 📚 Opening connection to db...
[14:10:10.867] INFO (#1): 📚 Opening connection to db...
[14:10:10.936] INFO (#1): schema compatibility verified: expected_version=6, actual_version=6, manifest_hash=53bfc28edec615273336211e38e78357d571a6b2afa62a24e995a96c2f589a51
[14:11:13.276] INFO (#1): No existing protocol deployment found for configured contracts. Running protocol initialization...
[14:11:13.328] INFO (#1): Fraud proof catalogue root prepared for initialization: 1a952eb66b2d4bba1880102678ad2f7a5e0b751084b4b8610b300f9f866aeb2a
[14:13:06.775] WARN (#1): Reference-script publication for node-runtime exceeded max tx size; retrying in smaller batches: left=[hub-oracle minting, scheduler spending, scheduler minting, state-queue spending, state-queue minting, registered-operators spending, registered-operators minting, active-operators spending, active-operators minting, retired-operators spending], right=[retired-operators minting, fraud-proof-catalogue minting, deposit minting, deposit spending, withdrawal minting, withdrawal spending, settlement minting, reserve spending, payout spending, payout minting]
[14:13:32.559] WARN (#1): Reference-script publication for node-runtime exceeded max tx size; retrying in smaller batches: left=[hub-oracle minting, scheduler spending, scheduler minting, state-queue spending, state-queue minting], right=[registered-operators spending, registered-operators minting, active-operators spending, active-operators minting, retired-operators spending]
[14:13:59.172] WARN (#1): Reference-script publication for node-runtime exceeded max tx size; retrying in smaller batches: left=[hub-oracle minting, scheduler spending, scheduler minting], right=[state-queue spending, state-queue minting]
[14:14:24.210] INFO (#1): ✍  Signing tx with addr_test1qprszeva70743ge8j4e0680up8kthes5uqy2srj2a29wlzqtjdq8qfdhnc5v52725s5ddesmuqrq8clskqxx9zr6aaxqzccwqa
[14:14:24.214] INFO (#1): ✍  Signed tx prepared: txHash=59610d44b3b1e0ea65ed960c768b886b8ba629a3810f5480bfc09758cbd7b6f1, cborBytes=10591
[14:14:24.214] INFO (#1): ✉️  Submitting transaction...
[14:14:24.317] INFO (#1): 🚀 Transaction submitted: 59610d44b3b1e0ea65ed960c768b886b8ba629a3810f5480bfc09758cbd7b6f1
[14:14:24.317] INFO (#1): ⏳ Confirming Transaction...
[14:14:40.729] INFO (#1): 🎉 Transaction confirmed: 59610d44b3b1e0ea65ed960c768b886b8ba629a3810f5480bfc09758cbd7b6f1
[14:14:40.730] INFO (#1): ⌛ Pausing for 5 seconds...
[14:14:45.733] INFO (#1): ✅ Pause ended.
[14:15:13.131] INFO (#1): ✍  Signing tx with addr_test1qprszeva70743ge8j4e0680up8kthes5uqy2srj2a29wlzqtjdq8qfdhnc5v52725s5ddesmuqrq8clskqxx9zr6aaxqzccwqa
[14:15:13.133] INFO (#1): ✍  Signed tx prepared: txHash=545a023714ef683ef4e8e83791f36c3bf43e64f0443efd6f5cecaca88ad36d6a, cborBytes=8566
[14:15:13.133] INFO (#1): ✉️  Submitting transaction...
[14:15:13.232] INFO (#1): 🚀 Transaction submitted: 545a023714ef683ef4e8e83791f36c3bf43e64f0443efd6f5cecaca88ad36d6a
[14:15:13.233] INFO (#1): ⏳ Confirming Transaction...
[14:16:44.304] INFO (#1): 🎉 Transaction confirmed: 545a023714ef683ef4e8e83791f36c3bf43e64f0443efd6f5cecaca88ad36d6a
[14:16:44.304] INFO (#1): ⌛ Pausing for 5 seconds...
[14:16:49.307] INFO (#1): ✅ Pause ended.
[14:17:19.194] WARN (#1): Reference-script publication for node-runtime exceeded max tx size; retrying in smaller batches: left=[registered-operators spending, registered-operators minting, active-operators spending], right=[active-operators minting, retired-operators spending]
[14:17:46.234] INFO (#1): ✍  Signing tx with addr_test1qprszeva70743ge8j4e0680up8kthes5uqy2srj2a29wlzqtjdq8qfdhnc5v52725s5ddesmuqrq8clskqxx9zr6aaxqzccwqa
[14:17:46.237] INFO (#1): ✍  Signed tx prepared: txHash=36f0600704ece0579bdb67db629c5bcdc1bea46a33f11858fc9896e6300ba15c, cborBytes=14535
[14:17:46.237] INFO (#1): ✉️  Submitting transaction...
[14:17:46.344] INFO (#1): 🚀 Transaction submitted: 36f0600704ece0579bdb67db629c5bcdc1bea46a33f11858fc9896e6300ba15c
[14:17:46.344] INFO (#1): ⏳ Confirming Transaction...
[14:18:18.104] INFO (#1): 🎉 Transaction confirmed: 36f0600704ece0579bdb67db629c5bcdc1bea46a33f11858fc9896e6300ba15c
[14:18:18.105] INFO (#1): ⌛ Pausing for 5 seconds...
[14:18:23.107] INFO (#1): ✅ Pause ended.
[14:18:53.345] INFO (#1): ✍  Signing tx with addr_test1qprszeva70743ge8j4e0680up8kthes5uqy2srj2a29wlzqtjdq8qfdhnc5v52725s5ddesmuqrq8clskqxx9zr6aaxqzccwqa
[14:18:53.346] INFO (#1): ✍  Signed tx prepared: txHash=93465c71f90d79f47ea7cb6bade0fd871f99664b2f01b7e9f2b229bfc8dabd63, cborBytes=9040
[14:18:53.346] INFO (#1): ✉️  Submitting transaction...
[14:18:53.426] INFO (#1): 🚀 Transaction submitted: 93465c71f90d79f47ea7cb6bade0fd871f99664b2f01b7e9f2b229bfc8dabd63
[14:18:53.426] INFO (#1): ⏳ Confirming Transaction...
[14:20:06.701] INFO (#1): 🎉 Transaction confirmed: 93465c71f90d79f47ea7cb6bade0fd871f99664b2f01b7e9f2b229bfc8dabd63
[14:20:06.701] INFO (#1): ⌛ Pausing for 5 seconds...
[14:20:11.702] INFO (#1): ✅ Pause ended.
[14:20:40.299] WARN (#1): Reference-script publication for node-runtime exceeded max tx size; retrying in smaller batches: left=[retired-operators minting, fraud-proof-catalogue minting, deposit minting, deposit spending, withdrawal minting], right=[withdrawal spending, settlement minting, reserve spending, payout spending, payout minting]
[14:21:06.967] WARN (#1): Reference-script publication for node-runtime exceeded max tx size; retrying in smaller batches: left=[retired-operators minting, fraud-proof-catalogue minting, deposit minting], right=[deposit spending, withdrawal minting]
[14:21:33.572] INFO (#1): ✍  Signing tx with addr_test1qprszeva70743ge8j4e0680up8kthes5uqy2srj2a29wlzqtjdq8qfdhnc5v52725s5ddesmuqrq8clskqxx9zr6aaxqzccwqa
[14:21:33.577] INFO (#1): ✍  Signed tx prepared: txHash=070d9f416595b2796a0cd9c6b68aed3456d847993e1af463768afe171f262bf5, cborBytes=12621
[14:21:33.577] INFO (#1): ✉️  Submitting transaction...
[14:21:33.685] INFO (#1): 🚀 Transaction submitted: 070d9f416595b2796a0cd9c6b68aed3456d847993e1af463768afe171f262bf5
[14:21:33.685] INFO (#1): ⏳ Confirming Transaction...
[14:22:41.345] INFO (#1): 🎉 Transaction confirmed: 070d9f416595b2796a0cd9c6b68aed3456d847993e1af463768afe171f262bf5
[14:22:41.346] INFO (#1): ⌛ Pausing for 5 seconds...
[14:22:46.348] INFO (#1): ✅ Pause ended.
[14:23:16.523] INFO (#1): ✍  Signing tx with addr_test1qprszeva70743ge8j4e0680up8kthes5uqy2srj2a29wlzqtjdq8qfdhnc5v52725s5ddesmuqrq8clskqxx9zr6aaxqzccwqa
[14:23:16.525] INFO (#1): ✍  Signed tx prepared: txHash=3e625a5eea145fc6de4b2c341cd8922426efe0c1ee646d8d966ab457d673aa83, cborBytes=8327
[14:23:16.525] INFO (#1): ✉️  Submitting transaction...
[14:23:16.625] INFO (#1): 🚀 Transaction submitted: 3e625a5eea145fc6de4b2c341cd8922426efe0c1ee646d8d966ab457d673aa83
[14:23:16.625] INFO (#1): ⏳ Confirming Transaction...
[14:23:43.260] INFO (#1): 🎉 Transaction confirmed: 3e625a5eea145fc6de4b2c341cd8922426efe0c1ee646d8d966ab457d673aa83
[14:23:43.260] INFO (#1): ⌛ Pausing for 5 seconds...
[14:23:48.263] INFO (#1): ✅ Pause ended.
[14:24:18.339] WARN (#1): Reference-script publication for node-runtime exceeded max tx size; retrying in smaller batches: left=[withdrawal spending, settlement minting, reserve spending], right=[payout spending, payout minting]
[14:24:46.582] INFO (#1): ✍  Signing tx with addr_test1qprszeva70743ge8j4e0680up8kthes5uqy2srj2a29wlzqtjdq8qfdhnc5v52725s5ddesmuqrq8clskqxx9zr6aaxqzccwqa
[14:24:46.583] INFO (#1): ✍  Signed tx prepared: txHash=9321af5d108a3f80010a6572b2db364814622e2073d7a6cb01a708da4077926b, cborBytes=11192
[14:24:46.583] INFO (#1): ✉️  Submitting transaction...
[14:24:46.671] INFO (#1): 🚀 Transaction submitted: 9321af5d108a3f80010a6572b2db364814622e2073d7a6cb01a708da4077926b
[14:24:46.671] INFO (#1): ⏳ Confirming Transaction...
[14:25:44.013] INFO (#1): 🎉 Transaction confirmed: 9321af5d108a3f80010a6572b2db364814622e2073d7a6cb01a708da4077926b
[14:25:44.013] INFO (#1): ⌛ Pausing for 5 seconds...
[14:25:49.017] INFO (#1): ✅ Pause ended.
[14:26:20.154] INFO (#1): ✍  Signing tx with addr_test1qprszeva70743ge8j4e0680up8kthes5uqy2srj2a29wlzqtjdq8qfdhnc5v52725s5ddesmuqrq8clskqxx9zr6aaxqzccwqa
[14:26:20.155] INFO (#1): ✍  Signed tx prepared: txHash=061af75c395a1f655e7fff34b25a696f5ed0d20fd4bc9811b38c226ab6857e72, cborBytes=8767
[14:26:20.155] INFO (#1): ✉️  Submitting transaction...
[14:26:20.237] INFO (#1): 🚀 Transaction submitted: 061af75c395a1f655e7fff34b25a696f5ed0d20fd4bc9811b38c226ab6857e72
[14:26:20.238] INFO (#1): ⏳ Confirming Transaction...
[14:26:36.757] INFO (#1): 🎉 Transaction confirmed: 061af75c395a1f655e7fff34b25a696f5ed0d20fd4bc9811b38c226ab6857e72
[14:26:36.758] INFO (#1): ⌛ Pausing for 5 seconds...
[14:26:41.760] INFO (#1): ✅ Pause ended.
[14:26:44.555] INFO (#1): ✍  Signing tx with addr_test1qrkfg9kqnld366ujrp838fk8fehakha0rcnygg66de7drnycux6rpgumy0kkp6c0zzy0aqkugduwt79sd7ujlh2mmqqsk7jrpe
[14:26:45.161] INFO (#1): ✍  Signed tx prepared: txHash=310430c4cda221327abb443ddd1dd3b8a033017c0c97306b12c663ad0d5b1908, cborBytes=3026
[14:26:45.161] INFO (#1): ✉️  Submitting transaction...
[14:26:45.240] WARN (#1): Tx 310430c4cda221327abb443ddd1dd3b8a033017c0c97306b12c663ad0d5b1908 submitted before validity interval opened  (slot=124640790, invalidBefore=124640804, invalidHereafter=124641224).   Waiting 16000ms and retrying submit  (1/15).
[14:27:01.407] INFO (#1): 🚀 Transaction submitted: 310430c4cda221327abb443ddd1dd3b8a033017c0c97306b12c663ad0d5b1908
[14:27:01.407] INFO (#1): ⏳ Confirming Transaction...
[14:27:49.171] INFO (#1): 🎉 Transaction confirmed: 310430c4cda221327abb443ddd1dd3b8a033017c0c97306b12c663ad0d5b1908
[14:27:49.171] INFO (#1): ⌛ Pausing for 5 seconds...
[14:27:54.173] INFO (#1): ✅ Pause ended.
[14:27:54.173] INFO (#1): Atomic real protocol initialization submitted: txHash=310430c4cda221327abb443ddd1dd3b8a033017c0c97306b12c663ad0d5b1908
[14:30:04.134] INFO (#1): ✍  Signing tx with addr_test1qrkfg9kqnld366ujrp838fk8fehakha0rcnygg66de7drnycux6rpgumy0kkp6c0zzy0aqkugduwt79sd7ujlh2mmqqsk7jrpe
[14:30:04.137] INFO (#1): ✍  Signed tx prepared: txHash=e275e15a24bdf31cb81c0245a1a711973a12723c84b006b713540fdbe0152859, cborBytes=264
[14:30:04.137] INFO (#1): ✉️  Submitting transaction...
[14:30:06.321] ERROR (#1): Tx submission provider error for e275e15a24bdf31cb81c0245a1a711973a12723c84b006b713540fdbe0152859: TxSubmitError: Error: {"contents":{"contents":{"contents":{"era":"ShelleyBasedEraConway","error":["ConwayCertsFailure (CertFailure (DelegFailure (StakeKeyRegisteredDELEG (ScriptHashObj (ScriptHash \"46df0027fc0af07197924dc07f1c27ac6b15eb2bd6efc7a73b0dbb4d\")))))"],"kind":"ShelleyTxValidationError"},"tag":"TxValidationErrorInCardanoMode"},"tag":"TxCmdTxSubmitValidationError"},"tag":"TxSubmitFail"}; cause=Error: {"contents":{"contents":{"contents":{"era":"ShelleyBasedEraConway","error":["ConwayCertsFailure (CertFailure (DelegFailure (StakeKeyRegisteredDELEG (ScriptHashObj (ScriptHash \"46df0027fc0af07197924dc07f1c27ac6b15eb2bd6efc7a73b0dbb4d\")))))"],"kind":"ShelleyTxValidationError"},"tag":"TxValidationErrorInCardanoMode"},"tag":"TxCmdTxSubmitValidationError"},"tag":"TxSubmitFail"}
[14:30:06.321] INFO (#1): PHAS membership reward account is already registered: scriptHash=46df0027fc0af07197924dc07f1c27ac6b15eb2bd6efc7a73b0dbb4d,rewardAddress=stake_test17prd7qp8ls90quvhjfxuqlcuy7kxk90t90twl3a88vxmknguu7vsa
[14:30:06.321] INFO (#1): PHAS membership reward-account registration status: status=already_registered,scriptHash=46df0027fc0af07197924dc07f1c27ac6b15eb2bd6efc7a73b0dbb4d,rewardAddress=stake_test17prd7qp8ls90quvhjfxuqlcuy7kxk90t90twl3a88vxmknguu7vsa,txHash=already-registered
[14:30:06.321] INFO (#1): Startup protocol initialization submitted successfully: 310430c4cda221327abb443ddd1dd3b8a033017c0c97306b12c663ad0d5b1908
[14:30:22.206] INFO (#1): Startup node-runtime reference-script verification completed: count=22,address=addr_test1qprszeva70743ge8j4e0680up8kthes5uqy2srj2a29wlzqtjdq8qfdhnc5v52725s5ddesmuqrq8clskqxx9zr6aaxqzccwqa
[14:30:36.777] INFO (#1): Startup contract deployment info written: /app/deploymentInfo/contract-deployment-info.json
[14:30:37.412] INFO (#1): Startup state-queue snapshot hydrated: tail=310430c4cda221327abb443ddd1dd3b8a033017c0c97306b12c663ad0d5b1908#2,snapshot=startup:310430c4cda221327abb443ddd1dd3b8a033017c0c97306b12c663ad0d5b1908#2:310430c4cda221327abb443ddd1dd3b8a033017c0c97306b12c663ad0d5b1908#2:1780324237411
[14:30:38.032] INFO (#1): Seeded latest local block boundary from startup state: 2026-06-01T14:33:43.999Z
[14:30:38.181] INFO (#1): Scheduling genesis startup program in background.
[14:30:38.184] INFO (#192): 🔵 Block commitment fiber started.
[14:30:38.185] INFO (#192): 🔹 New block commitment process started.
[14:30:38.186] INFO (#193): 🟫 Block confirmation fiber started.
[14:30:38.187] INFO (#194): 🏦 Fetch and insert DepositUTxOs to DepositsDB.
[14:30:38.188] INFO (#195): Fetch and insert WithdrawalUTxOs.
[14:30:38.189] INFO (#196): 🏦 Deposit projector fiber started.
[14:30:38.189] INFO (#197): 🧹 Retention sweeper fiber started.
[14:30:38.190] INFO (#198): 🟠 Merge fiber started.
[14:30:38.191] INFO (#200): 🔶 Tx queue processor fiber started.
[14:30:38.196] INFO (#201): 🟣 On testnet — Inserting 6 genesis UTxOs...
[14:30:38.197] INFO (#202): 🟣 Building genesis deposit tx...
[14:30:38.250] INFO (#192): Acquired state-queue mutation lease token=block_commitment:6d7efbc8-4a22-45d2-8480-1c833861cfb1,holder=block_commitment,expires_at=2026-06-01T14:40:38.245Z
[14:30:38.258] INFO (#193): 🔍 New block confirmation process started.
timestamp=2026-06-01T14:30:38.259Z level=INFO fiber=#224 message="🔍 Starting block confirmation worker..."
[14:30:38.264] INFO (#201): 🟣 Successfully inserted 6 genesis UTxOs. Funded addresses are:
addr_test1qrtuk9vwzuyj2ly4fp2e0fdc36xzk7j2n34jeygl9n38yce7qqpmjursw62tm3acwl6z2kw38cxau355ukc9cxqyhk0sjy7d2s
addr_test1qrgjf0t2rreaql587hr7d3gn7z8q3j59us87zus290urvpqqh52563dvug0y7p3lg60mr3h9exc9zu6c6ug843zsfe0qccslc3
addr_test1qpdjresrrk294hy9ndtqly955ldlhy688507shkfxpwtgf39vzk9uwp87k96zkd5yal83h9x0qheeu0lrqp9lldvsqjs5s4ggd
[14:30:38.267] INFO (#198): 🔸 Skipping merge because the state-queue mutation lease is busy (active_holder=block_commitment,active_token=block_commitment:6d7efbc8-4a22-45d2-8480-1c833861cfb1,active_expires_at=2026-06-01T14:40:38.245Z).
[14:30:38.869] INFO (#192): 🔹 Using live state-queue tail commit base 310430c4cda221327abb443ddd1dd3b8a033017c0c97306b12c663ad0d5b1908#2 from snapshot commit_preflight:310430c4cda221327abb443ddd1dd3b8a033017c0c97306b12c663ad0d5b1908#2:310430c4cda221327abb443ddd1dd3b8a033017c0c97306b12c663ad0d5b1908#2:1780324238869.
timestamp=2026-06-01T14:30:38.869Z level=INFO fiber=#243 message="👷 Starting block commitment worker..."
[14:30:40.243] INFO (#202): ✍  Signing tx with addr_test1qrkfg9kqnld366ujrp838fk8fehakha0rcnygg66de7drnycux6rpgumy0kkp6c0zzy0aqkugduwt79sd7ujlh2mmqqsk7jrpe
timestamp=2026-06-01T14:30:40.329Z level=INFO fiber=#0 message="Initializing Lucid..."
timestamp=2026-06-01T14:30:40.662Z level=INFO fiber=#0 message="Lucid built successfully."
timestamp=2026-06-01T14:30:40.811Z level=INFO fiber=#0 message="Initializing Lucid..."
[14:30:40.853] INFO (#202): ✍  Signed tx prepared: txHash=6a0308a201b6208ff37435288a8311e7a16100c4785ef1a24c00923b31897b8a, cborBytes=6165
[14:30:40.854] INFO (#202): ✉️  Submitting transaction...
[14:30:40.943] INFO (#202): 🚀 Transaction submitted: 6a0308a201b6208ff37435288a8311e7a16100c4785ef1a24c00923b31897b8a
[14:30:40.943] INFO (#202): ⏳ Confirming Transaction...
timestamp=2026-06-01T14:30:41.101Z level=INFO fiber=#0 message="Lucid built successfully."
timestamp=2026-06-01T14:30:41.214Z level=INFO fiber=#0 message="📚 Opening connection to db..."
timestamp=2026-06-01T14:30:41.403Z level=INFO fiber=#0 message="🔐 Contract source selected: state_queue=real, hub_oracle=real, deposit=real, tx_order=real, withdrawal=real, settlement=real, reserve=real, payout=real, registered_operators=real, active_operators=real, retired_operators=real, scheduler=real, fraud_proofs.double_spend=real"
timestamp=2026-06-01T14:30:41.410Z level=INFO fiber=#14 message="🔍 Confirmation work completed ({\"type\":\"NoTxForConfirmationOutput\"})."
timestamp=2026-06-01T14:30:41.939Z level=INFO fiber=#0 message="🔐 Contract source selected: state_queue=real, hub_oracle=real, deposit=real, tx_order=real, withdrawal=real, settlement=real, reserve=real, payout=real, registered_operators=real, active_operators=real, retired_operators=real, scheduler=real, fraud_proofs.double_spend=real"
timestamp=2026-06-01T14:30:41.940Z level=INFO fiber=#0 message="🔹 Retrieving all mempool transactions..."
timestamp=2026-06-01T14:30:41.974Z level=INFO fiber=#0 message="🔹 No previous ledger MPF root found - inserting genesis utxos"
timestamp=2026-06-01T14:30:42.008Z level=INFO fiber=#0 message="🔹 New ledger MPF root after inserting genesis utxos: b235d0b16cb40eb7d2e851a09c7ae555d1861a6e73d3fef4aaa5e9617158a050"
timestamp=2026-06-01T14:30:42.019Z level=INFO fiber=#0 message="🏦 Running commit-time deposit ingestion barrier up to 2026-06-01T14:30:42.019Z."
timestamp=2026-06-01T14:30:42.081Z level=INFO fiber=#0 message="🏦 Commit-time deposit barrier reconciled 0 deposit UTxO(s); fetch completed at 2026-06-01T14:30:42.081Z and locked the visibility barrier at 2026-06-01T14:30:42.019Z."
timestamp=2026-06-01T14:30:42.082Z level=INFO fiber=#0 message="Running commit-time withdrawal ingestion barrier up to 2026-06-01T14:30:42.019Z."
timestamp=2026-06-01T14:30:42.132Z level=INFO fiber=#0 message="Commit-time withdrawal barrier reconciled 0 withdrawal UTxO(s); fetch completed at 2026-06-01T14:30:42.132Z and locked the visibility barrier at 2026-06-01T14:30:42.019Z."
timestamp=2026-06-01T14:30:42.133Z level=INFO fiber=#0 message="🔹 Going through mempool txs and finding roots..."
timestamp=2026-06-01T14:30:42.155Z level=INFO fiber=#0 message="🔹 New transaction root found: 0e5751c026e543b2e8ab2eb06099daa1d1e5df47778f7787faab45cdf12fe3a8"
timestamp=2026-06-01T14:30:42.156Z level=INFO fiber=#0 message="🔹 New UTxO root found: b235d0b16cb40eb7d2e851a09c7ae555d1861a6e73d3fef4aaa5e9617158a050"
timestamp=2026-06-01T14:30:42.156Z level=INFO fiber=#0 message="🔹 No transactions were found in MempoolDB, checking ProcessedMempoolDB..."
timestamp=2026-06-01T14:30:42.158Z level=INFO fiber=#0 message="🔹 Previous submitted block is now confirmed, deserializing..."
timestamp=2026-06-01T14:30:42.163Z level=INFO fiber=#0 message="🔹 Checking for user events... (no tx requests in queue)"
timestamp=2026-06-01T14:30:42.164Z level=INFO fiber=#0 message="🔹 Nothing to commit."
timestamp=2026-06-01T14:30:42.190Z level=INFO fiber=#29 message="👷 Block commitment work completed ({\"type\":\"NothingToCommitOutput\"})."
[14:30:43.200] INFO (#192): 🔹 New block commitment process started.
[14:30:43.204] INFO (#192): Acquired state-queue mutation lease token=block_commitment:7016fa76-5e19-4012-88bc-e5aa6d7230ce,holder=block_commitment,expires_at=2026-06-01T14:40:43.202Z
[14:30:43.819] INFO (#192): 🔹 Using live state-queue tail commit base 310430c4cda221327abb443ddd1dd3b8a033017c0c97306b12c663ad0d5b1908#2 from snapshot commit_preflight:310430c4cda221327abb443ddd1dd3b8a033017c0c97306b12c663ad0d5b1908#2:310430c4cda221327abb443ddd1dd3b8a033017c0c97306b12c663ad0d5b1908#2:1780324243819.
timestamp=2026-06-01T14:30:43.819Z level=INFO fiber=#257 message="👷 Starting block commitment worker..."
timestamp=2026-06-01T14:30:45.660Z level=INFO fiber=#0 message="Initializing Lucid..."
timestamp=2026-06-01T14:30:45.910Z level=INFO fiber=#0 message="Lucid built successfully."
timestamp=2026-06-01T14:30:46.002Z level=INFO fiber=#0 message="📚 Opening connection to db..."
timestamp=2026-06-01T14:30:46.687Z level=INFO fiber=#0 message="🔐 Contract source selected: state_queue=real, hub_oracle=real, deposit=real, tx_order=real, withdrawal=real, settlement=real, reserve=real, payout=real, registered_operators=real, active_operators=real, retired_operators=real, scheduler=real, fraud_proofs.double_spend=real"
timestamp=2026-06-01T14:30:46.688Z level=INFO fiber=#0 message="🔹 Retrieving all mempool transactions..."
timestamp=2026-06-01T14:30:46.724Z level=INFO fiber=#0 message="🏦 Running commit-time deposit ingestion barrier up to 2026-06-01T14:30:46.724Z."
timestamp=2026-06-01T14:30:46.776Z level=INFO fiber=#0 message="🏦 Commit-time deposit barrier reconciled 0 deposit UTxO(s); fetch completed at 2026-06-01T14:30:46.776Z and locked the visibility barrier at 2026-06-01T14:30:46.724Z."
timestamp=2026-06-01T14:30:46.777Z level=INFO fiber=#0 message="Running commit-time withdrawal ingestion barrier up to 2026-06-01T14:30:46.724Z."
timestamp=2026-06-01T14:30:46.829Z level=INFO fiber=#0 message="Commit-time withdrawal barrier reconciled 0 withdrawal UTxO(s); fetch completed at 2026-06-01T14:30:46.829Z and locked the visibility barrier at 2026-06-01T14:30:46.724Z."
timestamp=2026-06-01T14:30:46.830Z level=INFO fiber=#0 message="🔹 Going through mempool txs and finding roots..."
timestamp=2026-06-01T14:30:46.845Z level=INFO fiber=#0 message="🔹 New transaction root found: 0e5751c026e543b2e8ab2eb06099daa1d1e5df47778f7787faab45cdf12fe3a8"
timestamp=2026-06-01T14:30:46.846Z level=INFO fiber=#0 message="🔹 New UTxO root found: b235d0b16cb40eb7d2e851a09c7ae555d1861a6e73d3fef4aaa5e9617158a050"
timestamp=2026-06-01T14:30:46.846Z level=INFO fiber=#0 message="🔹 No transactions were found in MempoolDB, checking ProcessedMempoolDB..."
timestamp=2026-06-01T14:30:46.847Z level=INFO fiber=#0 message="🔹 Previous submitted block is now confirmed, deserializing..."
timestamp=2026-06-01T14:30:46.849Z level=INFO fiber=#0 message="🔹 Checking for user events... (no tx requests in queue)"
timestamp=2026-06-01T14:30:46.849Z level=INFO fiber=#0 message="🔹 Nothing to commit."
timestamp=2026-06-01T14:30:46.861Z level=INFO fiber=#29 message="👷 Block commitment work completed ({\"type\":\"NothingToCommitOutput\"})."
[14:30:47.866] INFO (#192): 🔹 New block commitment process started.
[14:30:47.877] INFO (#192): Acquired state-queue mutation lease token=block_commitment:58afd07f-1542-4513-bc77-f06b21af417c,holder=block_commitment,expires_at=2026-06-01T14:40:47.869Z
[14:30:48.274] INFO (#198): 🔸 Skipping merge because the state-queue mutation lease is busy (active_holder=block_commitment,active_token=block_commitment:58afd07f-1542-4513-bc77-f06b21af417c,active_expires_at=2026-06-01T14:40:47.869Z).
[14:30:48.486] INFO (#192): 🔹 Using live state-queue tail commit base 310430c4cda221327abb443ddd1dd3b8a033017c0c97306b12c663ad0d5b1908#2 from snapshot commit_preflight:310430c4cda221327abb443ddd1dd3b8a033017c0c97306b12c663ad0d5b1908#2:310430c4cda221327abb443ddd1dd3b8a033017c0c97306b12c663ad0d5b1908#2:1780324248486.
timestamp=2026-06-01T14:30:48.487Z level=INFO fiber=#270 message="👷 Starting block commitment worker..."
timestamp=2026-06-01T14:30:49.993Z level=INFO fiber=#0 message="Initializing Lucid..."
timestamp=2026-06-01T14:30:50.296Z level=INFO fiber=#0 message="Lucid built successfully."
timestamp=2026-06-01T14:30:50.393Z level=INFO fiber=#0 message="📚 Opening connection to db..."
timestamp=2026-06-01T14:30:51.073Z level=INFO fiber=#0 message="🔐 Contract source selected: state_queue=real, hub_oracle=real, deposit=real, tx_order=real, withdrawal=real, settlement=real, reserve=real, payout=real, registered_operators=real, active_operators=real, retired_operators=real, scheduler=real, fraud_proofs.double_spend=real"
timestamp=2026-06-01T14:30:51.074Z level=INFO fiber=#0 message="🔹 Retrieving all mempool transactions..."
timestamp=2026-06-01T14:30:51.108Z level=INFO fiber=#0 message="🏦 Running commit-time deposit ingestion barrier up to 2026-06-01T14:30:51.108Z."
timestamp=2026-06-01T14:30:51.165Z level=INFO fiber=#0 message="🏦 Commit-time deposit barrier reconciled 0 deposit UTxO(s); fetch completed at 2026-06-01T14:30:51.165Z and locked the visibility barrier at 2026-06-01T14:30:51.108Z."
timestamp=2026-06-01T14:30:51.166Z level=INFO fiber=#0 message="Running commit-time withdrawal ingestion barrier up to 2026-06-01T14:30:51.108Z."
timestamp=2026-06-01T14:30:51.214Z level=INFO fiber=#0 message="Commit-time withdrawal barrier reconciled 0 withdrawal UTxO(s); fetch completed at 2026-06-01T14:30:51.214Z and locked the visibility barrier at 2026-06-01T14:30:51.108Z."
timestamp=2026-06-01T14:30:51.215Z level=INFO fiber=#0 message="🔹 Going through mempool txs and finding roots..."
timestamp=2026-06-01T14:30:51.230Z level=INFO fiber=#0 message="🔹 New transaction root found: 0e5751c026e543b2e8ab2eb06099daa1d1e5df47778f7787faab45cdf12fe3a8"
timestamp=2026-06-01T14:30:51.230Z level=INFO fiber=#0 message="🔹 New UTxO root found: b235d0b16cb40eb7d2e851a09c7ae555d1861a6e73d3fef4aaa5e9617158a050"
timestamp=2026-06-01T14:30:51.230Z level=INFO fiber=#0 message="🔹 No transactions were found in MempoolDB, checking ProcessedMempoolDB..."
timestamp=2026-06-01T14:30:51.231Z level=INFO fiber=#0 message="🔹 Previous submitted block is now confirmed, deserializing..."
timestamp=2026-06-01T14:30:51.233Z level=INFO fiber=#0 message="🔹 Checking for user events... (no tx requests in queue)"
timestamp=2026-06-01T14:30:51.233Z level=INFO fiber=#0 message="🔹 Nothing to commit."
timestamp=2026-06-01T14:30:51.244Z level=INFO fiber=#29 message="👷 Block commitment work completed ({\"type\":\"NothingToCommitOutput\"})."
[14:30:51.413] INFO (#193): 🔍 New block confirmation process started.
timestamp=2026-06-01T14:30:51.414Z level=INFO fiber=#271 message="🔍 Starting block confirmation worker..."
[14:30:52.250] INFO (#192): 🔹 New block commitment process started.
[14:30:52.255] INFO (#192): Acquired state-queue mutation lease token=block_commitment:83192119-046f-4d1b-9517-2720a839a5ef,holder=block_commitment,expires_at=2026-06-01T14:40:52.252Z
timestamp=2026-06-01T14:30:52.726Z level=INFO fiber=#0 message="Initializing Lucid..."
[14:30:52.882] INFO (#192): 🔹 Using live state-queue tail commit base 310430c4cda221327abb443ddd1dd3b8a033017c0c97306b12c663ad0d5b1908#2 from snapshot commit_preflight:310430c4cda221327abb443ddd1dd3b8a033017c0c97306b12c663ad0d5b1908#2:310430c4cda221327abb443ddd1dd3b8a033017c0c97306b12c663ad0d5b1908#2:1780324252882.
timestamp=2026-06-01T14:30:52.883Z level=INFO fiber=#279 message="👷 Starting block commitment worker..."
timestamp=2026-06-01T14:30:53.023Z level=INFO fiber=#0 message="Lucid built successfully."
timestamp=2026-06-01T14:30:53.902Z level=INFO fiber=#0 message="🔐 Contract source selected: state_queue=real, hub_oracle=real, deposit=real, tx_order=real, withdrawal=real, settlement=real, reserve=real, payout=real, registered_operators=real, active_operators=real, retired_operators=real, scheduler=real, fraud_proofs.double_spend=real"
timestamp=2026-06-01T14:30:53.907Z level=INFO fiber=#14 message="🔍 Confirmation work completed ({\"type\":\"NoTxForConfirmationOutput\"})."
timestamp=2026-06-01T14:30:54.821Z level=INFO fiber=#0 message="Initializing Lucid..."
timestamp=2026-06-01T14:30:55.107Z level=INFO fiber=#0 message="Lucid built successfully."
timestamp=2026-06-01T14:30:55.212Z level=INFO fiber=#0 message="📚 Opening connection to db..."
timestamp=2026-06-01T14:30:55.970Z level=INFO fiber=#0 message="🔐 Contract source selected: state_queue=real, hub_oracle=real, deposit=real, tx_order=real, withdrawal=real, settlement=real, reserve=real, payout=real, registered_operators=real, active_operators=real, retired_operators=real, scheduler=real, fraud_proofs.double_spend=real"
timestamp=2026-06-01T14:30:55.971Z level=INFO fiber=#0 message="🔹 Retrieving all mempool transactions..."
timestamp=2026-06-01T14:30:56.009Z level=INFO fiber=#0 message="🏦 Running commit-time deposit ingestion barrier up to 2026-06-01T14:30:56.009Z."
timestamp=2026-06-01T14:30:56.069Z level=INFO fiber=#0 message="🏦 Commit-time deposit barrier reconciled 0 deposit UTxO(s); fetch completed at 2026-06-01T14:30:56.069Z and locked the visibility barrier at 2026-06-01T14:30:56.009Z."
timestamp=2026-06-01T14:30:56.070Z level=INFO fiber=#0 message="Running commit-time withdrawal ingestion barrier up to 2026-06-01T14:30:56.009Z."
timestamp=2026-06-01T14:30:56.126Z level=INFO fiber=#0 message="Commit-time withdrawal barrier reconciled 0 withdrawal UTxO(s); fetch completed at 2026-06-01T14:30:56.126Z and locked the visibility barrier at 2026-06-01T14:30:56.009Z."
timestamp=2026-06-01T14:30:56.127Z level=INFO fiber=#0 message="🔹 Going through mempool txs and finding roots..."
timestamp=2026-06-01T14:30:56.142Z level=INFO fiber=#0 message="🔹 New transaction root found: 0e5751c026e543b2e8ab2eb06099daa1d1e5df47778f7787faab45cdf12fe3a8"
timestamp=2026-06-01T14:30:56.143Z level=INFO fiber=#0 message="🔹 New UTxO root found: b235d0b16cb40eb7d2e851a09c7ae555d1861a6e73d3fef4aaa5e9617158a050"
timestamp=2026-06-01T14:30:56.143Z level=INFO fiber=#0 message="🔹 No transactions were found in MempoolDB, checking ProcessedMempoolDB..."
timestamp=2026-06-01T14:30:56.146Z level=INFO fiber=#0 message="🔹 Previous submitted block is now confirmed, deserializing..."
timestamp=2026-06-01T14:30:56.150Z level=INFO fiber=#0 message="🔹 Checking for user events... (no tx requests in queue)"
timestamp=2026-06-01T14:30:56.151Z level=INFO fiber=#0 message="🔹 Nothing to commit."
timestamp=2026-06-01T14:30:56.171Z level=INFO fiber=#29 message="👷 Block commitment work completed ({\"type\":\"NothingToCommitOutput\"})."
[14:30:57.180] INFO (#192): 🔹 New block commitment process started.
[14:30:57.190] INFO (#192): Acquired state-queue mutation lease token=block_commitment:f0156495-de02-4947-9a18-225bc96ec65c,holder=block_commitment,expires_at=2026-06-01T14:40:57.182Z
[14:30:57.810] INFO (#192): 🔹 Using live state-queue tail commit base 310430c4cda221327abb443ddd1dd3b8a033017c0c97306b12c663ad0d5b1908#2 from snapshot commit_preflight:310430c4cda221327abb443ddd1dd3b8a033017c0c97306b12c663ad0d5b1908#2:310430c4cda221327abb443ddd1dd3b8a033017c0c97306b12c663ad0d5b1908#2:1780324257810.
timestamp=2026-06-01T14:30:57.810Z level=INFO fiber=#287 message="👷 Starting block commitment worker..."
[14:30:58.283] INFO (#198): 🔸 Skipping merge because the state-queue mutation lease is busy (active_holder=block_commitment,active_token=block_commitment:f0156495-de02-4947-9a18-225bc96ec65c,active_expires_at=2026-06-01T14:40:57.182Z).
timestamp=2026-06-01T14:30:59.421Z level=INFO fiber=#0 message="Initializing Lucid..."
timestamp=2026-06-01T14:30:59.775Z level=INFO fiber=#0 message="Lucid built successfully."
timestamp=2026-06-01T14:30:59.869Z level=INFO fiber=#0 message="📚 Opening connection to db..."
timestamp=2026-06-01T14:31:00.567Z level=INFO fiber=#0 message="🔐 Contract source selected: state_queue=real, hub_oracle=real, deposit=real, tx_order=real, withdrawal=real, settlement=real, reserve=real, payout=real, registered_operators=real, active_operators=real, retired_operators=real, scheduler=real, fraud_proofs.double_spend=real"
timestamp=2026-06-01T14:31:00.568Z level=INFO fiber=#0 message="🔹 Retrieving all mempool transactions..."
timestamp=2026-06-01T14:31:00.606Z level=INFO fiber=#0 message="🏦 Running commit-time deposit ingestion barrier up to 2026-06-01T14:31:00.606Z."
timestamp=2026-06-01T14:31:00.658Z level=INFO fiber=#0 message="🏦 Commit-time deposit barrier reconciled 0 deposit UTxO(s); fetch completed at 2026-06-01T14:31:00.658Z and locked the visibility barrier at 2026-06-01T14:31:00.606Z."
timestamp=2026-06-01T14:31:00.659Z level=INFO fiber=#0 message="Running commit-time withdrawal ingestion barrier up to 2026-06-01T14:31:00.606Z."
timestamp=2026-06-01T14:31:00.713Z level=INFO fiber=#0 message="Commit-time withdrawal barrier reconciled 0 withdrawal UTxO(s); fetch completed at 2026-06-01T14:31:00.713Z and locked the visibility barrier at 2026-06-01T14:31:00.606Z."
timestamp=2026-06-01T14:31:00.714Z level=INFO fiber=#0 message="🔹 Going through mempool txs and finding roots..."
timestamp=2026-06-01T14:31:00.728Z level=INFO fiber=#0 message="🔹 New transaction root found: 0e5751c026e543b2e8ab2eb06099daa1d1e5df47778f7787faab45cdf12fe3a8"
timestamp=2026-06-01T14:31:00.729Z level=INFO fiber=#0 message="🔹 New UTxO root found: b235d0b16cb40eb7d2e851a09c7ae555d1861a6e73d3fef4aaa5e9617158a050"
timestamp=2026-06-01T14:31:00.729Z level=INFO fiber=#0 message="🔹 No transactions were found in MempoolDB, checking ProcessedMempoolDB..."
timestamp=2026-06-01T14:31:00.731Z level=INFO fiber=#0 message="🔹 Previous submitted block is now confirmed, deserializing..."
timestamp=2026-06-01T14:31:00.733Z level=INFO fiber=#0 message="🔹 Checking for user events... (no tx requests in queue)"
timestamp=2026-06-01T14:31:00.733Z level=INFO fiber=#0 message="🔹 Nothing to commit."
timestamp=2026-06-01T14:31:00.750Z level=INFO fiber=#29 message="👷 Block commitment work completed ({\"type\":\"NothingToCommitOutput\"})."
[14:31:01.757] INFO (#192): 🔹 New block commitment process started.
[14:31:01.764] INFO (#192): Acquired state-queue mutation lease token=block_commitment:ff4ee7b1-c8b2-4062-bcdd-f2d1b06d2882,holder=block_commitment,expires_at=2026-06-01T14:41:01.759Z
[14:31:02.389] INFO (#192): 🔹 Using live state-queue tail commit base 310430c4cda221327abb443ddd1dd3b8a033017c0c97306b12c663ad0d5b1908#2 from snapshot commit_preflight:310430c4cda221327abb443ddd1dd3b8a033017c0c97306b12c663ad0d5b1908#2:310430c4cda221327abb443ddd1dd3b8a033017c0c97306b12c663ad0d5b1908#2:1780324262389.
timestamp=2026-06-01T14:31:02.390Z level=INFO fiber=#300 message="👷 Starting block commitment worker..."
[14:31:03.912] INFO (#193): 🔍 New block confirmation process started.
timestamp=2026-06-01T14:31:03.912Z level=INFO fiber=#301 message="🔍 Starting block confirmation worker..."
timestamp=2026-06-01T14:31:03.920Z level=INFO fiber=#0 message="Initializing Lucid..."
timestamp=2026-06-01T14:31:04.249Z level=INFO fiber=#0 message="Lucid built successfully."
timestamp=2026-06-01T14:31:04.386Z level=INFO fiber=#0 message="📚 Opening connection to db..."
timestamp=2026-06-01T14:31:05.214Z level=INFO fiber=#0 message="🔐 Contract source selected: state_queue=real, hub_oracle=real, deposit=real, tx_order=real, withdrawal=real, settlement=real, reserve=real, payout=real, registered_operators=real, active_operators=real, retired_operators=real, scheduler=real, fraud_proofs.double_spend=real"
timestamp=2026-06-01T14:31:05.215Z level=INFO fiber=#0 message="🔹 Retrieving all mempool transactions..."
timestamp=2026-06-01T14:31:05.251Z level=INFO fiber=#0 message="🏦 Running commit-time deposit ingestion barrier up to 2026-06-01T14:31:05.251Z."
timestamp=2026-06-01T14:31:05.311Z level=INFO fiber=#0 message="🏦 Commit-time deposit barrier reconciled 0 deposit UTxO(s); fetch completed at 2026-06-01T14:31:05.311Z and locked the visibility barrier at 2026-06-01T14:31:05.251Z."
timestamp=2026-06-01T14:31:05.311Z level=INFO fiber=#0 message="Running commit-time withdrawal ingestion barrier up to 2026-06-01T14:31:05.251Z."
timestamp=2026-06-01T14:31:05.370Z level=INFO fiber=#0 message="Commit-time withdrawal barrier reconciled 0 withdrawal UTxO(s); fetch completed at 2026-06-01T14:31:05.370Z and locked the visibility barrier at 2026-06-01T14:31:05.251Z."
timestamp=2026-06-01T14:31:05.371Z level=INFO fiber=#0 message="🔹 Going through mempool txs and finding roots..."
timestamp=2026-06-01T14:31:05.386Z level=INFO fiber=#0 message="🔹 New transaction root found: 0e5751c026e543b2e8ab2eb06099daa1d1e5df47778f7787faab45cdf12fe3a8"
timestamp=2026-06-01T14:31:05.386Z level=INFO fiber=#0 message="🔹 New UTxO root found: b235d0b16cb40eb7d2e851a09c7ae555d1861a6e73d3fef4aaa5e9617158a050"
timestamp=2026-06-01T14:31:05.386Z level=INFO fiber=#0 message="🔹 No transactions were found in MempoolDB, checking ProcessedMempoolDB..."
timestamp=2026-06-01T14:31:05.388Z level=INFO fiber=#0 message="🔹 Previous submitted block is now confirmed, deserializing..."
timestamp=2026-06-01T14:31:05.391Z level=INFO fiber=#0 message="🔹 Checking for user events... (no tx requests in queue)"
timestamp=2026-06-01T14:31:05.391Z level=INFO fiber=#0 message="🔹 Nothing to commit."
timestamp=2026-06-01T14:31:05.408Z level=INFO fiber=#29 message="👷 Block commitment work completed ({\"type\":\"NothingToCommitOutput\"})."
timestamp=2026-06-01T14:31:05.556Z level=INFO fiber=#0 message="Initializing Lucid..."
timestamp=2026-06-01T14:31:05.844Z level=INFO fiber=#0 message="Lucid built successfully."
[14:31:06.415] INFO (#192): 🔹 New block commitment process started.
[14:31:06.425] INFO (#192): Acquired state-queue mutation lease token=block_commitment:d5e90fbd-f71e-4a53-aecc-3e5c3efe168e,holder=block_commitment,expires_at=2026-06-01T14:41:06.417Z
[14:31:07.021] INFO (#192): 🔹 Using live state-queue tail commit base 310430c4cda221327abb443ddd1dd3b8a033017c0c97306b12c663ad0d5b1908#2 from snapshot commit_preflight:310430c4cda221327abb443ddd1dd3b8a033017c0c97306b12c663ad0d5b1908#2:310430c4cda221327abb443ddd1dd3b8a033017c0c97306b12c663ad0d5b1908#2:1780324267021.
timestamp=2026-06-01T14:31:07.021Z level=INFO fiber=#309 message="👷 Starting block commitment worker..."
[14:31:08.289] INFO (#198): 🔸 Skipping merge because the state-queue mutation lease is busy (active_holder=block_commitment,active_token=block_commitment:d5e90fbd-f71e-4a53-aecc-3e5c3efe168e,active_expires_at=2026-06-01T14:41:06.417Z).
timestamp=2026-06-01T14:31:08.537Z level=INFO fiber=#0 message="Initializing Lucid..."
timestamp=2026-06-01T14:31:08.870Z level=INFO fiber=#0 message="Lucid built successfully."
timestamp=2026-06-01T14:31:08.970Z level=INFO fiber=#0 message="📚 Opening connection to db..."
timestamp=2026-06-01T14:31:09.643Z level=INFO fiber=#0 message="🔐 Contract source selected: state_queue=real, hub_oracle=real, deposit=real, tx_order=real, withdrawal=real, settlement=real, reserve=real, payout=real, registered_operators=real, active_operators=real, retired_operators=real, scheduler=real, fraud_proofs.double_spend=real"
timestamp=2026-06-01T14:31:09.644Z level=INFO fiber=#0 message="🔹 Retrieving all mempool transactions..."
timestamp=2026-06-01T14:31:09.702Z level=INFO fiber=#0 message="🏦 Running commit-time deposit ingestion barrier up to 2026-06-01T14:31:09.701Z."
timestamp=2026-06-01T14:31:10.346Z level=INFO fiber=#0 message="🏦 Commit-time deposit barrier reconciled 0 deposit UTxO(s); fetch completed at 2026-06-01T14:31:10.346Z and locked the visibility barrier at 2026-06-01T14:31:09.701Z."
timestamp=2026-06-01T14:31:10.347Z level=INFO fiber=#0 message="Running commit-time withdrawal ingestion barrier up to 2026-06-01T14:31:09.701Z."
timestamp=2026-06-01T14:31:10.405Z level=INFO fiber=#0 message="Commit-time withdrawal barrier reconciled 0 withdrawal UTxO(s); fetch completed at 2026-06-01T14:31:10.405Z and locked the visibility barrier at 2026-06-01T14:31:09.701Z."
timestamp=2026-06-01T14:31:10.406Z level=INFO fiber=#0 message="🔹 Going through mempool txs and finding roots..."
timestamp=2026-06-01T14:31:10.420Z level=INFO fiber=#0 message="🔹 New transaction root found: 0e5751c026e543b2e8ab2eb06099daa1d1e5df47778f7787faab45cdf12fe3a8"
timestamp=2026-06-01T14:31:10.420Z level=INFO fiber=#0 message="🔹 New UTxO root found: b235d0b16cb40eb7d2e851a09c7ae555d1861a6e73d3fef4aaa5e9617158a050"
timestamp=2026-06-01T14:31:10.420Z level=INFO fiber=#0 message="🔹 No transactions were found in MempoolDB, checking ProcessedMempoolDB..."
timestamp=2026-06-01T14:31:10.422Z level=INFO fiber=#0 message="🔹 Previous submitted block is now confirmed, deserializing..."
timestamp=2026-06-01T14:31:10.424Z level=INFO fiber=#0 message="🔹 Checking for user events... (no tx requests in queue)"
timestamp=2026-06-01T14:31:10.424Z level=INFO fiber=#0 message="🔹 Nothing to commit."
timestamp=2026-06-01T14:31:10.437Z level=INFO fiber=#29 message="👷 Block commitment work completed ({\"type\":\"NothingToCommitOutput\"})."
[14:31:11.448] INFO (#192): 🔹 New block commitment process started.
[14:31:11.452] INFO (#192): Acquired state-queue mutation lease token=block_commitment:55e6ef2d-b54b-4bc1-90da-aed58bda17e7,holder=block_commitment,expires_at=2026-06-01T14:41:11.449Z
[14:31:12.132] INFO (#192): 🔹 Using live state-queue tail commit base 310430c4cda221327abb443ddd1dd3b8a033017c0c97306b12c663ad0d5b1908#2 from snapshot commit_preflight:310430c4cda221327abb443ddd1dd3b8a033017c0c97306b12c663ad0d5b1908#2:310430c4cda221327abb443ddd1dd3b8a033017c0c97306b12c663ad0d5b1908#2:1780324272132.
timestamp=2026-06-01T14:31:12.132Z level=INFO fiber=#322 message="👷 Starting block commitment worker..."
timestamp=2026-06-01T14:31:13.692Z level=INFO fiber=#0 message="Initializing Lucid..."
timestamp=2026-06-01T14:31:13.977Z level=INFO fiber=#0 message="Lucid built successfully."
timestamp=2026-06-01T14:31:14.069Z level=INFO fiber=#0 message="📚 Opening connection to db..."
timestamp=2026-06-01T14:31:14.721Z level=INFO fiber=#0 message="🔐 Contract source selected: state_queue=real, hub_oracle=real, deposit=real, tx_order=real, withdrawal=real, settlement=real, reserve=real, payout=real, registered_operators=real, active_operators=real, retired_operators=real, scheduler=real, fraud_proofs.double_spend=real"
timestamp=2026-06-01T14:31:14.722Z level=INFO fiber=#0 message="🔹 Retrieving all mempool transactions..."
timestamp=2026-06-01T14:31:14.750Z level=INFO fiber=#0 message="🏦 Running commit-time deposit ingestion barrier up to 2026-06-01T14:31:14.750Z."
timestamp=2026-06-01T14:31:15.373Z level=INFO fiber=#0 message="🏦 Commit-time deposit barrier reconciled 0 deposit UTxO(s); fetch completed at 2026-06-01T14:31:15.373Z and locked the visibility barrier at 2026-06-01T14:31:14.750Z."
timestamp=2026-06-01T14:31:15.374Z level=INFO fiber=#0 message="Running commit-time withdrawal ingestion barrier up to 2026-06-01T14:31:14.750Z."
timestamp=2026-06-01T14:31:15.439Z level=INFO fiber=#0 message="Commit-time withdrawal barrier reconciled 0 withdrawal UTxO(s); fetch completed at 2026-06-01T14:31:15.439Z and locked the visibility barrier at 2026-06-01T14:31:14.750Z."
timestamp=2026-06-01T14:31:15.441Z level=INFO fiber=#0 message="🔹 Going through mempool txs and finding roots..."
timestamp=2026-06-01T14:31:15.455Z level=INFO fiber=#0 message="🔹 New transaction root found: 0e5751c026e543b2e8ab2eb06099daa1d1e5df47778f7787faab45cdf12fe3a8"
timestamp=2026-06-01T14:31:15.455Z level=INFO fiber=#0 message="🔹 New UTxO root found: b235d0b16cb40eb7d2e851a09c7ae555d1861a6e73d3fef4aaa5e9617158a050"
timestamp=2026-06-01T14:31:15.455Z level=INFO fiber=#0 message="🔹 No transactions were found in MempoolDB, checking ProcessedMempoolDB..."
timestamp=2026-06-01T14:31:15.457Z level=INFO fiber=#0 message="🔹 Previous submitted block is now confirmed, deserializing..."
timestamp=2026-06-01T14:31:15.458Z level=INFO fiber=#0 message="🔹 Checking for user events... (no tx requests in queue)"
timestamp=2026-06-01T14:31:15.459Z level=INFO fiber=#0 message="🔹 Nothing to commit."
timestamp=2026-06-01T14:31:15.472Z level=INFO fiber=#29 message="👷 Block commitment work completed ({\"type\":\"NothingToCommitOutput\"})."
[14:31:16.478] INFO (#192): 🔹 New block commitment process started.
[14:31:16.483] INFO (#192): Acquired state-queue mutation lease token=block_commitment:07ef3b4e-0e47-429d-aa3e-d134b4de6aac,holder=block_commitment,expires_at=2026-06-01T14:41:16.480Z
[14:31:16.491] INFO (#193): 🔍 New block confirmation process started.
timestamp=2026-06-01T14:31:16.491Z level=INFO fiber=#325 message="🔍 Starting block confirmation worker..."
[14:31:17.162] INFO (#192): 🔹 Using live state-queue tail commit base 310430c4cda221327abb443ddd1dd3b8a033017c0c97306b12c663ad0d5b1908#2 from snapshot commit_preflight:310430c4cda221327abb443ddd1dd3b8a033017c0c97306b12c663ad0d5b1908#2:310430c4cda221327abb443ddd1dd3b8a033017c0c97306b12c663ad0d5b1908#2:1780324277162.
timestamp=2026-06-01T14:31:17.162Z level=INFO fiber=#331 message="👷 Starting block commitment worker..."
timestamp=2026-06-01T14:31:17.930Z level=INFO fiber=#0 message="Initializing Lucid..."
timestamp=2026-06-01T14:31:18.195Z level=INFO fiber=#0 message="Lucid built successfully."
[14:31:18.261] INFO (#202): 🎉 Transaction confirmed: 6a0308a201b6208ff37435288a8311e7a16100c4785ef1a24c00923b31897b8a
[14:31:18.261] INFO (#202): ⌛ Pausing for 5 seconds...
[14:31:18.294] INFO (#198): 🔸 Skipping merge because the state-queue mutation lease is busy (active_holder=block_commitment,active_token=block_commitment:07ef3b4e-0e47-429d-aa3e-d134b4de6aac,active_expires_at=2026-06-01T14:41:16.480Z).
timestamp=2026-06-01T14:31:19.000Z level=INFO fiber=#0 message="Initializing Lucid..."
[14:31:19.056] INFO (#194): 🏦 1 deposit UTxOs found.
[14:31:19.071] INFO (#194): 🏦 Reconciled 1 visible deposit UTxO(s) into deposits_utxos.
timestamp=2026-06-01T14:31:19.284Z level=INFO fiber=#0 message="Lucid built successfully."
timestamp=2026-06-01T14:31:19.376Z level=INFO fiber=#0 message="📚 Opening connection to db..."
timestamp=2026-06-01T14:31:20.040Z level=INFO fiber=#0 message="🔐 Contract source selected: state_queue=real, hub_oracle=real, deposit=real, tx_order=real, withdrawal=real, settlement=real, reserve=real, payout=real, registered_operators=real, active_operators=real, retired_operators=real, scheduler=real, fraud_proofs.double_spend=real"
timestamp=2026-06-01T14:31:20.041Z level=INFO fiber=#0 message="🔹 Retrieving all mempool transactions..."
timestamp=2026-06-01T14:31:20.071Z level=INFO fiber=#0 message="🏦 Running commit-time deposit ingestion barrier up to 2026-06-01T14:31:20.071Z."
timestamp=2026-06-01T14:31:20.675Z level=INFO fiber=#0 message="🏦 Commit-time deposit barrier reconciled 0 deposit UTxO(s); fetch completed at 2026-06-01T14:31:20.675Z and locked the visibility barrier at 2026-06-01T14:31:20.071Z."
timestamp=2026-06-01T14:31:20.676Z level=INFO fiber=#0 message="Running commit-time withdrawal ingestion barrier up to 2026-06-01T14:31:20.071Z."
timestamp=2026-06-01T14:31:20.734Z level=INFO fiber=#0 message="Commit-time withdrawal barrier reconciled 0 withdrawal UTxO(s); fetch completed at 2026-06-01T14:31:20.734Z and locked the visibility barrier at 2026-06-01T14:31:20.071Z."
timestamp=2026-06-01T14:31:20.735Z level=INFO fiber=#0 message="🔹 Going through mempool txs and finding roots..."
timestamp=2026-06-01T14:31:20.749Z level=INFO fiber=#0 message="🔹 New transaction root found: 0e5751c026e543b2e8ab2eb06099daa1d1e5df47778f7787faab45cdf12fe3a8"
timestamp=2026-06-01T14:31:20.750Z level=INFO fiber=#0 message="🔹 New UTxO root found: b235d0b16cb40eb7d2e851a09c7ae555d1861a6e73d3fef4aaa5e9617158a050"
timestamp=2026-06-01T14:31:20.750Z level=INFO fiber=#0 message="🔹 No transactions were found in MempoolDB, checking ProcessedMempoolDB..."
timestamp=2026-06-01T14:31:20.752Z level=INFO fiber=#0 message="🔹 Previous submitted block is now confirmed, deserializing..."
timestamp=2026-06-01T14:31:20.753Z level=INFO fiber=#0 message="🔹 Checking for user events... (no tx requests in queue)"
timestamp=2026-06-01T14:31:20.753Z level=INFO fiber=#0 message="🔹 Nothing to commit."
timestamp=2026-06-01T14:31:20.764Z level=INFO fiber=#29 message="👷 Block commitment work completed ({\"type\":\"NothingToCommitOutput\"})."
[14:31:21.770] INFO (#192): 🔹 New block commitment process started.
[14:31:21.781] INFO (#192): Acquired state-queue mutation lease token=block_commitment:488db41b-92c9-4dcf-98c5-5f1ae5b9a3ca,holder=block_commitment,expires_at=2026-06-01T14:41:21.773Z
[14:31:22.405] INFO (#192): 🔹 Using live state-queue tail commit base 310430c4cda221327abb443ddd1dd3b8a033017c0c97306b12c663ad0d5b1908#2 from snapshot commit_preflight:310430c4cda221327abb443ddd1dd3b8a033017c0c97306b12c663ad0d5b1908#2:310430c4cda221327abb443ddd1dd3b8a033017c0c97306b12c663ad0d5b1908#2:1780324282405.
timestamp=2026-06-01T14:31:22.405Z level=INFO fiber=#344 message="👷 Starting block commitment worker..."
[14:31:23.261] INFO (#202): ✅ Pause ended.
timestamp=2026-06-01T14:31:23.935Z level=INFO fiber=#0 message="Initializing Lucid..."
timestamp=2026-06-01T14:31:24.185Z level=INFO fiber=#0 message="Lucid built successfully."
timestamp=2026-06-01T14:31:24.277Z level=INFO fiber=#0 message="📚 Opening connection to db..."
timestamp=2026-06-01T14:31:24.938Z level=INFO fiber=#0 message="🔐 Contract source selected: state_queue=real, hub_oracle=real, deposit=real, tx_order=real, withdrawal=real, settlement=real, reserve=real, payout=real, registered_operators=real, active_operators=real, retired_operators=real, scheduler=real, fraud_proofs.double_spend=real"
timestamp=2026-06-01T14:31:24.939Z level=INFO fiber=#0 message="🔹 Retrieving all mempool transactions..."
timestamp=2026-06-01T14:31:24.969Z level=INFO fiber=#0 message="🏦 Running commit-time deposit ingestion barrier up to 2026-06-01T14:31:24.969Z."
timestamp=2026-06-01T14:31:25.578Z level=INFO fiber=#0 message="🏦 Commit-time deposit barrier reconciled 0 deposit UTxO(s); fetch completed at 2026-06-01T14:31:25.577Z and locked the visibility barrier at 2026-06-01T14:31:24.969Z."
timestamp=2026-06-01T14:31:25.578Z level=INFO fiber=#0 message="Running commit-time withdrawal ingestion barrier up to 2026-06-01T14:31:24.969Z."
timestamp=2026-06-01T14:31:25.629Z level=INFO fiber=#0 message="Commit-time withdrawal barrier reconciled 0 withdrawal UTxO(s); fetch completed at 2026-06-01T14:31:25.629Z and locked the visibility barrier at 2026-06-01T14:31:24.969Z."
timestamp=2026-06-01T14:31:25.630Z level=INFO fiber=#0 message="🔹 Going through mempool txs and finding roots..."
timestamp=2026-06-01T14:31:25.644Z level=INFO fiber=#0 message="🔹 New transaction root found: 0e5751c026e543b2e8ab2eb06099daa1d1e5df47778f7787faab45cdf12fe3a8"
timestamp=2026-06-01T14:31:25.644Z level=INFO fiber=#0 message="🔹 New UTxO root found: b235d0b16cb40eb7d2e851a09c7ae555d1861a6e73d3fef4aaa5e9617158a050"
timestamp=2026-06-01T14:31:25.644Z level=INFO fiber=#0 message="🔹 No transactions were found in MempoolDB, checking ProcessedMempoolDB..."
timestamp=2026-06-01T14:31:25.646Z level=INFO fiber=#0 message="🔹 Previous submitted block is now confirmed, deserializing..."
timestamp=2026-06-01T14:31:25.648Z level=INFO fiber=#0 message="🔹 Checking for user events... (no tx requests in queue)"
timestamp=2026-06-01T14:31:25.648Z level=INFO fiber=#0 message="🔹 Nothing to commit."
timestamp=2026-06-01T14:31:25.661Z level=INFO fiber=#29 message="👷 Block commitment work completed ({\"type\":\"NothingToCommitOutput\"})."
[14:31:26.672] INFO (#192): 🔹 New block commitment process started.
[14:31:26.682] INFO (#192): Acquired state-queue mutation lease token=block_commitment:d64410a1-29bb-4787-af2f-a00332b6ca29,holder=block_commitment,expires_at=2026-06-01T14:41:26.674Z
[14:31:27.345] INFO (#192): 🔹 Using live state-queue tail commit base 310430c4cda221327abb443ddd1dd3b8a033017c0c97306b12c663ad0d5b1908#2 from snapshot commit_preflight:310430c4cda221327abb443ddd1dd3b8a033017c0c97306b12c663ad0d5b1908#2:310430c4cda221327abb443ddd1dd3b8a033017c0c97306b12c663ad0d5b1908#2:1780324287345.
timestamp=2026-06-01T14:31:27.345Z level=INFO fiber=#352 message="👷 Starting block commitment worker..."
[14:31:28.300] INFO (#198): 🔸 Skipping merge because the state-queue mutation lease is busy (active_holder=block_commitment,active_token=block_commitment:d64410a1-29bb-4787-af2f-a00332b6ca29,active_expires_at=2026-06-01T14:41:26.674Z).
timestamp=2026-06-01T14:31:28.824Z level=INFO fiber=#0 message="Initializing Lucid..."
[14:31:29.018] INFO (#193): 🔍 New block confirmation process started.
timestamp=2026-06-01T14:31:29.019Z level=INFO fiber=#357 message="🔍 Starting block confirmation worker..."
timestamp=2026-06-01T14:31:29.107Z level=INFO fiber=#0 message="Lucid built successfully."
timestamp=2026-06-01T14:31:29.231Z level=INFO fiber=#0 message="📚 Opening connection to db..."
[14:31:29.669] INFO (#194): 🏦 1 deposit UTxOs found.
[14:31:29.675] INFO (#194): 🏦 Reconciled 1 visible deposit UTxO(s) into deposits_utxos.
timestamp=2026-06-01T14:31:30.082Z level=INFO fiber=#0 message="🔐 Contract source selected: state_queue=real, hub_oracle=real, deposit=real, tx_order=real, withdrawal=real, settlement=real, reserve=real, payout=real, registered_operators=real, active_operators=real, retired_operators=real, scheduler=real, fraud_proofs.double_spend=real"
timestamp=2026-06-01T14:31:30.083Z level=INFO fiber=#0 message="🔹 Retrieving all mempool transactions..."
timestamp=2026-06-01T14:31:30.124Z level=INFO fiber=#0 message="🏦 Running commit-time deposit ingestion barrier up to 2026-06-01T14:31:30.123Z."
timestamp=2026-06-01T14:31:30.564Z level=INFO fiber=#0 message="Initializing Lucid..."
timestamp=2026-06-01T14:31:30.744Z level=INFO fiber=#0 message="🏦 Commit-time deposit barrier reconciled 0 deposit UTxO(s); fetch completed at 2026-06-01T14:31:30.744Z and locked the visibility barrier at 2026-06-01T14:31:30.123Z."
timestamp=2026-06-01T14:31:30.745Z level=INFO fiber=#0 message="Running commit-time withdrawal ingestion barrier up to 2026-06-01T14:31:30.123Z."
timestamp=2026-06-01T14:31:30.816Z level=INFO fiber=#0 message="Commit-time withdrawal barrier reconciled 0 withdrawal UTxO(s); fetch completed at 2026-06-01T14:31:30.816Z and locked the visibility barrier at 2026-06-01T14:31:30.123Z."
timestamp=2026-06-01T14:31:30.818Z level=INFO fiber=#0 message="🔹 Going through mempool txs and finding roots..."
timestamp=2026-06-01T14:31:30.832Z level=INFO fiber=#0 message="🔹 New transaction root found: 0e5751c026e543b2e8ab2eb06099daa1d1e5df47778f7787faab45cdf12fe3a8"
timestamp=2026-06-01T14:31:30.832Z level=INFO fiber=#0 message="🔹 New UTxO root found: b235d0b16cb40eb7d2e851a09c7ae555d1861a6e73d3fef4aaa5e9617158a050"
timestamp=2026-06-01T14:31:30.832Z level=INFO fiber=#0 message="🔹 No transactions were found in MempoolDB, checking ProcessedMempoolDB..."
timestamp=2026-06-01T14:31:30.835Z level=INFO fiber=#0 message="🔹 Previous submitted block is now confirmed, deserializing..."
timestamp=2026-06-01T14:31:30.837Z level=INFO fiber=#0 message="🔹 Checking for user events... (no tx requests in queue)"
timestamp=2026-06-01T14:31:30.838Z level=INFO fiber=#0 message="🔹 Nothing to commit."
timestamp=2026-06-01T14:31:30.849Z level=INFO fiber=#0 message="Lucid built successfully."
timestamp=2026-06-01T14:31:30.855Z level=INFO fiber=#29 message="👷 Block commitment work completed ({\"type\":\"NothingToCommitOutput\"})."
[14:31:31.867] INFO (#192): 🔹 New block commitment process started.
[14:31:31.877] INFO (#192): Acquired state-queue mutation lease token=block_commitment:f78669be-53a9-4e86-9692-e373d3910906,holder=block_commitment,expires_at=2026-06-01T14:41:31.869Z
[14:31:32.488] INFO (#192): 🔹 Using live state-queue tail commit base 310430c4cda221327abb443ddd1dd3b8a033017c0c97306b12c663ad0d5b1908#2 from snapshot commit_preflight:310430c4cda221327abb443ddd1dd3b8a033017c0c97306b12c663ad0d5b1908#2:310430c4cda221327abb443ddd1dd3b8a033017c0c97306b12c663ad0d5b1908#2:1780324292488.
timestamp=2026-06-01T14:31:32.489Z level=INFO fiber=#366 message="👷 Starting block commitment worker..."
timestamp=2026-06-01T14:31:33.978Z level=INFO fiber=#0 message="Initializing Lucid..."
timestamp=2026-06-01T14:31:34.247Z level=INFO fiber=#0 message="Lucid built successfully."
timestamp=2026-06-01T14:31:34.340Z level=INFO fiber=#0 message="📚 Opening connection to db..."
timestamp=2026-06-01T14:31:35.002Z level=INFO fiber=#0 message="🔐 Contract source selected: state_queue=real, hub_oracle=real, deposit=real, tx_order=real, withdrawal=real, settlement=real, reserve=real, payout=real, registered_operators=real, active_operators=real, retired_operators=real, scheduler=real, fraud_proofs.double_spend=real"
timestamp=2026-06-01T14:31:35.003Z level=INFO fiber=#0 message="🔹 Retrieving all mempool transactions..."
timestamp=2026-06-01T14:31:35.040Z level=INFO fiber=#0 message="🏦 Running commit-time deposit ingestion barrier up to 2026-06-01T14:31:35.040Z."
timestamp=2026-06-01T14:31:35.646Z level=INFO fiber=#0 message="🏦 Commit-time deposit barrier reconciled 0 deposit UTxO(s); fetch completed at 2026-06-01T14:31:35.646Z and locked the visibility barrier at 2026-06-01T14:31:35.040Z."
timestamp=2026-06-01T14:31:35.646Z level=INFO fiber=#0 message="Running commit-time withdrawal ingestion barrier up to 2026-06-01T14:31:35.040Z."
timestamp=2026-06-01T14:31:35.700Z level=INFO fiber=#0 message="Commit-time withdrawal barrier reconciled 0 withdrawal UTxO(s); fetch completed at 2026-06-01T14:31:35.700Z and locked the visibility barrier at 2026-06-01T14:31:35.040Z."
timestamp=2026-06-01T14:31:35.701Z level=INFO fiber=#0 message="🔹 Going through mempool txs and finding roots..."
timestamp=2026-06-01T14:31:35.715Z level=INFO fiber=#0 message="🔹 New transaction root found: 0e5751c026e543b2e8ab2eb06099daa1d1e5df47778f7787faab45cdf12fe3a8"
timestamp=2026-06-01T14:31:35.715Z level=INFO fiber=#0 message="🔹 New UTxO root found: b235d0b16cb40eb7d2e851a09c7ae555d1861a6e73d3fef4aaa5e9617158a050"
timestamp=2026-06-01T14:31:35.715Z level=INFO fiber=#0 message="🔹 No transactions were found in MempoolDB, checking ProcessedMempoolDB..."
timestamp=2026-06-01T14:31:35.717Z level=INFO fiber=#0 message="🔹 Previous submitted block is now confirmed, deserializing..."
timestamp=2026-06-01T14:31:35.720Z level=INFO fiber=#0 message="🔹 Checking for user events... (no tx requests in queue)"
timestamp=2026-06-01T14:31:35.721Z level=INFO fiber=#0 message="🔹 Nothing to commit."
timestamp=2026-06-01T14:31:35.734Z level=INFO fiber=#29 message="👷 Block commitment work completed ({\"type\":\"NothingToCommitOutput\"})."
[14:31:36.739] INFO (#192): 🔹 New block commitment process started.
[14:31:36.749] INFO (#192): Acquired state-queue mutation lease token=block_commitment:f90d0092-e2b5-4f98-b62d-320366224bb3,holder=block_commitment,expires_at=2026-06-01T14:41:36.741Z
[14:31:37.422] INFO (#192): 🔹 Using live state-queue tail commit base 310430c4cda221327abb443ddd1dd3b8a033017c0c97306b12c663ad0d5b1908#2 from snapshot commit_preflight:310430c4cda221327abb443ddd1dd3b8a033017c0c97306b12c663ad0d5b1908#2:310430c4cda221327abb443ddd1dd3b8a033017c0c97306b12c663ad0d5b1908#2:1780324297422.
timestamp=2026-06-01T14:31:37.422Z level=INFO fiber=#374 message="👷 Starting block commitment worker..."
[14:31:38.303] INFO (#198): 🔸 Skipping merge because the state-queue mutation lease is busy (active_holder=block_commitment,active_token=block_commitment:f90d0092-e2b5-4f98-b62d-320366224bb3,active_expires_at=2026-06-01T14:41:36.741Z).
timestamp=2026-06-01T14:31:38.901Z level=INFO fiber=#0 message="Initializing Lucid..."
timestamp=2026-06-01T14:31:39.185Z level=INFO fiber=#0 message="Lucid built successfully."
timestamp=2026-06-01T14:31:39.278Z level=INFO fiber=#0 message="📚 Opening connection to db..."
timestamp=2026-06-01T14:31:39.961Z level=INFO fiber=#0 message="🔐 Contract source selected: state_queue=real, hub_oracle=real, deposit=real, tx_order=real, withdrawal=real, settlement=real, reserve=real, payout=real, registered_operators=real, active_operators=real, retired_operators=real, scheduler=real, fraud_proofs.double_spend=real"
timestamp=2026-06-01T14:31:39.962Z level=INFO fiber=#0 message="🔹 Retrieving all mempool transactions..."
timestamp=2026-06-01T14:31:39.993Z level=INFO fiber=#0 message="🏦 Running commit-time deposit ingestion barrier up to 2026-06-01T14:31:39.993Z."
[14:31:40.281] INFO (#194): 🏦 1 deposit UTxOs found.
[14:31:40.286] INFO (#194): 🏦 Reconciled 1 visible deposit UTxO(s) into deposits_utxos.
timestamp=2026-06-01T14:31:40.609Z level=INFO fiber=#0 message="🏦 Commit-time deposit barrier reconciled 0 deposit UTxO(s); fetch completed at 2026-06-01T14:31:40.609Z and locked the visibility barrier at 2026-06-01T14:31:39.993Z."
timestamp=2026-06-01T14:31:40.609Z level=INFO fiber=#0 message="Running commit-time withdrawal ingestion barrier up to 2026-06-01T14:31:39.993Z."
timestamp=2026-06-01T14:31:40.672Z level=INFO fiber=#0 message="Commit-time withdrawal barrier reconciled 0 withdrawal UTxO(s); fetch completed at 2026-06-01T14:31:40.672Z and locked the visibility barrier at 2026-06-01T14:31:39.993Z."
timestamp=2026-06-01T14:31:40.673Z level=INFO fiber=#0 message="🔹 Going through mempool txs and finding roots..."
timestamp=2026-06-01T14:31:40.689Z level=INFO fiber=#0 message="🔹 New transaction root found: 0e5751c026e543b2e8ab2eb06099daa1d1e5df47778f7787faab45cdf12fe3a8"
timestamp=2026-06-01T14:31:40.689Z level=INFO fiber=#0 message="🔹 New UTxO root found: b235d0b16cb40eb7d2e851a09c7ae555d1861a6e73d3fef4aaa5e9617158a050"
timestamp=2026-06-01T14:31:40.689Z level=INFO fiber=#0 message="🔹 No transactions were found in MempoolDB, checking ProcessedMempoolDB..."
timestamp=2026-06-01T14:31:40.691Z level=INFO fiber=#0 message="🔹 Previous submitted block is now confirmed, deserializing..."
timestamp=2026-06-01T14:31:40.693Z level=INFO fiber=#0 message="🔹 Checking for user events... (no tx requests in queue)"
timestamp=2026-06-01T14:31:40.693Z level=INFO fiber=#0 message="🔹 Nothing to commit."
timestamp=2026-06-01T14:31:40.705Z level=INFO fiber=#29 message="👷 Block commitment work completed ({\"type\":\"NothingToCommitOutput\"})."
[14:31:41.547] INFO (#193): 🔍 New block confirmation process started.
timestamp=2026-06-01T14:31:41.547Z level=INFO fiber=#380 message="🔍 Starting block confirmation worker..."
[14:31:41.710] INFO (#192): 🔹 New block commitment process started.
[14:31:41.721] INFO (#192): Acquired state-queue mutation lease token=block_commitment:301dd1ed-8132-4c77-91ea-0bde182bf8a2,holder=block_commitment,expires_at=2026-06-01T14:41:41.713Z
[14:31:42.328] INFO (#192): 🔹 Using live state-queue tail commit base 310430c4cda221327abb443ddd1dd3b8a033017c0c97306b12c663ad0d5b1908#2 from snapshot commit_preflight:310430c4cda221327abb443ddd1dd3b8a033017c0c97306b12c663ad0d5b1908#2:310430c4cda221327abb443ddd1dd3b8a033017c0c97306b12c663ad0d5b1908#2:1780324302328.
timestamp=2026-06-01T14:31:42.328Z level=INFO fiber=#388 message="👷 Starting block commitment worker..."
timestamp=2026-06-01T14:31:42.965Z level=INFO fiber=#0 message="Initializing Lucid..."
timestamp=2026-06-01T14:31:43.228Z level=INFO fiber=#0 message="Lucid built successfully."
timestamp=2026-06-01T14:31:44.176Z level=INFO fiber=#0 message="Initializing Lucid..."
timestamp=2026-06-01T14:31:44.465Z level=INFO fiber=#0 message="Lucid built successfully."
timestamp=2026-06-01T14:31:44.558Z level=INFO fiber=#0 message="📚 Opening connection to db..."
timestamp=2026-06-01T14:31:45.209Z level=INFO fiber=#0 message="🔐 Contract source selected: state_queue=real, hub_oracle=real, deposit=real, tx_order=real, withdrawal=real, settlement=real, reserve=real, payout=real, registered_operators=real, active_operators=real, retired_operators=real, scheduler=real, fraud_proofs.double_spend=real"
timestamp=2026-06-01T14:31:45.210Z level=INFO fiber=#0 message="🔹 Retrieving all mempool transactions..."
timestamp=2026-06-01T14:31:45.246Z level=INFO fiber=#0 message="🏦 Running commit-time deposit ingestion barrier up to 2026-06-01T14:31:45.246Z."
timestamp=2026-06-01T14:31:45.859Z level=INFO fiber=#0 message="🏦 Commit-time deposit barrier reconciled 0 deposit UTxO(s); fetch completed at 2026-06-01T14:31:45.858Z and locked the visibility barrier at 2026-06-01T14:31:45.246Z."
timestamp=2026-06-01T14:31:45.859Z level=INFO fiber=#0 message="Running commit-time withdrawal ingestion barrier up to 2026-06-01T14:31:45.246Z."
timestamp=2026-06-01T14:31:45.918Z level=INFO fiber=#0 message="Commit-time withdrawal barrier reconciled 0 withdrawal UTxO(s); fetch completed at 2026-06-01T14:31:45.918Z and locked the visibility barrier at 2026-06-01T14:31:45.246Z."
timestamp=2026-06-01T14:31:45.919Z level=INFO fiber=#0 message="🔹 Going through mempool txs and finding roots..."
timestamp=2026-06-01T14:31:45.935Z level=INFO fiber=#0 message="🔹 New transaction root found: 0e5751c026e543b2e8ab2eb06099daa1d1e5df47778f7787faab45cdf12fe3a8"
timestamp=2026-06-01T14:31:45.935Z level=INFO fiber=#0 message="🔹 New UTxO root found: b235d0b16cb40eb7d2e851a09c7ae555d1861a6e73d3fef4aaa5e9617158a050"
timestamp=2026-06-01T14:31:45.935Z level=INFO fiber=#0 message="🔹 No transactions were found in MempoolDB, checking ProcessedMempoolDB..."
timestamp=2026-06-01T14:31:45.937Z level=INFO fiber=#0 message="🔹 Previous submitted block is now confirmed, deserializing..."
timestamp=2026-06-01T14:31:45.939Z level=INFO fiber=#0 message="🔹 Checking for user events... (no tx requests in queue)"
timestamp=2026-06-01T14:31:45.940Z level=INFO fiber=#0 message="🔹 Nothing to commit."
timestamp=2026-06-01T14:31:45.956Z level=INFO fiber=#29 message="👷 Block commitment work completed ({\"type\":\"NothingToCommitOutput\"})."
[14:31:46.975] INFO (#192): 🔹 New block commitment process started.
[14:31:46.986] INFO (#192): Acquired state-queue mutation lease token=block_commitment:46964269-e2ad-4a52-9596-4547916f174a,holder=block_commitment,expires_at=2026-06-01T14:41:46.977Z
[14:31:47.651] INFO (#192): 🔹 Using live state-queue tail commit base 310430c4cda221327abb443ddd1dd3b8a033017c0c97306b12c663ad0d5b1908#2 from snapshot commit_preflight:310430c4cda221327abb443ddd1dd3b8a033017c0c97306b12c663ad0d5b1908#2:310430c4cda221327abb443ddd1dd3b8a033017c0c97306b12c663ad0d5b1908#2:1780324307651.
timestamp=2026-06-01T14:31:47.652Z level=INFO fiber=#396 message="👷 Starting block commitment worker..."
[14:31:48.309] INFO (#198): 🔸 Skipping merge because the state-queue mutation lease is busy (active_holder=block_commitment,active_token=block_commitment:46964269-e2ad-4a52-9596-4547916f174a,active_expires_at=2026-06-01T14:41:46.977Z).
timestamp=2026-06-01T14:31:49.168Z level=INFO fiber=#0 message="Initializing Lucid..."
timestamp=2026-06-01T14:31:49.462Z level=INFO fiber=#0 message="Lucid built successfully."
timestamp=2026-06-01T14:31:49.554Z level=INFO fiber=#0 message="📚 Opening connection to db..."
timestamp=2026-06-01T14:31:50.225Z level=INFO fiber=#0 message="🔐 Contract source selected: state_queue=real, hub_oracle=real, deposit=real, tx_order=real, withdrawal=real, settlement=real, reserve=real, payout=real, registered_operators=real, active_operators=real, retired_operators=real, scheduler=real, fraud_proofs.double_spend=real"
timestamp=2026-06-01T14:31:50.225Z level=INFO fiber=#0 message="🔹 Retrieving all mempool transactions..."
timestamp=2026-06-01T14:31:50.264Z level=INFO fiber=#0 message="🏦 Running commit-time deposit ingestion barrier up to 2026-06-01T14:31:50.264Z."
timestamp=2026-06-01T14:31:50.870Z level=INFO fiber=#0 message="🏦 Commit-time deposit barrier reconciled 0 deposit UTxO(s); fetch completed at 2026-06-01T14:31:50.870Z and locked the visibility barrier at 2026-06-01T14:31:50.264Z."
timestamp=2026-06-01T14:31:50.870Z level=INFO fiber=#0 message="Running commit-time withdrawal ingestion barrier up to 2026-06-01T14:31:50.264Z."
[14:31:50.887] INFO (#194): 🏦 1 deposit UTxOs found.
[14:31:50.890] INFO (#194): 🏦 Reconciled 1 visible deposit UTxO(s) into deposits_utxos.
timestamp=2026-06-01T14:31:50.920Z level=INFO fiber=#0 message="Commit-time withdrawal barrier reconciled 0 withdrawal UTxO(s); fetch completed at 2026-06-01T14:31:50.920Z and locked the visibility barrier at 2026-06-01T14:31:50.264Z."
timestamp=2026-06-01T14:31:50.921Z level=INFO fiber=#0 message="🔹 Going through mempool txs and finding roots..."
timestamp=2026-06-01T14:31:50.933Z level=INFO fiber=#0 message="🔹 New transaction root found: 0e5751c026e543b2e8ab2eb06099daa1d1e5df47778f7787faab45cdf12fe3a8"
timestamp=2026-06-01T14:31:50.933Z level=INFO fiber=#0 message="🔹 New UTxO root found: b235d0b16cb40eb7d2e851a09c7ae555d1861a6e73d3fef4aaa5e9617158a050"
timestamp=2026-06-01T14:31:50.933Z level=INFO fiber=#0 message="🔹 No transactions were found in MempoolDB, checking ProcessedMempoolDB..."
timestamp=2026-06-01T14:31:50.935Z level=INFO fiber=#0 message="🔹 Previous submitted block is now confirmed, deserializing..."
timestamp=2026-06-01T14:31:50.937Z level=INFO fiber=#0 message="🔹 Checking for user events... (no tx requests in queue)"
timestamp=2026-06-01T14:31:50.937Z level=INFO fiber=#0 message="🔹 Nothing to commit."
timestamp=2026-06-01T14:31:50.950Z level=INFO fiber=#29 message="👷 Block commitment work completed ({\"type\":\"NothingToCommitOutput\"})."
[14:31:51.954] INFO (#192): 🔹 New block commitment process started.
[14:31:51.964] INFO (#192): Acquired state-queue mutation lease token=block_commitment:9b8375b8-80e6-42dd-a7c0-02d2d272c129,holder=block_commitment,expires_at=2026-06-01T14:41:51.956Z
[14:31:52.562] INFO (#192): 🔹 Using live state-queue tail commit base 310430c4cda221327abb443ddd1dd3b8a033017c0c97306b12c663ad0d5b1908#2 from snapshot commit_preflight:310430c4cda221327abb443ddd1dd3b8a033017c0c97306b12c663ad0d5b1908#2:310430c4cda221327abb443ddd1dd3b8a033017c0c97306b12c663ad0d5b1908#2:1780324312562.
timestamp=2026-06-01T14:31:52.563Z level=INFO fiber=#409 message="👷 Starting block commitment worker..."
[14:31:54.000] INFO (#193): 🔍 New block confirmation process started.
timestamp=2026-06-01T14:31:54.000Z level=INFO fiber=#410 message="🔍 Starting block confirmation worker..."
timestamp=2026-06-01T14:31:54.100Z level=INFO fiber=#0 message="Initializing Lucid..."
timestamp=2026-06-01T14:31:54.362Z level=INFO fiber=#0 message="Lucid built successfully."
timestamp=2026-06-01T14:31:54.482Z level=INFO fiber=#0 message="📚 Opening connection to db..."
timestamp=2026-06-01T14:31:55.263Z level=INFO fiber=#0 message="🔐 Contract source selected: state_queue=real, hub_oracle=real, deposit=real, tx_order=real, withdrawal=real, settlement=real, reserve=real, payout=real, registered_operators=real, active_operators=real, retired_operators=real, scheduler=real, fraud_proofs.double_spend=real"
timestamp=2026-06-01T14:31:55.264Z level=INFO fiber=#0 message="🔹 Retrieving all mempool transactions..."
timestamp=2026-06-01T14:31:55.304Z level=INFO fiber=#0 message="🏦 Running commit-time deposit ingestion barrier up to 2026-06-01T14:31:55.303Z."
timestamp=2026-06-01T14:31:55.535Z level=INFO fiber=#0 message="Initializing Lucid..."
timestamp=2026-06-01T14:31:55.818Z level=INFO fiber=#0 message="Lucid built successfully."
timestamp=2026-06-01T14:31:55.916Z level=INFO fiber=#0 message="🏦 Commit-time deposit barrier reconciled 0 deposit UTxO(s); fetch completed at 2026-06-01T14:31:55.916Z and locked the visibility barrier at 2026-06-01T14:31:55.303Z."
timestamp=2026-06-01T14:31:55.917Z level=INFO fiber=#0 message="Running commit-time withdrawal ingestion barrier up to 2026-06-01T14:31:55.303Z."
timestamp=2026-06-01T14:31:55.965Z level=INFO fiber=#0 message="Commit-time withdrawal barrier reconciled 0 withdrawal UTxO(s); fetch completed at 2026-06-01T14:31:55.965Z and locked the visibility barrier at 2026-06-01T14:31:55.303Z."
timestamp=2026-06-01T14:31:55.966Z level=INFO fiber=#0 message="🔹 Going through mempool txs and finding roots..."
timestamp=2026-06-01T14:31:55.982Z level=INFO fiber=#0 message="🔹 New transaction root found: 0e5751c026e543b2e8ab2eb06099daa1d1e5df47778f7787faab45cdf12fe3a8"
timestamp=2026-06-01T14:31:55.983Z level=INFO fiber=#0 message="🔹 New UTxO root found: b235d0b16cb40eb7d2e851a09c7ae555d1861a6e73d3fef4aaa5e9617158a050"
timestamp=2026-06-01T14:31:55.983Z level=INFO fiber=#0 message="🔹 No transactions were found in MempoolDB, checking ProcessedMempoolDB..."
timestamp=2026-06-01T14:31:55.985Z level=INFO fiber=#0 message="🔹 Previous submitted block is now confirmed, deserializing..."
timestamp=2026-06-01T14:31:55.989Z level=INFO fiber=#0 message="🔹 Checking for user events... (no tx requests in queue)"
timestamp=2026-06-01T14:31:55.990Z level=INFO fiber=#0 message="🔹 Nothing to commit."
timestamp=2026-06-01T14:31:56.007Z level=INFO fiber=#29 message="👷 Block commitment work completed ({\"type\":\"NothingToCommitOutput\"})."
timestamp=2026-06-01T14:31:56.507Z level=INFO fiber=#0 message="🔐 Contract source selected: state_queue=real, hub_oracle=real, deposit=real, tx_order=real, withdrawal=real, settlement=real, reserve=real, payout=real, registered_operators=real, active_operators=real, retired_operators=real, scheduler=real, fraud_proofs.double_spend=real"
timestamp=2026-06-01T14:31:56.511Z level=INFO fiber=#14 message="🔍 Confirmation work completed ({\"type\":\"NoTxForConfirmationOutput\"})."
[14:31:57.019] INFO (#192): 🔹 New block commitment process started.
[14:31:57.030] INFO (#192): Acquired state-queue mutation lease token=block_commitment:d349ab81-fc72-4786-be73-0bc4695a2017,holder=block_commitment,expires_at=2026-06-01T14:41:57.021Z
[14:31:57.687] INFO (#192): 🔹 Using live state-queue tail commit base 310430c4cda221327abb443ddd1dd3b8a033017c0c97306b12c663ad0d5b1908#2 from snapshot commit_preflight:310430c4cda221327abb443ddd1dd3b8a033017c0c97306b12c663ad0d5b1908#2:310430c4cda221327abb443ddd1dd3b8a033017c0c97306b12c663ad0d5b1908#2:1780324317687.
timestamp=2026-06-01T14:31:57.688Z level=INFO fiber=#418 message="👷 Starting block commitment worker..."
[14:31:58.314] INFO (#198): 🔸 Skipping merge because the state-queue mutation lease is busy (active_holder=block_commitment,active_token=block_commitment:d349ab81-fc72-4786-be73-0bc4695a2017,active_expires_at=2026-06-01T14:41:57.021Z).
timestamp=2026-06-01T14:31:59.184Z level=INFO fiber=#0 message="Initializing Lucid..."
timestamp=2026-06-01T14:31:59.505Z level=INFO fiber=#0 message="Lucid built successfully."
timestamp=2026-06-01T14:31:59.599Z level=INFO fiber=#0 message="📚 Opening connection to db..."
timestamp=2026-06-01T14:32:00.282Z level=INFO fiber=#0 message="🔐 Contract source selected: state_queue=real, hub_oracle=real, deposit=real, tx_order=real, withdrawal=real, settlement=real, reserve=real, payout=real, registered_operators=real, active_operators=real, retired_operators=real, scheduler=real, fraud_proofs.double_spend=real"
timestamp=2026-06-01T14:32:00.283Z level=INFO fiber=#0 message="🔹 Retrieving all mempool transactions..."
timestamp=2026-06-01T14:32:00.321Z level=INFO fiber=#0 message="🏦 Running commit-time deposit ingestion barrier up to 2026-06-01T14:32:00.320Z."
timestamp=2026-06-01T14:32:00.941Z level=INFO fiber=#0 message="🏦 Commit-time deposit barrier reconciled 0 deposit UTxO(s); fetch completed at 2026-06-01T14:32:00.941Z and locked the visibility barrier at 2026-06-01T14:32:00.320Z."
timestamp=2026-06-01T14:32:00.942Z level=INFO fiber=#0 message="Running commit-time withdrawal ingestion barrier up to 2026-06-01T14:32:00.320Z."
timestamp=2026-06-01T14:32:01.009Z level=INFO fiber=#0 message="Commit-time withdrawal barrier reconciled 0 withdrawal UTxO(s); fetch completed at 2026-06-01T14:32:01.009Z and locked the visibility barrier at 2026-06-01T14:32:00.320Z."
timestamp=2026-06-01T14:32:01.011Z level=INFO fiber=#0 message="🔹 Going through mempool txs and finding roots..."
timestamp=2026-06-01T14:32:01.026Z level=INFO fiber=#0 message="🔹 New transaction root found: 0e5751c026e543b2e8ab2eb06099daa1d1e5df47778f7787faab45cdf12fe3a8"
timestamp=2026-06-01T14:32:01.026Z level=INFO fiber=#0 message="🔹 New UTxO root found: b235d0b16cb40eb7d2e851a09c7ae555d1861a6e73d3fef4aaa5e9617158a050"
timestamp=2026-06-01T14:32:01.026Z level=INFO fiber=#0 message="🔹 No transactions were found in MempoolDB, checking ProcessedMempoolDB..."
timestamp=2026-06-01T14:32:01.027Z level=INFO fiber=#0 message="🔹 Previous submitted block is now confirmed, deserializing..."
timestamp=2026-06-01T14:32:01.029Z level=INFO fiber=#0 message="🔹 Checking for user events... (no tx requests in queue)"
timestamp=2026-06-01T14:32:01.030Z level=INFO fiber=#0 message="🔹 Nothing to commit."
timestamp=2026-06-01T14:32:01.041Z level=INFO fiber=#29 message="👷 Block commitment work completed ({\"type\":\"NothingToCommitOutput\"})."
[14:32:01.494] INFO (#194): 🏦 1 deposit UTxOs found.
[14:32:01.504] INFO (#194): 🏦 Reconciled 1 visible deposit UTxO(s) into deposits_utxos.
[14:32:02.053] INFO (#192): 🔹 New block commitment process started.
[14:32:02.063] INFO (#192): Acquired state-queue mutation lease token=block_commitment:c100febc-09b6-49a1-87ac-ea9f0a25e768,holder=block_commitment,expires_at=2026-06-01T14:42:02.054Z
[14:32:02.663] INFO (#192): 🔹 Using live state-queue tail commit base 310430c4cda221327abb443ddd1dd3b8a033017c0c97306b12c663ad0d5b1908#2 from snapshot commit_preflight:310430c4cda221327abb443ddd1dd3b8a033017c0c97306b12c663ad0d5b1908#2:310430c4cda221327abb443ddd1dd3b8a033017c0c97306b12c663ad0d5b1908#2:1780324322663.
timestamp=2026-06-01T14:32:02.663Z level=INFO fiber=#431 message="👷 Starting block commitment worker..."
timestamp=2026-06-01T14:32:04.124Z level=INFO fiber=#0 message="Initializing Lucid..."
timestamp=2026-06-01T14:32:04.408Z level=INFO fiber=#0 message="Lucid built successfully."
timestamp=2026-06-01T14:32:04.502Z level=INFO fiber=#0 message="📚 Opening connection to db..."
timestamp=2026-06-01T14:32:05.202Z level=INFO fiber=#0 message="🔐 Contract source selected: state_queue=real, hub_oracle=real, deposit=real, tx_order=real, withdrawal=real, settlement=real, reserve=real, payout=real, registered_operators=real, active_operators=real, retired_operators=real, scheduler=real, fraud_proofs.double_spend=real"
timestamp=2026-06-01T14:32:05.202Z level=INFO fiber=#0 message="🔹 Retrieving all mempool transactions..."
timestamp=2026-06-01T14:32:05.241Z level=INFO fiber=#0 message="🏦 Running commit-time deposit ingestion barrier up to 2026-06-01T14:32:05.241Z."
timestamp=2026-06-01T14:32:05.872Z level=INFO fiber=#0 message="🏦 Commit-time deposit barrier reconciled 0 deposit UTxO(s); fetch completed at 2026-06-01T14:32:05.872Z and locked the visibility barrier at 2026-06-01T14:32:05.241Z."
timestamp=2026-06-01T14:32:05.873Z level=INFO fiber=#0 message="Running commit-time withdrawal ingestion barrier up to 2026-06-01T14:32:05.241Z."
timestamp=2026-06-01T14:32:05.931Z level=INFO fiber=#0 message="Commit-time withdrawal barrier reconciled 0 withdrawal UTxO(s); fetch completed at 2026-06-01T14:32:05.931Z and locked the visibility barrier at 2026-06-01T14:32:05.241Z."
timestamp=2026-06-01T14:32:05.933Z level=INFO fiber=#0 message="🔹 Going through mempool txs and finding roots..."
timestamp=2026-06-01T14:32:05.947Z level=INFO fiber=#0 message="🔹 New transaction root found: 0e5751c026e543b2e8ab2eb06099daa1d1e5df47778f7787faab45cdf12fe3a8"
timestamp=2026-06-01T14:32:05.947Z level=INFO fiber=#0 message="🔹 New UTxO root found: b235d0b16cb40eb7d2e851a09c7ae555d1861a6e73d3fef4aaa5e9617158a050"
timestamp=2026-06-01T14:32:05.947Z level=INFO fiber=#0 message="🔹 No transactions were found in MempoolDB, checking ProcessedMempoolDB..."
timestamp=2026-06-01T14:32:05.949Z level=INFO fiber=#0 message="🔹 Previous submitted block is now confirmed, deserializing..."
timestamp=2026-06-01T14:32:05.951Z level=INFO fiber=#0 message="🔹 Checking for user events... (no tx requests in queue)"
timestamp=2026-06-01T14:32:05.951Z level=INFO fiber=#0 message="🔹 Nothing to commit."
timestamp=2026-06-01T14:32:05.966Z level=INFO fiber=#29 message="👷 Block commitment work completed ({\"type\":\"NothingToCommitOutput\"})."
[14:32:06.514] INFO (#193): 🔍 New block confirmation process started.
timestamp=2026-06-01T14:32:06.515Z level=INFO fiber=#432 message="🔍 Starting block confirmation worker..."
[14:32:06.973] INFO (#192): 🔹 New block commitment process started.
[14:32:06.983] INFO (#192): Acquired state-queue mutation lease token=block_commitment:f37cb46f-0c6b-4824-8bc2-8cc2fcde3ed3,holder=block_commitment,expires_at=2026-06-01T14:42:06.974Z
[14:32:07.668] INFO (#192): 🔹 Using live state-queue tail commit base 310430c4cda221327abb443ddd1dd3b8a033017c0c97306b12c663ad0d5b1908#2 from snapshot commit_preflight:310430c4cda221327abb443ddd1dd3b8a033017c0c97306b12c663ad0d5b1908#2:310430c4cda221327abb443ddd1dd3b8a033017c0c97306b12c663ad0d5b1908#2:1780324327668.
timestamp=2026-06-01T14:32:07.668Z level=INFO fiber=#440 message="👷 Starting block commitment worker..."
timestamp=2026-06-01T14:32:07.818Z level=INFO fiber=#0 message="Initializing Lucid..."
timestamp=2026-06-01T14:32:08.122Z level=INFO fiber=#0 message="Lucid built successfully."
[14:32:08.320] INFO (#198): 🔸 Skipping merge because the state-queue mutation lease is busy (active_holder=block_commitment,active_token=block_commitment:f37cb46f-0c6b-4824-8bc2-8cc2fcde3ed3,active_expires_at=2026-06-01T14:42:06.974Z).
timestamp=2026-06-01T14:32:09.432Z level=INFO fiber=#0 message="Initializing Lucid..."
timestamp=2026-06-01T14:32:09.689Z level=INFO fiber=#0 message="Lucid built successfully."
timestamp=2026-06-01T14:32:09.782Z level=INFO fiber=#0 message="📚 Opening connection to db..."
timestamp=2026-06-01T14:32:10.452Z level=INFO fiber=#0 message="🔐 Contract source selected: state_queue=real, hub_oracle=real, deposit=real, tx_order=real, withdrawal=real, settlement=real, reserve=real, payout=real, registered_operators=real, active_operators=real, retired_operators=real, scheduler=real, fraud_proofs.double_spend=real"
timestamp=2026-06-01T14:32:10.453Z level=INFO fiber=#0 message="🔹 Retrieving all mempool transactions..."
timestamp=2026-06-01T14:32:10.489Z level=INFO fiber=#0 message="🏦 Running commit-time deposit ingestion barrier up to 2026-06-01T14:32:10.489Z."
timestamp=2026-06-01T14:32:11.104Z level=INFO fiber=#0 message="🏦 Commit-time deposit barrier reconciled 0 deposit UTxO(s); fetch completed at 2026-06-01T14:32:11.104Z and locked the visibility barrier at 2026-06-01T14:32:10.489Z."
timestamp=2026-06-01T14:32:11.104Z level=INFO fiber=#0 message="Running commit-time withdrawal ingestion barrier up to 2026-06-01T14:32:10.489Z."
timestamp=2026-06-01T14:32:11.160Z level=INFO fiber=#0 message="Commit-time withdrawal barrier reconciled 0 withdrawal UTxO(s); fetch completed at 2026-06-01T14:32:11.160Z and locked the visibility barrier at 2026-06-01T14:32:10.489Z."
timestamp=2026-06-01T14:32:11.162Z level=INFO fiber=#0 message="🔹 Going through mempool txs and finding roots..."
timestamp=2026-06-01T14:32:11.176Z level=INFO fiber=#0 message="🔹 New transaction root found: 0e5751c026e543b2e8ab2eb06099daa1d1e5df47778f7787faab45cdf12fe3a8"
timestamp=2026-06-01T14:32:11.176Z level=INFO fiber=#0 message="🔹 New UTxO root found: b235d0b16cb40eb7d2e851a09c7ae555d1861a6e73d3fef4aaa5e9617158a050"
timestamp=2026-06-01T14:32:11.177Z level=INFO fiber=#0 message="🔹 No transactions were found in MempoolDB, checking ProcessedMempoolDB..."
timestamp=2026-06-01T14:32:11.178Z level=INFO fiber=#0 message="🔹 Previous submitted block is now confirmed, deserializing..."
timestamp=2026-06-01T14:32:11.180Z level=INFO fiber=#0 message="🔹 Checking for user events... (no tx requests in queue)"
timestamp=2026-06-01T14:32:11.181Z level=INFO fiber=#0 message="🔹 Nothing to commit."
timestamp=2026-06-01T14:32:11.192Z level=INFO fiber=#29 message="👷 Block commitment work completed ({\"type\":\"NothingToCommitOutput\"})."
[14:32:12.100] INFO (#194): 🏦 1 deposit UTxOs found.
[14:32:12.111] INFO (#194): 🏦 Reconciled 1 visible deposit UTxO(s) into deposits_utxos.
[14:32:12.204] INFO (#192): 🔹 New block commitment process started.
[14:32:12.209] INFO (#192): Acquired state-queue mutation lease token=block_commitment:a772e025-baaa-47a3-a06f-b03ef9226687,holder=block_commitment,expires_at=2026-06-01T14:42:12.206Z
[14:32:12.814] INFO (#192): 🔹 Using live state-queue tail commit base 310430c4cda221327abb443ddd1dd3b8a033017c0c97306b12c663ad0d5b1908#2 from snapshot commit_preflight:310430c4cda221327abb443ddd1dd3b8a033017c0c97306b12c663ad0d5b1908#2:310430c4cda221327abb443ddd1dd3b8a033017c0c97306b12c663ad0d5b1908#2:1780324332814.
timestamp=2026-06-01T14:32:12.814Z level=INFO fiber=#453 message="👷 Starting block commitment worker..."
timestamp=2026-06-01T14:32:14.299Z level=INFO fiber=#0 message="Initializing Lucid..."
timestamp=2026-06-01T14:32:14.567Z level=INFO fiber=#0 message="Lucid built successfully."
timestamp=2026-06-01T14:32:14.660Z level=INFO fiber=#0 message="📚 Opening connection to db..."
timestamp=2026-06-01T14:32:15.323Z level=INFO fiber=#0 message="🔐 Contract source selected: state_queue=real, hub_oracle=real, deposit=real, tx_order=real, withdrawal=real, settlement=real, reserve=real, payout=real, registered_operators=real, active_operators=real, retired_operators=real, scheduler=real, fraud_proofs.double_spend=real"
timestamp=2026-06-01T14:32:15.324Z level=INFO fiber=#0 message="🔹 Retrieving all mempool transactions..."
timestamp=2026-06-01T14:32:15.374Z level=INFO fiber=#0 message="🏦 Running commit-time deposit ingestion barrier up to 2026-06-01T14:32:15.374Z."
timestamp=2026-06-01T14:32:15.983Z level=INFO fiber=#0 message="🏦 Commit-time deposit barrier reconciled 0 deposit UTxO(s); fetch completed at 2026-06-01T14:32:15.983Z and locked the visibility barrier at 2026-06-01T14:32:15.374Z."
timestamp=2026-06-01T14:32:15.983Z level=INFO fiber=#0 message="Running commit-time withdrawal ingestion barrier up to 2026-06-01T14:32:15.374Z."
timestamp=2026-06-01T14:32:16.038Z level=INFO fiber=#0 message="Commit-time withdrawal barrier reconciled 0 withdrawal UTxO(s); fetch completed at 2026-06-01T14:32:16.038Z and locked the visibility barrier at 2026-06-01T14:32:15.374Z."
timestamp=2026-06-01T14:32:16.040Z level=INFO fiber=#0 message="🔹 Going through mempool txs and finding roots..."
timestamp=2026-06-01T14:32:16.053Z level=INFO fiber=#0 message="🔹 New transaction root found: 0e5751c026e543b2e8ab2eb06099daa1d1e5df47778f7787faab45cdf12fe3a8"
timestamp=2026-06-01T14:32:16.053Z level=INFO fiber=#0 message="🔹 New UTxO root found: b235d0b16cb40eb7d2e851a09c7ae555d1861a6e73d3fef4aaa5e9617158a050"
timestamp=2026-06-01T14:32:16.053Z level=INFO fiber=#0 message="🔹 No transactions were found in MempoolDB, checking ProcessedMempoolDB..."
timestamp=2026-06-01T14:32:16.055Z level=INFO fiber=#0 message="🔹 Previous submitted block is now confirmed, deserializing..."
timestamp=2026-06-01T14:32:16.057Z level=INFO fiber=#0 message="🔹 Checking for user events... (no tx requests in queue)"
timestamp=2026-06-01T14:32:16.057Z level=INFO fiber=#0 message="🔹 Nothing to commit."
timestamp=2026-06-01T14:32:16.070Z level=INFO fiber=#29 message="👷 Block commitment work completed ({\"type\":\"NothingToCommitOutput\"})."
[14:32:17.082] INFO (#192): 🔹 New block commitment process started.
[14:32:17.093] INFO (#192): Acquired state-queue mutation lease token=block_commitment:f8d6869a-5b53-4b85-bded-1fbb8fdd1687,holder=block_commitment,expires_at=2026-06-01T14:42:17.084Z
[14:32:17.738] INFO (#192): 🔹 Using live state-queue tail commit base 310430c4cda221327abb443ddd1dd3b8a033017c0c97306b12c663ad0d5b1908#2 from snapshot commit_preflight:310430c4cda221327abb443ddd1dd3b8a033017c0c97306b12c663ad0d5b1908#2:310430c4cda221327abb443ddd1dd3b8a033017c0c97306b12c663ad0d5b1908#2:1780324337738.
timestamp=2026-06-01T14:32:17.739Z level=INFO fiber=#461 message="👷 Starting block commitment worker..."
[14:32:18.324] INFO (#198): 🔸 Skipping merge because the state-queue mutation lease is busy (active_holder=block_commitment,active_token=block_commitment:f8d6869a-5b53-4b85-bded-1fbb8fdd1687,active_expires_at=2026-06-01T14:42:17.084Z).
[14:32:18.943] INFO (#193): 🔍 New block confirmation process started.
timestamp=2026-06-01T14:32:18.943Z level=INFO fiber=#466 message="🔍 Starting block confirmation worker..."
timestamp=2026-06-01T14:32:19.260Z level=INFO fiber=#0 message="Initializing Lucid..."
timestamp=2026-06-01T14:32:19.530Z level=INFO fiber=#0 message="Lucid built successfully."
timestamp=2026-06-01T14:32:19.646Z level=INFO fiber=#0 message="📚 Opening connection to db..."
timestamp=2026-06-01T14:32:20.431Z level=INFO fiber=#0 message="🔐 Contract source selected: state_queue=real, hub_oracle=real, deposit=real, tx_order=real, withdrawal=real, settlement=real, reserve=real, payout=real, registered_operators=real, active_operators=real, retired_operators=real, scheduler=real, fraud_proofs.double_spend=real"
timestamp=2026-06-01T14:32:20.432Z level=INFO fiber=#0 message="🔹 Retrieving all mempool transactions..."
timestamp=2026-06-01T14:32:20.472Z level=INFO fiber=#0 message="🏦 Running commit-time deposit ingestion barrier up to 2026-06-01T14:32:20.472Z."
timestamp=2026-06-01T14:32:20.486Z level=INFO fiber=#0 message="Initializing Lucid..."
timestamp=2026-06-01T14:32:20.754Z level=INFO fiber=#0 message="Lucid built successfully."
timestamp=2026-06-01T14:32:21.079Z level=INFO fiber=#0 message="🏦 Commit-time deposit barrier reconciled 0 deposit UTxO(s); fetch completed at 2026-06-01T14:32:21.079Z and locked the visibility barrier at 2026-06-01T14:32:20.472Z."
timestamp=2026-06-01T14:32:21.079Z level=INFO fiber=#0 message="Running commit-time withdrawal ingestion barrier up to 2026-06-01T14:32:20.472Z."
timestamp=2026-06-01T14:32:21.132Z level=INFO fiber=#0 message="Commit-time withdrawal barrier reconciled 0 withdrawal UTxO(s); fetch completed at 2026-06-01T14:32:21.132Z and locked the visibility barrier at 2026-06-01T14:32:20.472Z."
timestamp=2026-06-01T14:32:21.134Z level=INFO fiber=#0 message="🔹 Going through mempool txs and finding roots..."
timestamp=2026-06-01T14:32:21.149Z level=INFO fiber=#0 message="🔹 New transaction root found: 0e5751c026e543b2e8ab2eb06099daa1d1e5df47778f7787faab45cdf12fe3a8"
timestamp=2026-06-01T14:32:21.149Z level=INFO fiber=#0 message="🔹 New UTxO root found: b235d0b16cb40eb7d2e851a09c7ae555d1861a6e73d3fef4aaa5e9617158a050"
timestamp=2026-06-01T14:32:21.149Z level=INFO fiber=#0 message="🔹 No transactions were found in MempoolDB, checking ProcessedMempoolDB..."
timestamp=2026-06-01T14:32:21.151Z level=INFO fiber=#0 message="🔹 Previous submitted block is now confirmed, deserializing..."
timestamp=2026-06-01T14:32:21.155Z level=INFO fiber=#0 message="🔹 Checking for user events... (no tx requests in queue)"
timestamp=2026-06-01T14:32:21.156Z level=INFO fiber=#0 message="🔹 Nothing to commit."
timestamp=2026-06-01T14:32:21.171Z level=INFO fiber=#29 message="👷 Block commitment work completed ({\"type\":\"NothingToCommitOutput\"})."
[14:32:22.183] INFO (#192): 🔹 New block commitment process started.
[14:32:22.187] INFO (#192): Acquired state-queue mutation lease token=block_commitment:6905b407-3308-40de-a326-708303a47dcf,holder=block_commitment,expires_at=2026-06-01T14:42:22.184Z
[14:32:22.711] INFO (#194): 🏦 1 deposit UTxOs found.
[14:32:22.714] INFO (#194): 🏦 Reconciled 1 visible deposit UTxO(s) into deposits_utxos.
[14:32:22.842] INFO (#192): 🔹 Using live state-queue tail commit base 310430c4cda221327abb443ddd1dd3b8a033017c0c97306b12c663ad0d5b1908#2 from snapshot commit_preflight:310430c4cda221327abb443ddd1dd3b8a033017c0c97306b12c663ad0d5b1908#2:310430c4cda221327abb443ddd1dd3b8a033017c0c97306b12c663ad0d5b1908#2:1780324342842.
timestamp=2026-06-01T14:32:22.842Z level=INFO fiber=#475 message="👷 Starting block commitment worker..."
timestamp=2026-06-01T14:32:24.307Z level=INFO fiber=#0 message="Initializing Lucid..."
timestamp=2026-06-01T14:32:24.547Z level=INFO fiber=#0 message="Lucid built successfully."
timestamp=2026-06-01T14:32:24.639Z level=INFO fiber=#0 message="📚 Opening connection to db..."
timestamp=2026-06-01T14:32:25.305Z level=INFO fiber=#0 message="🔐 Contract source selected: state_queue=real, hub_oracle=real, deposit=real, tx_order=real, withdrawal=real, settlement=real, reserve=real, payout=real, registered_operators=real, active_operators=real, retired_operators=real, scheduler=real, fraud_proofs.double_spend=real"
timestamp=2026-06-01T14:32:25.306Z level=INFO fiber=#0 message="🔹 Retrieving all mempool transactions..."
timestamp=2026-06-01T14:32:25.340Z level=INFO fiber=#0 message="🏦 Running commit-time deposit ingestion barrier up to 2026-06-01T14:32:25.340Z."
timestamp=2026-06-01T14:32:25.964Z level=INFO fiber=#0 message="🏦 Commit-time deposit barrier reconciled 0 deposit UTxO(s); fetch completed at 2026-06-01T14:32:25.963Z and locked the visibility barrier at 2026-06-01T14:32:25.340Z."
timestamp=2026-06-01T14:32:25.964Z level=INFO fiber=#0 message="Running commit-time withdrawal ingestion barrier up to 2026-06-01T14:32:25.340Z."
timestamp=2026-06-01T14:32:26.018Z level=INFO fiber=#0 message="Commit-time withdrawal barrier reconciled 0 withdrawal UTxO(s); fetch completed at 2026-06-01T14:32:26.018Z and locked the visibility barrier at 2026-06-01T14:32:25.340Z."
timestamp=2026-06-01T14:32:26.020Z level=INFO fiber=#0 message="🔹 Going through mempool txs and finding roots..."
timestamp=2026-06-01T14:32:26.033Z level=INFO fiber=#0 message="🔹 New transaction root found: 0e5751c026e543b2e8ab2eb06099daa1d1e5df47778f7787faab45cdf12fe3a8"
timestamp=2026-06-01T14:32:26.034Z level=INFO fiber=#0 message="🔹 New UTxO root found: b235d0b16cb40eb7d2e851a09c7ae555d1861a6e73d3fef4aaa5e9617158a050"
timestamp=2026-06-01T14:32:26.034Z level=INFO fiber=#0 message="🔹 No transactions were found in MempoolDB, checking ProcessedMempoolDB..."
timestamp=2026-06-01T14:32:26.036Z level=INFO fiber=#0 message="🔹 Previous submitted block is now confirmed, deserializing..."
timestamp=2026-06-01T14:32:26.039Z level=INFO fiber=#0 message="🔹 Checking for user events... (no tx requests in queue)"
timestamp=2026-06-01T14:32:26.039Z level=INFO fiber=#0 message="🔹 Nothing to commit."
timestamp=2026-06-01T14:32:26.054Z level=INFO fiber=#29 message="👷 Block commitment work completed ({\"type\":\"NothingToCommitOutput\"})."
[14:32:27.066] INFO (#192): 🔹 New block commitment process started.
[14:32:27.076] INFO (#192): Acquired state-queue mutation lease token=block_commitment:b3c11a62-b287-4e9f-aba5-c7747ef6b72b,holder=block_commitment,expires_at=2026-06-01T14:42:27.068Z
[14:32:27.731] INFO (#192): 🔹 Using live state-queue tail commit base 310430c4cda221327abb443ddd1dd3b8a033017c0c97306b12c663ad0d5b1908#2 from snapshot commit_preflight:310430c4cda221327abb443ddd1dd3b8a033017c0c97306b12c663ad0d5b1908#2:310430c4cda221327abb443ddd1dd3b8a033017c0c97306b12c663ad0d5b1908#2:1780324347731.
timestamp=2026-06-01T14:32:27.731Z level=INFO fiber=#483 message="👷 Starting block commitment worker..."
[14:32:28.328] INFO (#198): 🔸 Skipping merge because the state-queue mutation lease is busy (active_holder=block_commitment,active_token=block_commitment:b3c11a62-b287-4e9f-aba5-c7747ef6b72b,active_expires_at=2026-06-01T14:42:27.068Z).
timestamp=2026-06-01T14:32:29.232Z level=INFO fiber=#0 message="Initializing Lucid..."
timestamp=2026-06-01T14:32:29.541Z level=INFO fiber=#0 message="Lucid built successfully."
timestamp=2026-06-01T14:32:29.637Z level=INFO fiber=#0 message="📚 Opening connection to db..."
timestamp=2026-06-01T14:32:30.361Z level=INFO fiber=#0 message="🔐 Contract source selected: state_queue=real, hub_oracle=real, deposit=real, tx_order=real, withdrawal=real, settlement=real, reserve=real, payout=real, registered_operators=real, active_operators=real, retired_operators=real, scheduler=real, fraud_proofs.double_spend=real"
timestamp=2026-06-01T14:32:30.361Z level=INFO fiber=#0 message="🔹 Retrieving all mempool transactions..."
timestamp=2026-06-01T14:32:30.391Z level=INFO fiber=#0 message="🏦 Running commit-time deposit ingestion barrier up to 2026-06-01T14:32:30.391Z."
timestamp=2026-06-01T14:32:31.009Z level=INFO fiber=#0 message="🏦 Commit-time deposit barrier reconciled 0 deposit UTxO(s); fetch completed at 2026-06-01T14:32:31.009Z and locked the visibility barrier at 2026-06-01T14:32:30.391Z."
timestamp=2026-06-01T14:32:31.009Z level=INFO fiber=#0 message="Running commit-time withdrawal ingestion barrier up to 2026-06-01T14:32:30.391Z."
timestamp=2026-06-01T14:32:31.068Z level=INFO fiber=#0 message="Commit-time withdrawal barrier reconciled 0 withdrawal UTxO(s); fetch completed at 2026-06-01T14:32:31.068Z and locked the visibility barrier at 2026-06-01T14:32:30.391Z."
timestamp=2026-06-01T14:32:31.069Z level=INFO fiber=#0 message="🔹 Going through mempool txs and finding roots..."
timestamp=2026-06-01T14:32:31.083Z level=INFO fiber=#0 message="🔹 New transaction root found: 0e5751c026e543b2e8ab2eb06099daa1d1e5df47778f7787faab45cdf12fe3a8"
timestamp=2026-06-01T14:32:31.084Z level=INFO fiber=#0 message="🔹 New UTxO root found: b235d0b16cb40eb7d2e851a09c7ae555d1861a6e73d3fef4aaa5e9617158a050"
timestamp=2026-06-01T14:32:31.084Z level=INFO fiber=#0 message="🔹 No transactions were found in MempoolDB, checking ProcessedMempoolDB..."
timestamp=2026-06-01T14:32:31.086Z level=INFO fiber=#0 message="🔹 Previous submitted block is now confirmed, deserializing..."
timestamp=2026-06-01T14:32:31.088Z level=INFO fiber=#0 message="🔹 Checking for user events... (no tx requests in queue)"
timestamp=2026-06-01T14:32:31.089Z level=INFO fiber=#0 message="🔹 Nothing to commit."
timestamp=2026-06-01T14:32:31.104Z level=INFO fiber=#29 message="👷 Block commitment work completed ({\"type\":\"NothingToCommitOutput\"})."
[14:32:31.423] INFO (#193): 🔍 New block confirmation process started.
timestamp=2026-06-01T14:32:31.423Z level=INFO fiber=#488 message="🔍 Starting block confirmation worker..."
[14:32:32.115] INFO (#192): 🔹 New block commitment process started.
[14:32:32.124] INFO (#192): Acquired state-queue mutation lease token=block_commitment:c4667a68-2621-4d68-9394-a926dffeb63f,holder=block_commitment,expires_at=2026-06-01T14:42:32.116Z
timestamp=2026-06-01T14:32:32.698Z level=INFO fiber=#0 message="Initializing Lucid..."
[14:32:32.727] INFO (#192): 🔹 Using live state-queue tail commit base 310430c4cda221327abb443ddd1dd3b8a033017c0c97306b12c663ad0d5b1908#2 from snapshot commit_preflight:310430c4cda221327abb443ddd1dd3b8a033017c0c97306b12c663ad0d5b1908#2:310430c4cda221327abb443ddd1dd3b8a033017c0c97306b12c663ad0d5b1908#2:1780324352727.
timestamp=2026-06-01T14:32:32.728Z level=INFO fiber=#497 message="👷 Starting block commitment worker..."
timestamp=2026-06-01T14:32:32.993Z level=INFO fiber=#0 message="Lucid built successfully."
[14:32:33.320] INFO (#194): 🏦 1 deposit UTxOs found.
[14:32:33.330] INFO (#194): 🏦 Reconciled 1 visible deposit UTxO(s) into deposits_utxos.
timestamp=2026-06-01T14:32:34.449Z level=INFO fiber=#0 message="Initializing Lucid..."
timestamp=2026-06-01T14:32:34.736Z level=INFO fiber=#0 message="Lucid built successfully."
timestamp=2026-06-01T14:32:34.831Z level=INFO fiber=#0 message="📚 Opening connection to db..."
timestamp=2026-06-01T14:32:35.510Z level=INFO fiber=#0 message="🔐 Contract source selected: state_queue=real, hub_oracle=real, deposit=real, tx_order=real, withdrawal=real, settlement=real, reserve=real, payout=real, registered_operators=real, active_operators=real, retired_operators=real, scheduler=real, fraud_proofs.double_spend=real"
timestamp=2026-06-01T14:32:35.511Z level=INFO fiber=#0 message="🔹 Retrieving all mempool transactions..."
timestamp=2026-06-01T14:32:35.541Z level=INFO fiber=#0 message="🏦 Running commit-time deposit ingestion barrier up to 2026-06-01T14:32:35.541Z."
timestamp=2026-06-01T14:32:36.157Z level=INFO fiber=#0 message="🏦 Commit-time deposit barrier reconciled 0 deposit UTxO(s); fetch completed at 2026-06-01T14:32:36.157Z and locked the visibility barrier at 2026-06-01T14:32:35.541Z."
timestamp=2026-06-01T14:32:36.157Z level=INFO fiber=#0 message="Running commit-time withdrawal ingestion barrier up to 2026-06-01T14:32:35.541Z."
timestamp=2026-06-01T14:32:36.219Z level=INFO fiber=#0 message="Commit-time withdrawal barrier reconciled 0 withdrawal UTxO(s); fetch completed at 2026-06-01T14:32:36.219Z and locked the visibility barrier at 2026-06-01T14:32:35.541Z."
timestamp=2026-06-01T14:32:36.221Z level=INFO fiber=#0 message="🔹 Going through mempool txs and finding roots..."
timestamp=2026-06-01T14:32:36.234Z level=INFO fiber=#0 message="🔹 New transaction root found: 0e5751c026e543b2e8ab2eb06099daa1d1e5df47778f7787faab45cdf12fe3a8"
timestamp=2026-06-01T14:32:36.235Z level=INFO fiber=#0 message="🔹 New UTxO root found: b235d0b16cb40eb7d2e851a09c7ae555d1861a6e73d3fef4aaa5e9617158a050"
timestamp=2026-06-01T14:32:36.235Z level=INFO fiber=#0 message="🔹 No transactions were found in MempoolDB, checking ProcessedMempoolDB..."
timestamp=2026-06-01T14:32:36.236Z level=INFO fiber=#0 message="🔹 Previous submitted block is now confirmed, deserializing..."
timestamp=2026-06-01T14:32:36.238Z level=INFO fiber=#0 message="🔹 Checking for user events... (no tx requests in queue)"
timestamp=2026-06-01T14:32:36.239Z level=INFO fiber=#0 message="🔹 Nothing to commit."
timestamp=2026-06-01T14:32:36.252Z level=INFO fiber=#29 message="👷 Block commitment work completed ({\"type\":\"NothingToCommitOutput\"})."
[14:32:37.266] INFO (#192): 🔹 New block commitment process started.
[14:32:37.270] INFO (#192): Acquired state-queue mutation lease token=block_commitment:ed5e6d1b-5a18-43ac-af88-478f0fd7e4a4,holder=block_commitment,expires_at=2026-06-01T14:42:37.267Z
[14:32:37.951] INFO (#192): 🔹 Using live state-queue tail commit base 310430c4cda221327abb443ddd1dd3b8a033017c0c97306b12c663ad0d5b1908#2 from snapshot commit_preflight:310430c4cda221327abb443ddd1dd3b8a033017c0c97306b12c663ad0d5b1908#2:310430c4cda221327abb443ddd1dd3b8a033017c0c97306b12c663ad0d5b1908#2:1780324357951.
timestamp=2026-06-01T14:32:37.952Z level=INFO fiber=#505 message="👷 Starting block commitment worker..."
[14:32:38.332] INFO (#198): 🔸 Skipping merge because the state-queue mutation lease is busy (active_holder=block_commitment,active_token=block_commitment:ed5e6d1b-5a18-43ac-af88-478f0fd7e4a4,active_expires_at=2026-06-01T14:42:37.267Z).
timestamp=2026-06-01T14:32:39.459Z level=INFO fiber=#0 message="Initializing Lucid..."
timestamp=2026-06-01T14:32:39.702Z level=INFO fiber=#0 message="Lucid built successfully."
timestamp=2026-06-01T14:32:39.795Z level=INFO fiber=#0 message="📚 Opening connection to db..."
timestamp=2026-06-01T14:32:40.459Z level=INFO fiber=#0 message="🔐 Contract source selected: state_queue=real, hub_oracle=real, deposit=real, tx_order=real, withdrawal=real, settlement=real, reserve=real, payout=real, registered_operators=real, active_operators=real, retired_operators=real, scheduler=real, fraud_proofs.double_spend=real"
timestamp=2026-06-01T14:32:40.460Z level=INFO fiber=#0 message="🔹 Retrieving all mempool transactions..."
timestamp=2026-06-01T14:32:40.495Z level=INFO fiber=#0 message="🏦 Running commit-time deposit ingestion barrier up to 2026-06-01T14:32:40.495Z."
timestamp=2026-06-01T14:32:41.105Z level=INFO fiber=#0 message="🏦 1 deposit UTxOs found."
timestamp=2026-06-01T14:32:41.120Z level=INFO fiber=#0 message="🏦 Commit-time deposit barrier reconciled 1 deposit UTxO(s); fetch completed at 2026-06-01T14:32:41.120Z and locked the visibility barrier at 2026-06-01T14:32:40.495Z."
timestamp=2026-06-01T14:32:41.121Z level=INFO fiber=#0 message="Running commit-time withdrawal ingestion barrier up to 2026-06-01T14:32:40.495Z."
timestamp=2026-06-01T14:32:41.175Z level=INFO fiber=#0 message="Commit-time withdrawal barrier reconciled 0 withdrawal UTxO(s); fetch completed at 2026-06-01T14:32:41.175Z and locked the visibility barrier at 2026-06-01T14:32:40.495Z."
timestamp=2026-06-01T14:32:41.177Z level=INFO fiber=#0 message="🔹 Going through mempool txs and finding roots..."
timestamp=2026-06-01T14:32:41.196Z level=INFO fiber=#26 message="👷 Block commitment work completed ({\"type\":\"FailureOutput\",\"error\":\"Block commitment worker failure: DatabaseError: Refusing to build a block because one or more deposits due for an earlier block were never assigned to a header\n    at file:///app/dist/chunk-VCBL27ZS.js:1:5641\n    at sql.transaction\"})."
[14:32:41.203] WARN (#192):
  WorkerError: Commitment worker failed
      at Worker.<anonymous> (file:///app/dist/index.js:1094:21075)
      at Worker.emit (node:events:519:28)
      at MessagePort.<anonymous> (node:internal/worker:270:53)
      at [nodejs.internal.kHybridDispatch] (node:internal/event_target:843:20)
      at MessagePort.<anonymous> (node:internal/per_context/messageport:23:28)
      at buildAndSubmitCommitmentBlockAction (file:///app/dist/index.js:1094:24510)
      at block-commitment-fiber (file:///app/dist/index.js:1094:24894)
      at midgard (file:///app/dist/index.js:1121:14031) {
    [cause]: Error: Block commitment worker failure: DatabaseError: Refusing to build a block because one or more deposits due for an earlier block were never assigned to a header
        at file:///app/dist/chunk-VCBL27ZS.js:1:5641
        at sql.transaction
  }
[14:32:42.207] INFO (#192): 🔹 New block commitment process started.
[14:32:42.217] INFO (#192): Acquired state-queue mutation lease token=block_commitment:70e17762-4e27-4bab-a8ab-a35d08eb64bf,holder=block_commitment,expires_at=2026-06-01T14:42:42.209Z
[14:32:42.839] INFO (#192): 🔹 Using live state-queue tail commit base 310430c4cda221327abb443ddd1dd3b8a033017c0c97306b12c663ad0d5b1908#2 from snapshot commit_preflight:310430c4cda221327abb443ddd1dd3b8a033017c0c97306b12c663ad0d5b1908#2:310430c4cda221327abb443ddd1dd3b8a033017c0c97306b12c663ad0d5b1908#2:1780324362839.
timestamp=2026-06-01T14:32:42.839Z level=INFO fiber=#517 message="👷 Starting block commitment worker..."
[14:32:43.785] INFO (#193): 🔍 New block confirmation process started.
timestamp=2026-06-01T14:32:43.785Z level=INFO fiber=#519 message="🔍 Starting block confirmation worker..."
[14:32:43.949] INFO (#194): 🏦 1 deposit UTxOs found.
[14:32:43.959] INFO (#194): 🏦 Reconciled 1 visible deposit UTxO(s) into deposits_utxos.
timestamp=2026-06-01T14:32:44.460Z level=INFO fiber=#0 message="Initializing Lucid..."
timestamp=2026-06-01T14:32:44.752Z level=INFO fiber=#0 message="Lucid built successfully."
timestamp=2026-06-01T14:32:44.873Z level=INFO fiber=#0 message="📚 Opening connection to db..."
timestamp=2026-06-01T14:32:45.399Z level=INFO fiber=#0 message="Initializing Lucid..."
timestamp=2026-06-01T14:32:45.677Z level=INFO fiber=#0 message="🔐 Contract source selected: state_queue=real, hub_oracle=real, deposit=real, tx_order=real, withdrawal=real, settlement=real, reserve=real, payout=real, registered_operators=real, active_operators=real, retired_operators=real, scheduler=real, fraud_proofs.double_spend=real"
timestamp=2026-06-01T14:32:45.678Z level=INFO fiber=#0 message="🔹 Retrieving all mempool transactions..."
timestamp=2026-06-01T14:32:45.694Z level=INFO fiber=#0 message="Lucid built successfully."
timestamp=2026-06-01T14:32:45.719Z level=INFO fiber=#0 message="🏦 Running commit-time deposit ingestion barrier up to 2026-06-01T14:32:45.719Z."
timestamp=2026-06-01T14:32:46.338Z level=INFO fiber=#0 message="🏦 1 deposit UTxOs found."
timestamp=2026-06-01T14:32:46.351Z level=INFO fiber=#0 message="🏦 Commit-time deposit barrier reconciled 1 deposit UTxO(s); fetch completed at 2026-06-01T14:32:46.351Z and locked the visibility barrier at 2026-06-01T14:32:45.719Z."
timestamp=2026-06-01T14:32:46.352Z level=INFO fiber=#0 message="Running commit-time withdrawal ingestion barrier up to 2026-06-01T14:32:45.719Z."
timestamp=2026-06-01T14:32:46.409Z level=INFO fiber=#0 message="Commit-time withdrawal barrier reconciled 0 withdrawal UTxO(s); fetch completed at 2026-06-01T14:32:46.409Z and locked the visibility barrier at 2026-06-01T14:32:45.719Z."
timestamp=2026-06-01T14:32:46.410Z level=INFO fiber=#0 message="🔹 Going through mempool txs and finding roots..."
timestamp=2026-06-01T14:32:46.428Z level=INFO fiber=#26 message="👷 Block commitment work completed ({\"type\":\"FailureOutput\",\"error\":\"Block commitment worker failure: DatabaseError: Refusing to build a block because one or more deposits due for an earlier block were never assigned to a header\n    at file:///app/dist/chunk-VCBL27ZS.js:1:5641\n    at sql.transaction\"})."
[14:32:46.433] WARN (#192):
  WorkerError: Commitment worker failed
      at Worker.<anonymous> (file:///app/dist/index.js:1094:21075)
      at Worker.emit (node:events:519:28)
      at MessagePort.<anonymous> (node:internal/worker:270:53)
      at [nodejs.internal.kHybridDispatch] (node:internal/event_target:843:20)
      at MessagePort.<anonymous> (node:internal/per_context/messageport:23:28)
      at buildAndSubmitCommitmentBlockAction (file:///app/dist/index.js:1094:24510)
      at block-commitment-fiber (file:///app/dist/index.js:1094:24894)
      at midgard (file:///app/dist/index.js:1121:14031) {
    [cause]: Error: Block commitment worker failure: DatabaseError: Refusing to build a block because one or more deposits due for an earlier block were never assigned to a header
        at file:///app/dist/chunk-VCBL27ZS.js:1:5641
        at sql.transaction
  }
[14:32:47.435] INFO (#192): 🔹 New block commitment process started.
[14:32:47.445] INFO (#192): Acquired state-queue mutation lease token=block_commitment:57871914-5761-44b0-ba96-59fb46754994,holder=block_commitment,expires_at=2026-06-01T14:42:47.437Z
[14:32:48.062] INFO (#192): 🔹 Using live state-queue tail commit base 310430c4cda221327abb443ddd1dd3b8a033017c0c97306b12c663ad0d5b1908#2 from snapshot commit_preflight:310430c4cda221327abb443ddd1dd3b8a033017c0c97306b12c663ad0d5b1908#2:310430c4cda221327abb443ddd1dd3b8a033017c0c97306b12c663ad0d5b1908#2:1780324368062.
timestamp=2026-06-01T14:32:48.063Z level=INFO fiber=#527 message="👷 Starting block commitment worker..."
[14:32:48.337] INFO (#198): 🔸 Skipping merge because the state-queue mutation lease is busy (active_holder=block_commitment,active_token=block_commitment:57871914-5761-44b0-ba96-59fb46754994,active_expires_at=2026-06-01T14:42:47.437Z).
[14:32:48.343] INFO (#196): 🏦 Reconciled 0 projected deposit UTxO(s) and projected 1 awaiting deposit UTxO(s) into mempool_ledger.
timestamp=2026-06-01T14:32:49.685Z level=INFO fiber=#0 message="Initializing Lucid..."
timestamp=2026-06-01T14:32:49.936Z level=INFO fiber=#0 message="Lucid built successfully."
timestamp=2026-06-01T14:32:50.030Z level=INFO fiber=#0 message="📚 Opening connection to db..."
timestamp=2026-06-01T14:32:50.690Z level=INFO fiber=#0 message="🔐 Contract source selected: state_queue=real, hub_oracle=real, deposit=real, tx_order=real, withdrawal=real, settlement=real, reserve=real, payout=real, registered_operators=real, active_operators=real, retired_operators=real, scheduler=real, fraud_proofs.double_spend=real"
timestamp=2026-06-01T14:32:50.691Z level=INFO fiber=#0 message="🔹 Retrieving all mempool transactions..."
timestamp=2026-06-01T14:32:50.727Z level=INFO fiber=#0 message="🏦 Running commit-time deposit ingestion barrier up to 2026-06-01T14:32:50.727Z."
timestamp=2026-06-01T14:32:51.336Z level=INFO fiber=#0 message="🏦 1 deposit UTxOs found."
timestamp=2026-06-01T14:32:51.343Z level=INFO fiber=#0 message="🏦 Commit-time deposit barrier reconciled 1 deposit UTxO(s); fetch completed at 2026-06-01T14:32:51.343Z and locked the visibility barrier at 2026-06-01T14:32:50.727Z."
timestamp=2026-06-01T14:32:51.344Z level=INFO fiber=#0 message="Running commit-time withdrawal ingestion barrier up to 2026-06-01T14:32:50.727Z."
timestamp=2026-06-01T14:32:51.396Z level=INFO fiber=#0 message="Commit-time withdrawal barrier reconciled 0 withdrawal UTxO(s); fetch completed at 2026-06-01T14:32:51.396Z and locked the visibility barrier at 2026-06-01T14:32:50.727Z."
timestamp=2026-06-01T14:32:51.398Z level=INFO fiber=#0 message="🔹 Going through mempool txs and finding roots..."
timestamp=2026-06-01T14:32:51.404Z level=WARN fiber=#0 message="Re-including 1 previously projected deposit UTxO(s) whose prior header assignment was abandoned before confirmation."
timestamp=2026-06-01T14:32:51.413Z level=INFO fiber=#0 message="🔹 Applying 1 projected deposit UTxO(s) to the block pre-state."
timestamp=2026-06-01T14:32:51.423Z level=INFO fiber=#0 message="🔹 New transaction root found: 0e5751c026e543b2e8ab2eb06099daa1d1e5df47778f7787faab45cdf12fe3a8"
timestamp=2026-06-01T14:32:51.423Z level=INFO fiber=#0 message="🔹 New UTxO root found: d20361c2ae2eef849ae9795aeec6a61a4b72aa44e1462ac47609bcb7cab4bd50"
timestamp=2026-06-01T14:32:51.423Z level=INFO fiber=#0 message="🔹 Commitment pre-state includes 1 due deposit UTxO(s)."
timestamp=2026-06-01T14:32:51.424Z level=INFO fiber=#0 message="🔹 No transactions were found in MempoolDB, checking ProcessedMempoolDB..."
timestamp=2026-06-01T14:32:51.426Z level=INFO fiber=#0 message="🔹 Previous submitted block is now confirmed, deserializing..."
timestamp=2026-06-01T14:32:51.429Z level=INFO fiber=#0 message="🔹 Checking for user events... (no tx requests in queue)"
timestamp=2026-06-01T14:32:51.432Z level=INFO fiber=#0 message="🔹 Deposits root is: 4db89534c4fcaa7f08a14dfb5f9096bf8f92a8b2eed7b8ca76da5b5585e7131e"
timestamp=2026-06-01T14:32:51.433Z level=INFO fiber=#0 message="🔹 Withdrawals root is: 0e5751c026e543b2e8ab2eb06099daa1d1e5df47778f7787faab45cdf12fe3a8"
timestamp=2026-06-01T14:32:52.044Z level=INFO fiber=#0 message=allBlocks message=1
[14:32:54.624] INFO (#194): 🏦 1 deposit UTxOs found.
[14:32:54.633] INFO (#194): 🏦 Reconciled 1 visible deposit UTxO(s) into deposits_utxos.
[14:32:56.362] INFO (#193): 🔍 New block confirmation process started.
timestamp=2026-06-01T14:32:56.362Z level=INFO fiber=#533 message="🔍 Starting block confirmation worker..."
timestamp=2026-06-01T14:32:57.668Z level=INFO fiber=#0 message="Initializing Lucid..."
timestamp=2026-06-01T14:32:57.961Z level=INFO fiber=#0 message="Lucid built successfully."
[14:32:58.341] INFO (#198): 🔸 Skipping merge because the state-queue mutation lease is busy (active_holder=block_commitment,active_token=block_commitment:57871914-5761-44b0-ba96-59fb46754994,active_expires_at=2026-06-01T14:42:47.437Z).
[14:33:05.289] INFO (#194): 🏦 1 deposit UTxOs found.
[14:33:05.299] INFO (#194): 🏦 Reconciled 1 visible deposit UTxO(s) into deposits_utxos.
[14:33:08.347] INFO (#198): 🔸 Skipping merge because the state-queue mutation lease is busy (active_holder=block_commitment,active_token=block_commitment:57871914-5761-44b0-ba96-59fb46754994,active_expires_at=2026-06-01T14:42:47.437Z).
[14:33:08.606] INFO (#193): 🔍 New block confirmation process started.
timestamp=2026-06-01T14:33:08.606Z level=INFO fiber=#542 message="🔍 Starting block confirmation worker..."
timestamp=2026-06-01T14:33:09.708Z level=INFO fiber=#35 message="👷 Block commitment work completed ({\"type\":\"FailureOutput\",\"error\":\"Block commitment worker failure: StateQueueError: Current operator is not eligible to advance or rewind the scheduler for this commit window\n    at catch (file:///app/dist/chunk-CKZSUX7I.js:1:13434)\n    at file:///app/node_modules/.pnpm/effect@3.21.2/node_modules/effect/dist/esm/internal/core-effect.js:50:55\"})."
[14:33:09.718] WARN (#192):
  WorkerError: Commitment worker failed
      at Worker.<anonymous> (file:///app/dist/index.js:1094:21075)
      at Worker.emit (node:events:519:28)
      at MessagePort.<anonymous> (node:internal/worker:270:53)
      at [nodejs.internal.kHybridDispatch] (node:internal/event_target:843:20)
      at MessagePort.<anonymous> (node:internal/per_context/messageport:23:28)
      at buildAndSubmitCommitmentBlockAction (file:///app/dist/index.js:1094:24510)
      at block-commitment-fiber (file:///app/dist/index.js:1094:24894)
      at midgard (file:///app/dist/index.js:1121:14031) {
    [cause]: Error: Block commitment worker failure: StateQueueError: Current operator is not eligible to advance or rewind the scheduler for this commit window
        at catch (file:///app/dist/chunk-CKZSUX7I.js:1:13434)
        at file:///app/node_modules/.pnpm/effect@3.21.2/node_modules/effect/dist/esm/internal/core-effect.js:50:55
  }
timestamp=2026-06-01T14:33:09.911Z level=INFO fiber=#0 message="Initializing Lucid..."
timestamp=2026-06-01T14:33:10.227Z level=INFO fiber=#0 message="Lucid built successfully."
[14:33:10.720] INFO (#192): 🔹 New block commitment process started.
[14:33:10.730] INFO (#192): Acquired state-queue mutation lease token=block_commitment:be1ef3d8-9325-4f2f-bc6f-18d969967b9e,holder=block_commitment,expires_at=2026-06-01T14:43:10.722Z
[14:33:11.339] INFO (#192): 🔹 Using live state-queue tail commit base 310430c4cda221327abb443ddd1dd3b8a033017c0c97306b12c663ad0d5b1908#2 from snapshot commit_preflight:310430c4cda221327abb443ddd1dd3b8a033017c0c97306b12c663ad0d5b1908#2:310430c4cda221327abb443ddd1dd3b8a033017c0c97306b12c663ad0d5b1908#2:1780324391339.
timestamp=2026-06-01T14:33:11.339Z level=INFO fiber=#551 message="👷 Starting block commitment worker..."
timestamp=2026-06-01T14:33:13.008Z level=INFO fiber=#0 message="Initializing Lucid..."
timestamp=2026-06-01T14:33:13.300Z level=INFO fiber=#0 message="Lucid built successfully."
timestamp=2026-06-01T14:33:13.409Z level=INFO fiber=#0 message="📚 Opening connection to db..."
timestamp=2026-06-01T14:33:14.181Z level=INFO fiber=#0 message="🔐 Contract source selected: state_queue=real, hub_oracle=real, deposit=real, tx_order=real, withdrawal=real, settlement=real, reserve=real, payout=real, registered_operators=real, active_operators=real, retired_operators=real, scheduler=real, fraud_proofs.double_spend=real"
timestamp=2026-06-01T14:33:14.181Z level=INFO fiber=#0 message="🔹 Retrieving all mempool transactions..."
timestamp=2026-06-01T14:33:14.213Z level=INFO fiber=#0 message="🏦 Running commit-time deposit ingestion barrier up to 2026-06-01T14:33:14.213Z."
timestamp=2026-06-01T14:33:14.829Z level=INFO fiber=#0 message="🏦 1 deposit UTxOs found."
timestamp=2026-06-01T14:33:14.842Z level=INFO fiber=#0 message="🏦 Commit-time deposit barrier reconciled 1 deposit UTxO(s); fetch completed at 2026-06-01T14:33:14.842Z and locked the visibility barrier at 2026-06-01T14:33:14.213Z."
timestamp=2026-06-01T14:33:14.843Z level=INFO fiber=#0 message="Running commit-time withdrawal ingestion barrier up to 2026-06-01T14:33:14.213Z."
timestamp=2026-06-01T14:33:14.910Z level=INFO fiber=#0 message="Commit-time withdrawal barrier reconciled 0 withdrawal UTxO(s); fetch completed at 2026-06-01T14:33:14.910Z and locked the visibility barrier at 2026-06-01T14:33:14.213Z."
timestamp=2026-06-01T14:33:14.912Z level=INFO fiber=#0 message="🔹 Going through mempool txs and finding roots..."
timestamp=2026-06-01T14:33:14.917Z level=WARN fiber=#0 message="Re-including 1 previously projected deposit UTxO(s) whose prior header assignment was abandoned before confirmation."
timestamp=2026-06-01T14:33:14.926Z level=INFO fiber=#0 message="🔹 Applying 1 projected deposit UTxO(s) to the block pre-state."
timestamp=2026-06-01T14:33:14.933Z level=INFO fiber=#0 message="🔹 New transaction root found: 0e5751c026e543b2e8ab2eb06099daa1d1e5df47778f7787faab45cdf12fe3a8"
timestamp=2026-06-01T14:33:14.933Z level=INFO fiber=#0 message="🔹 New UTxO root found: d20361c2ae2eef849ae9795aeec6a61a4b72aa44e1462ac47609bcb7cab4bd50"
timestamp=2026-06-01T14:33:14.934Z level=INFO fiber=#0 message="🔹 Commitment pre-state includes 1 due deposit UTxO(s)."
timestamp=2026-06-01T14:33:14.934Z level=INFO fiber=#0 message="🔹 No transactions were found in MempoolDB, checking ProcessedMempoolDB..."
timestamp=2026-06-01T14:33:14.936Z level=INFO fiber=#0 message="🔹 Previous submitted block is now confirmed, deserializing..."
timestamp=2026-06-01T14:33:14.938Z level=INFO fiber=#0 message="🔹 Checking for user events... (no tx requests in queue)"
timestamp=2026-06-01T14:33:14.940Z level=INFO fiber=#0 message="🔹 Deposits root is: 4db89534c4fcaa7f08a14dfb5f9096bf8f92a8b2eed7b8ca76da5b5585e7131e"
timestamp=2026-06-01T14:33:14.940Z level=INFO fiber=#0 message="🔹 Withdrawals root is: 0e5751c026e543b2e8ab2eb06099daa1d1e5df47778f7787faab45cdf12fe3a8"
timestamp=2026-06-01T14:33:15.553Z level=INFO fiber=#0 message=allBlocks message=1
[14:33:15.956] INFO (#194): 🏦 1 deposit UTxOs found.
[14:33:15.965] INFO (#194): 🏦 Reconciled 1 visible deposit UTxO(s) into deposits_utxos.
[14:33:18.353] INFO (#198): 🔸 Skipping merge because the state-queue mutation lease is busy (active_holder=block_commitment,active_token=block_commitment:be1ef3d8-9325-4f2f-bc6f-18d969967b9e,active_expires_at=2026-06-01T14:43:10.722Z).
[14:33:20.961] INFO (#193): 🔍 New block confirmation process started.
timestamp=2026-06-01T14:33:20.961Z level=INFO fiber=#557 message="🔍 Starting block confirmation worker..."
timestamp=2026-06-01T14:33:22.236Z level=INFO fiber=#0 message="Initializing Lucid..."
timestamp=2026-06-01T14:33:22.481Z level=INFO fiber=#0 message="Lucid built successfully."
timestamp=2026-06-01T14:33:23.091Z level=INFO fiber=#0 message="🔐 Contract source selected: state_queue=real, hub_oracle=real, deposit=real, tx_order=real, withdrawal=real, settlement=real, reserve=real, payout=real, registered_operators=real, active_operators=real, retired_operators=real, scheduler=real, fraud_proofs.double_spend=real"
timestamp=2026-06-01T14:33:23.095Z level=INFO fiber=#14 message="🔍 Confirmation work completed ({\"type\":\"NoTxForConfirmationOutput\"})."
[14:33:26.624] INFO (#194): 🏦 1 deposit UTxOs found.
[14:33:26.633] INFO (#194): 🏦 Reconciled 1 visible deposit UTxO(s) into deposits_utxos.
[14:33:28.358] INFO (#198): 🔸 Skipping merge because the state-queue mutation lease is busy (active_holder=block_commitment,active_token=block_commitment:be1ef3d8-9325-4f2f-bc6f-18d969967b9e,active_expires_at=2026-06-01T14:43:10.722Z).
[14:33:33.100] INFO (#193): 🔍 New block confirmation process started.
timestamp=2026-06-01T14:33:33.100Z level=INFO fiber=#563 message="🔍 Starting block confirmation worker..."
timestamp=2026-06-01T14:33:33.149Z level=INFO fiber=#35 message="👷 Block commitment work completed ({\"type\":\"FailureOutput\",\"error\":\"Block commitment worker failure: StateQueueError: Current operator is not eligible to advance or rewind the scheduler for this commit window\n    at catch (file:///app/dist/chunk-CKZSUX7I.js:1:13434)\n    at file:///app/node_modules/.pnpm/effect@3.21.2/node_modules/effect/dist/esm/internal/core-effect.js:50:55\"})."
[14:33:33.154] WARN (#192):
  WorkerError: Commitment worker failed
      at Worker.<anonymous> (file:///app/dist/index.js:1094:21075)
      at Worker.emit (node:events:519:28)
      at MessagePort.<anonymous> (node:internal/worker:270:53)
      at [nodejs.internal.kHybridDispatch] (node:internal/event_target:843:20)
      at MessagePort.<anonymous> (node:internal/per_context/messageport:23:28)
      at buildAndSubmitCommitmentBlockAction (file:///app/dist/index.js:1094:24510)
      at block-commitment-fiber (file:///app/dist/index.js:1094:24894)
      at midgard (file:///app/dist/index.js:1121:14031) {
    [cause]: Error: Block commitment worker failure: StateQueueError: Current operator is not eligible to advance or rewind the scheduler for this commit window
        at catch (file:///app/dist/chunk-CKZSUX7I.js:1:13434)
        at file:///app/node_modules/.pnpm/effect@3.21.2/node_modules/effect/dist/esm/internal/core-effect.js:50:55
  }
[14:33:34.155] INFO (#192): 🔹 New block commitment process started.
[14:33:34.158] INFO (#192): Acquired state-queue mutation lease token=block_commitment:dc1f0f98-13ed-4767-a2a8-522d03883a9a,holder=block_commitment,expires_at=2026-06-01T14:43:34.157Z
timestamp=2026-06-01T14:33:34.372Z level=INFO fiber=#0 message="Initializing Lucid..."
timestamp=2026-06-01T14:33:34.655Z level=INFO fiber=#0 message="Lucid built successfully."
[14:33:34.812] INFO (#192): 🔹 Using live state-queue tail commit base 310430c4cda221327abb443ddd1dd3b8a033017c0c97306b12c663ad0d5b1908#2 from snapshot commit_preflight:310430c4cda221327abb443ddd1dd3b8a033017c0c97306b12c663ad0d5b1908#2:310430c4cda221327abb443ddd1dd3b8a033017c0c97306b12c663ad0d5b1908#2:1780324414812.
timestamp=2026-06-01T14:33:34.813Z level=INFO fiber=#571 message="👷 Starting block commitment worker..."
timestamp=2026-06-01T14:33:36.388Z level=INFO fiber=#0 message="Initializing Lucid..."
timestamp=2026-06-01T14:33:36.633Z level=INFO fiber=#0 message="Lucid built successfully."
timestamp=2026-06-01T14:33:36.725Z level=INFO fiber=#0 message="📚 Opening connection to db..."
[14:33:37.237] INFO (#194): 🏦 1 deposit UTxOs found.
[14:33:37.247] INFO (#194): 🏦 Reconciled 1 visible deposit UTxO(s) into deposits_utxos.
timestamp=2026-06-01T14:33:37.374Z level=INFO fiber=#0 message="🔐 Contract source selected: state_queue=real, hub_oracle=real, deposit=real, tx_order=real, withdrawal=real, settlement=real, reserve=real, payout=real, registered_operators=real, active_operators=real, retired_operators=real, scheduler=real, fraud_proofs.double_spend=real"
timestamp=2026-06-01T14:33:37.375Z level=INFO fiber=#0 message="🔹 Retrieving all mempool transactions..."
timestamp=2026-06-01T14:33:37.405Z level=INFO fiber=#0 message="🏦 Running commit-time deposit ingestion barrier up to 2026-06-01T14:33:37.404Z."
timestamp=2026-06-01T14:33:38.011Z level=INFO fiber=#0 message="🏦 1 deposit UTxOs found."
timestamp=2026-06-01T14:33:38.024Z level=INFO fiber=#0 message="🏦 Commit-time deposit barrier reconciled 1 deposit UTxO(s); fetch completed at 2026-06-01T14:33:38.024Z and locked the visibility barrier at 2026-06-01T14:33:37.404Z."
timestamp=2026-06-01T14:33:38.025Z level=INFO fiber=#0 message="Running commit-time withdrawal ingestion barrier up to 2026-06-01T14:33:37.404Z."
timestamp=2026-06-01T14:33:38.076Z level=INFO fiber=#0 message="Commit-time withdrawal barrier reconciled 0 withdrawal UTxO(s); fetch completed at 2026-06-01T14:33:38.076Z and locked the visibility barrier at 2026-06-01T14:33:37.404Z."
timestamp=2026-06-01T14:33:38.078Z level=INFO fiber=#0 message="🔹 Going through mempool txs and finding roots..."
timestamp=2026-06-01T14:33:38.082Z level=WARN fiber=#0 message="Re-including 1 previously projected deposit UTxO(s) whose prior header assignment was abandoned before confirmation."
timestamp=2026-06-01T14:33:38.091Z level=INFO fiber=#0 message="🔹 Applying 1 projected deposit UTxO(s) to the block pre-state."
timestamp=2026-06-01T14:33:38.098Z level=INFO fiber=#0 message="🔹 New transaction root found: 0e5751c026e543b2e8ab2eb06099daa1d1e5df47778f7787faab45cdf12fe3a8"
timestamp=2026-06-01T14:33:38.098Z level=INFO fiber=#0 message="🔹 New UTxO root found: d20361c2ae2eef849ae9795aeec6a61a4b72aa44e1462ac47609bcb7cab4bd50"
timestamp=2026-06-01T14:33:38.098Z level=INFO fiber=#0 message="🔹 Commitment pre-state includes 1 due deposit UTxO(s)."
timestamp=2026-06-01T14:33:38.098Z level=INFO fiber=#0 message="🔹 No transactions were found in MempoolDB, checking ProcessedMempoolDB..."
timestamp=2026-06-01T14:33:38.100Z level=INFO fiber=#0 message="🔹 Previous submitted block is now confirmed, deserializing..."
timestamp=2026-06-01T14:33:38.102Z level=INFO fiber=#0 message="🔹 Checking for user events... (no tx requests in queue)"
timestamp=2026-06-01T14:33:38.106Z level=INFO fiber=#0 message="🔹 Deposits root is: 4db89534c4fcaa7f08a14dfb5f9096bf8f92a8b2eed7b8ca76da5b5585e7131e"
timestamp=2026-06-01T14:33:38.106Z level=INFO fiber=#0 message="🔹 Withdrawals root is: 0e5751c026e543b2e8ab2eb06099daa1d1e5df47778f7787faab45cdf12fe3a8"
[14:33:38.365] INFO (#198): 🔸 Skipping merge because the state-queue mutation lease is busy (active_holder=block_commitment,active_token=block_commitment:dc1f0f98-13ed-4767-a2a8-522d03883a9a,active_expires_at=2026-06-01T14:43:34.157Z).
timestamp=2026-06-01T14:33:38.713Z level=INFO fiber=#0 message=allBlocks message=1
[14:33:45.380] INFO (#193): 🔍 New block confirmation process started.
timestamp=2026-06-01T14:33:45.381Z level=INFO fiber=#577 message="🔍 Starting block confirmation worker..."
timestamp=2026-06-01T14:33:46.653Z level=INFO fiber=#0 message="Initializing Lucid..."
timestamp=2026-06-01T14:33:46.910Z level=INFO fiber=#0 message="Lucid built successfully."
[14:33:47.912] INFO (#194): 🏦 1 deposit UTxOs found.
[14:33:47.916] INFO (#194): 🏦 Reconciled 1 visible deposit UTxO(s) into deposits_utxos.
[14:33:48.371] INFO (#198): 🔸 Skipping merge because the state-queue mutation lease is busy (active_holder=block_commitment,active_token=block_commitment:dc1f0f98-13ed-4767-a2a8-522d03883a9a,active_expires_at=2026-06-01T14:43:34.157Z).
timestamp=2026-06-01T14:33:55.751Z level=INFO fiber=#35 message="👷 Block commitment work completed ({\"type\":\"FailureOutput\",\"error\":\"Block commitment worker failure: StateQueueError: Current operator is not eligible to advance or rewind the scheduler for this commit window\n    at catch (file:///app/dist/chunk-CKZSUX7I.js:1:13434)\n    at file:///app/node_modules/.pnpm/effect@3.21.2/node_modules/effect/dist/esm/internal/core-effect.js:50:55\"})."
[14:33:55.756] WARN (#192):
  WorkerError: Commitment worker failed
      at Worker.<anonymous> (file:///app/dist/index.js:1094:21075)
      at Worker.emit (node:events:519:28)
      at MessagePort.<anonymous> (node:internal/worker:270:53)
      at [nodejs.internal.kHybridDispatch] (node:internal/event_target:843:20)
      at MessagePort.<anonymous> (node:internal/per_context/messageport:23:28)
      at buildAndSubmitCommitmentBlockAction (file:///app/dist/index.js:1094:24510)
      at block-commitment-fiber (file:///app/dist/index.js:1094:24894)
      at midgard (file:///app/dist/index.js:1121:14031) {
    [cause]: Error: Block commitment worker failure: StateQueueError: Current operator is not eligible to advance or rewind the scheduler for this commit window
        at catch (file:///app/dist/chunk-CKZSUX7I.js:1:13434)
        at file:///app/node_modules/.pnpm/effect@3.21.2/node_modules/effect/dist/esm/internal/core-effect.js:50:55
  }
[14:33:56.758] INFO (#192): 🔹 New block commitment process started.
[14:33:56.768] INFO (#192): Acquired state-queue mutation lease token=block_commitment:538d55bd-c97f-41b7-b0b2-b5a741e52a79,holder=block_commitment,expires_at=2026-06-01T14:43:56.760Z
[14:33:57.429] INFO (#192): 🔹 Using live state-queue tail commit base 310430c4cda221327abb443ddd1dd3b8a033017c0c97306b12c663ad0d5b1908#2 from snapshot commit_preflight:310430c4cda221327abb443ddd1dd3b8a033017c0c97306b12c663ad0d5b1908#2:310430c4cda221327abb443ddd1dd3b8a033017c0c97306b12c663ad0d5b1908#2:1780324437429.
timestamp=2026-06-01T14:33:57.429Z level=INFO fiber=#590 message="👷 Starting block commitment worker..."
[14:33:57.541] INFO (#193): 🔍 New block confirmation process started.
timestamp=2026-06-01T14:33:57.541Z level=INFO fiber=#591 message="🔍 Starting block confirmation worker..."
[14:33:58.379] INFO (#198): 🔸 Skipping merge because the state-queue mutation lease is busy (active_holder=block_commitment,active_token=block_commitment:538d55bd-c97f-41b7-b0b2-b5a741e52a79,active_expires_at=2026-06-01T14:43:56.760Z).
[14:33:58.512] INFO (#194): 🏦 1 deposit UTxOs found.
[14:33:58.517] INFO (#194): 🏦 Reconciled 1 visible deposit UTxO(s) into deposits_utxos.
timestamp=2026-06-01T14:33:59.033Z level=INFO fiber=#0 message="Initializing Lucid..."
timestamp=2026-06-01T14:33:59.152Z level=INFO fiber=#0 message="Initializing Lucid..."
timestamp=2026-06-01T14:33:59.367Z level=INFO fiber=#0 message="Lucid built successfully."
timestamp=2026-06-01T14:33:59.405Z level=INFO fiber=#0 message="Lucid built successfully."
timestamp=2026-06-01T14:33:59.504Z level=INFO fiber=#0 message="📚 Opening connection to db..."
timestamp=2026-06-01T14:34:00.242Z level=INFO fiber=#0 message="🔐 Contract source selected: state_queue=real, hub_oracle=real, deposit=real, tx_order=real, withdrawal=real, settlement=real, reserve=real, payout=real, registered_operators=real, active_operators=real, retired_operators=real, scheduler=real, fraud_proofs.double_spend=real"
timestamp=2026-06-01T14:34:00.243Z level=INFO fiber=#0 message="🔹 Retrieving all mempool transactions..."
timestamp=2026-06-01T14:34:00.277Z level=INFO fiber=#0 message="🏦 Running commit-time deposit ingestion barrier up to 2026-06-01T14:34:00.277Z."
timestamp=2026-06-01T14:34:00.877Z level=INFO fiber=#0 message="🏦 1 deposit UTxOs found."
timestamp=2026-06-01T14:34:00.891Z level=INFO fiber=#0 message="🏦 Commit-time deposit barrier reconciled 1 deposit UTxO(s); fetch completed at 2026-06-01T14:34:00.891Z and locked the visibility barrier at 2026-06-01T14:34:00.277Z."
timestamp=2026-06-01T14:34:00.892Z level=INFO fiber=#0 message="Running commit-time withdrawal ingestion barrier up to 2026-06-01T14:34:00.277Z."
timestamp=2026-06-01T14:34:00.945Z level=INFO fiber=#0 message="Commit-time withdrawal barrier reconciled 0 withdrawal UTxO(s); fetch completed at 2026-06-01T14:34:00.945Z and locked the visibility barrier at 2026-06-01T14:34:00.277Z."
timestamp=2026-06-01T14:34:00.946Z level=INFO fiber=#0 message="🔹 Going through mempool txs and finding roots..."
timestamp=2026-06-01T14:34:00.952Z level=WARN fiber=#0 message="Re-including 1 previously projected deposit UTxO(s) whose prior header assignment was abandoned before confirmation."
timestamp=2026-06-01T14:34:00.962Z level=INFO fiber=#0 message="🔹 Applying 1 projected deposit UTxO(s) to the block pre-state."
timestamp=2026-06-01T14:34:00.971Z level=INFO fiber=#0 message="🔹 New transaction root found: 0e5751c026e543b2e8ab2eb06099daa1d1e5df47778f7787faab45cdf12fe3a8"
timestamp=2026-06-01T14:34:00.971Z level=INFO fiber=#0 message="🔹 New UTxO root found: d20361c2ae2eef849ae9795aeec6a61a4b72aa44e1462ac47609bcb7cab4bd50"
timestamp=2026-06-01T14:34:00.971Z level=INFO fiber=#0 message="🔹 Commitment pre-state includes 1 due deposit UTxO(s)."
timestamp=2026-06-01T14:34:00.971Z level=INFO fiber=#0 message="🔹 No transactions were found in MempoolDB, checking ProcessedMempoolDB..."
timestamp=2026-06-01T14:34:00.973Z level=INFO fiber=#0 message="🔹 Previous submitted block is now confirmed, deserializing..."
timestamp=2026-06-01T14:34:00.976Z level=INFO fiber=#0 message="🔹 Checking for user events... (no tx requests in queue)"
timestamp=2026-06-01T14:34:00.980Z level=INFO fiber=#0 message="🔹 Deposits root is: 4db89534c4fcaa7f08a14dfb5f9096bf8f92a8b2eed7b8ca76da5b5585e7131e"
timestamp=2026-06-01T14:34:00.980Z level=INFO fiber=#0 message="🔹 Withdrawals root is: 0e5751c026e543b2e8ab2eb06099daa1d1e5df47778f7787faab45cdf12fe3a8"
timestamp=2026-06-01T14:34:01.597Z level=INFO fiber=#0 message=allBlocks message=1
[14:34:08.385] INFO (#198): 🔸 Skipping merge because the state-queue mutation lease is busy (active_holder=block_commitment,active_token=block_commitment:538d55bd-c97f-41b7-b0b2-b5a741e52a79,active_expires_at=2026-06-01T14:43:56.760Z).
[14:34:09.212] INFO (#194): 🏦 1 deposit UTxOs found.
[14:34:09.221] INFO (#194): 🏦 Reconciled 1 visible deposit UTxO(s) into deposits_utxos.
[14:34:10.094] INFO (#193): 🔍 New block confirmation process started.
timestamp=2026-06-01T14:34:10.094Z level=INFO fiber=#602 message="🔍 Starting block confirmation worker..."
timestamp=2026-06-01T14:34:11.415Z level=INFO fiber=#0 message="Initializing Lucid..."
timestamp=2026-06-01T14:34:11.671Z level=INFO fiber=#0 message="Lucid built successfully."
[14:34:18.393] INFO (#198): 🔸 Skipping merge because the state-queue mutation lease is busy (active_holder=block_commitment,active_token=block_commitment:538d55bd-c97f-41b7-b0b2-b5a741e52a79,active_expires_at=2026-06-01T14:43:56.760Z).
timestamp=2026-06-01T14:34:19.024Z level=INFO fiber=#0 message="🔹 Refreshing scheduler witness datum for commit window via AppointFirst (from=NoActiveOperators to=ActiveOperator(ec9416c09fdb1d6b92184f13a6c74e6fdb5faf1e2644235a6e7cd1cc,1780324561999), validTo=1780324562000)."
timestamp=2026-06-01T14:34:19.657Z level=INFO fiber=#0 message="✍  Signing tx with addr_test1qrkfg9kqnld366ujrp838fk8fehakha0rcnygg66de7drnycux6rpgumy0kkp6c0zzy0aqkugduwt79sd7ujlh2mmqqsk7jrpe"
[14:34:19.877] INFO (#194): 🏦 1 deposit UTxOs found.
[14:34:19.886] INFO (#194): 🏦 Reconciled 1 visible deposit UTxO(s) into deposits_utxos.
timestamp=2026-06-01T14:34:20.271Z level=INFO fiber=#0 message="✍  Signed tx prepared: txHash=4289f976cde3a39d28e53290a8339bf433b6bd1bd05cbb1ef95aa75e5e240b4f, cborBytes=737"
timestamp=2026-06-01T14:34:20.271Z level=INFO fiber=#0 message="✉️  Submitting transaction..."
timestamp=2026-06-01T14:34:20.349Z level=WARN fiber=#0 message="Tx 4289f976cde3a39d28e53290a8339bf433b6bd1bd05cbb1ef95aa75e5e240b4f submitted before validity interval opened  (slot=124641247, invalidBefore=124641259, invalidHereafter=124641362).   Waiting 14000ms and retrying submit  (1/15)."
[14:34:22.412] INFO (#193): 🔍 New block confirmation process started.
timestamp=2026-06-01T14:34:22.412Z level=INFO fiber=#608 message="🔍 Starting block confirmation worker..."
timestamp=2026-06-01T14:34:23.661Z level=INFO fiber=#0 message="Initializing Lucid..."
timestamp=2026-06-01T14:34:24.011Z level=INFO fiber=#0 message="Lucid built successfully."
[14:34:28.400] INFO (#198): 🔸 Skipping merge because the state-queue mutation lease is busy (active_holder=block_commitment,active_token=block_commitment:538d55bd-c97f-41b7-b0b2-b5a741e52a79,active_expires_at=2026-06-01T14:43:56.760Z).
[14:34:30.543] INFO (#194): 🏦 1 deposit UTxOs found.
[14:34:30.548] INFO (#194): 🏦 Reconciled 1 visible deposit UTxO(s) into deposits_utxos.
timestamp=2026-06-01T14:34:34.489Z level=INFO fiber=#0 message="🚀 Transaction submitted: 4289f976cde3a39d28e53290a8339bf433b6bd1bd05cbb1ef95aa75e5e240b4f"
timestamp=2026-06-01T14:34:34.490Z level=INFO fiber=#0 message="🔹 Scheduler refresh transaction submitted: 4289f976cde3a39d28e53290a8339bf433b6bd1bd05cbb1ef95aa75e5e240b4f"
timestamp=2026-06-01T14:34:34.490Z level=INFO fiber=#0 message="🔹 Scheduler refresh tx updated operator wallet view: available_utxos=7,consumed_outrefs=2."
[14:34:34.632] INFO (#193): 🔍 New block confirmation process started.
timestamp=2026-06-01T14:34:34.632Z level=INFO fiber=#614 message="🔍 Starting block confirmation worker..."
timestamp=2026-06-01T14:34:35.881Z level=INFO fiber=#0 message="Initializing Lucid..."
timestamp=2026-06-01T14:34:36.145Z level=INFO fiber=#0 message="Lucid built successfully."
[14:34:38.405] INFO (#198): 🔸 Skipping merge because the state-queue mutation lease is busy (active_holder=block_commitment,active_token=block_commitment:538d55bd-c97f-41b7-b0b2-b5a741e52a79,active_expires_at=2026-06-01T14:43:56.760Z).
[14:34:41.157] INFO (#194): 🏦 1 deposit UTxOs found.
[14:34:41.166] INFO (#194): 🏦 Reconciled 1 visible deposit UTxO(s) into deposits_utxos.
[14:34:46.770] INFO (#193): 🔍 New block confirmation process started.
timestamp=2026-06-01T14:34:46.770Z level=INFO fiber=#620 message="🔍 Starting block confirmation worker..."
timestamp=2026-06-01T14:34:48.131Z level=INFO fiber=#0 message="Initializing Lucid..."
[14:34:48.411] INFO (#198): 🔸 Skipping merge because the state-queue mutation lease is busy (active_holder=block_commitment,active_token=block_commitment:538d55bd-c97f-41b7-b0b2-b5a741e52a79,active_expires_at=2026-06-01T14:43:56.760Z).
timestamp=2026-06-01T14:34:48.615Z level=INFO fiber=#0 message="Lucid built successfully."
[14:34:51.779] INFO (#194): 🏦 1 deposit UTxOs found.
[14:34:51.788] INFO (#194): 🏦 Reconciled 1 visible deposit UTxO(s) into deposits_utxos.
[14:34:58.417] INFO (#198): 🔸 Skipping merge because the state-queue mutation lease is busy (active_holder=block_commitment,active_token=block_commitment:538d55bd-c97f-41b7-b0b2-b5a741e52a79,active_expires_at=2026-06-01T14:44:56.773Z).
[14:34:59.324] INFO (#193): 🔍 New block confirmation process started.
timestamp=2026-06-01T14:34:59.325Z level=INFO fiber=#629 message="🔍 Starting block confirmation worker..."
timestamp=2026-06-01T14:35:00.559Z level=INFO fiber=#0 message="Initializing Lucid..."
timestamp=2026-06-01T14:35:00.846Z level=INFO fiber=#0 message="Lucid built successfully."
[14:35:02.406] INFO (#194): 🏦 1 deposit UTxOs found.
[14:35:02.412] INFO (#194): 🏦 Reconciled 1 visible deposit UTxO(s) into deposits_utxos.
timestamp=2026-06-01T14:35:08.048Z level=WARN fiber=#0 message="Commit end-time fell below the minimum submission buffer while preparing scheduler-aligned witness context; rebuilding with refreshed window (previous=1780324562000, next=1780324629000, candidate=1780324440000, latestEnd=1780324423999, attempt=1/4)."
[14:35:08.423] INFO (#198): 🔸 Skipping merge because the state-queue mutation lease is busy (active_holder=block_commitment,active_token=block_commitment:538d55bd-c97f-41b7-b0b2-b5a741e52a79,active_expires_at=2026-06-01T14:44:56.773Z).
[14:35:11.464] INFO (#193): 🔍 New block confirmation process started.
timestamp=2026-06-01T14:35:11.464Z level=INFO fiber=#636 message="🔍 Starting block confirmation worker..."
timestamp=2026-06-01T14:35:12.712Z level=INFO fiber=#0 message="Initializing Lucid..."
[14:35:13.016] INFO (#194): 🏦 1 deposit UTxOs found.
[14:35:13.025] INFO (#194): 🏦 Reconciled 1 visible deposit UTxO(s) into deposits_utxos.
timestamp=2026-06-01T14:35:13.051Z level=INFO fiber=#0 message="Lucid built successfully."
[14:35:18.430] INFO (#198): 🔸 Skipping merge because the state-queue mutation lease is busy (active_holder=block_commitment,active_token=block_commitment:538d55bd-c97f-41b7-b0b2-b5a741e52a79,active_expires_at=2026-06-01T14:44:56.773Z).
[14:35:23.627] INFO (#194): 🏦 1 deposit UTxOs found.
[14:35:23.632] INFO (#194): 🏦 Reconciled 1 visible deposit UTxO(s) into deposits_utxos.
[14:35:23.671] INFO (#193): 🔍 New block confirmation process started.
timestamp=2026-06-01T14:35:23.671Z level=INFO fiber=#643 message="🔍 Starting block confirmation worker..."
timestamp=2026-06-01T14:35:25.018Z level=INFO fiber=#0 message="Initializing Lucid..."
timestamp=2026-06-01T14:35:25.283Z level=INFO fiber=#0 message="Lucid built successfully."
timestamp=2026-06-01T14:35:26.015Z level=WARN fiber=#0 message="Adjusted commit end-time to maintain monotonic header timing (candidate=1780324440000, minimum=1780324424000, selected=1780324629000, latestEnd=1780324423999)."
timestamp=2026-06-01T14:35:26.016Z level=INFO fiber=#0 message="🔹 Finding updated block datum and new header..."
timestamp=2026-06-01T14:35:26.020Z level=INFO fiber=#0 message="🔹 New header hash is: 566e65a215fcd8a5c3a0ebf05d55ccaef77f67b1fac0b37ce0b6aa84"
timestamp=2026-06-01T14:35:26.020Z level=INFO fiber=#0 message="🔹 Building commitment with real state_queue witness context."
timestamp=2026-06-01T14:35:26.021Z level=INFO fiber=#0 message="🔹 Building block commitment transaction..."
timestamp=2026-06-01T14:35:26.026Z level=INFO fiber=#0 message="🔹 Selected fee input 4289f976cde3a39d28e53290a8339bf433b6bd1bd05cbb1ef95aa75e5e240b4f#1 for state_queue commit tx."
timestamp=2026-06-01T14:35:26.700Z level=INFO fiber=#0 message="🔹 Using commit redeemer layout: scheduler_ref_input_index=2,latest_block_input_index=0,active_operators_input_index=2,active_operators_redeemer_index=1,state_queue_spend_redeemer_index=0,new_block_output_index=0,continued_latest_block_output_index=1,active_operator_output_index=2,hub_oracle_ref_input_index=0"
timestamp=2026-06-01T14:35:27.351Z level=INFO fiber=#0 message="🔹 Transaction built successfully. Size: 1579"
timestamp=2026-06-01T14:35:27.993Z level=INFO fiber=#0 message=allBlocks message=1
timestamp=2026-06-01T14:35:27.994Z level=INFO fiber=#0 message="✍  Signing tx with addr_test1qrkfg9kqnld366ujrp838fk8fehakha0rcnygg66de7drnycux6rpgumy0kkp6c0zzy0aqkugduwt79sd7ujlh2mmqqsk7jrpe"
[14:35:28.435] INFO (#198): 🔸 Skipping merge because the state-queue mutation lease is busy (active_holder=block_commitment,active_token=block_commitment:538d55bd-c97f-41b7-b0b2-b5a741e52a79,active_expires_at=2026-06-01T14:44:56.773Z).
timestamp=2026-06-01T14:35:28.610Z level=INFO fiber=#0 message="✍  Signed tx prepared: txHash=d878ac89f58979990412e9ea9f8ac09d6e1fa5c1ef501d5ff7322944c3c5b8af, cborBytes=1685"
timestamp=2026-06-01T14:35:28.610Z level=INFO fiber=#0 message="✉️  Submitting transaction..."
timestamp=2026-06-01T14:35:28.696Z level=INFO fiber=#0 message="🚀 Transaction submitted: d878ac89f58979990412e9ea9f8ac09d6e1fa5c1ef501d5ff7322944c3c5b8af"
timestamp=2026-06-01T14:35:28.715Z level=INFO fiber=#54 message="👷 Block commitment work completed ({\"type\":\"SubmittedAwaitingConfirmationOutput\",\"submittedTxHash\":\"d878ac89f58979990412e9ea9f8ac09d6e1fa5c1ef501d5ff7322944c3c5b8af\",\"txSize\":1579,\"mempoolTxsCount\":0,\"sizeOfBlocksTxs\":0,\"blockEndTimeMs\":1780324629000})."
[14:35:28.716] INFO (#192): 🔹 Block submitted; local finalization is intentionally deferred until L1 confirmation.
[14:35:29.720] INFO (#192): 🔹 New block commitment process started.
[14:35:29.729] INFO (#192): Acquired state-queue mutation lease token=block_commitment:447e1cf6-d453-4394-b3c2-4f1bb0cead9f,holder=block_commitment,expires_at=2026-06-01T14:45:29.722Z
timestamp=2026-06-01T14:35:29.730Z level=INFO fiber=#648 message="👷 Starting block commitment worker..."
timestamp=2026-06-01T14:35:31.393Z level=INFO fiber=#0 message="Initializing Lucid..."
timestamp=2026-06-01T14:35:31.710Z level=INFO fiber=#0 message="Lucid built successfully."
timestamp=2026-06-01T14:35:31.804Z level=INFO fiber=#0 message="📚 Opening connection to db..."
timestamp=2026-06-01T14:35:32.445Z level=INFO fiber=#0 message="🔐 Contract source selected: state_queue=real, hub_oracle=real, deposit=real, tx_order=real, withdrawal=real, settlement=real, reserve=real, payout=real, registered_operators=real, active_operators=real, retired_operators=real, scheduler=real, fraud_proofs.double_spend=real"
timestamp=2026-06-01T14:35:32.446Z level=INFO fiber=#0 message="🔹 Retrieving all mempool transactions..."
timestamp=2026-06-01T14:35:32.478Z level=INFO fiber=#0 message="🏦 Running commit-time deposit ingestion barrier up to 2026-06-01T14:35:32.478Z."
timestamp=2026-06-01T14:35:33.092Z level=INFO fiber=#0 message="🏦 1 deposit UTxOs found."
timestamp=2026-06-01T14:35:33.101Z level=INFO fiber=#0 message="🏦 Commit-time deposit barrier reconciled 1 deposit UTxO(s); fetch completed at 2026-06-01T14:35:33.100Z and locked the visibility barrier at 2026-06-01T14:35:32.478Z."
timestamp=2026-06-01T14:35:33.101Z level=INFO fiber=#0 message="Running commit-time withdrawal ingestion barrier up to 2026-06-01T14:35:32.478Z."
timestamp=2026-06-01T14:35:33.161Z level=INFO fiber=#0 message="Commit-time withdrawal barrier reconciled 0 withdrawal UTxO(s); fetch completed at 2026-06-01T14:35:33.161Z and locked the visibility barrier at 2026-06-01T14:35:32.478Z."
timestamp=2026-06-01T14:35:33.162Z level=INFO fiber=#0 message="🔹 Local finalization pending and no recoverable confirmed block is available yet; deferring new submission."
timestamp=2026-06-01T14:35:33.175Z level=INFO fiber=#26 message="👷 Block commitment work completed ({\"type\":\"NothingToCommitOutput\"})."
[14:35:34.179] INFO (#192): 🔹 New block commitment process started.
[14:35:34.183] INFO (#192): Acquired state-queue mutation lease token=block_commitment:16d696e7-2cea-4e4b-a984-1df7684cadc0,holder=block_commitment,expires_at=2026-06-01T14:45:34.181Z
timestamp=2026-06-01T14:35:34.183Z level=INFO fiber=#652 message="👷 Starting block commitment worker..."
[14:35:34.251] INFO (#194): 🏦 1 deposit UTxOs found.
[14:35:34.255] INFO (#194): 🏦 Reconciled 1 visible deposit UTxO(s) into deposits_utxos.
timestamp=2026-06-01T14:35:35.646Z level=INFO fiber=#0 message="Initializing Lucid..."
timestamp=2026-06-01T14:35:35.974Z level=INFO fiber=#0 message="Lucid built successfully."
timestamp=2026-06-01T14:35:36.069Z level=INFO fiber=#0 message="📚 Opening connection to db..."
[14:35:36.127] INFO (#193): 🔍 New block confirmation process started.
timestamp=2026-06-01T14:35:36.127Z level=INFO fiber=#657 message="🔍 Starting block confirmation worker..."
timestamp=2026-06-01T14:35:36.982Z level=INFO fiber=#0 message="🔐 Contract source selected: state_queue=real, hub_oracle=real, deposit=real, tx_order=real, withdrawal=real, settlement=real, reserve=real, payout=real, registered_operators=real, active_operators=real, retired_operators=real, scheduler=real, fraud_proofs.double_spend=real"
timestamp=2026-06-01T14:35:36.982Z level=INFO fiber=#0 message="🔹 Retrieving all mempool transactions..."
timestamp=2026-06-01T14:35:37.027Z level=INFO fiber=#0 message="🏦 Running commit-time deposit ingestion barrier up to 2026-06-01T14:35:37.026Z."
timestamp=2026-06-01T14:35:37.649Z level=INFO fiber=#0 message="🏦 1 deposit UTxOs found."
timestamp=2026-06-01T14:35:37.665Z level=INFO fiber=#0 message="🏦 Commit-time deposit barrier reconciled 1 deposit UTxO(s); fetch completed at 2026-06-01T14:35:37.665Z and locked the visibility barrier at 2026-06-01T14:35:37.026Z."
timestamp=2026-06-01T14:35:37.666Z level=INFO fiber=#0 message="Running commit-time withdrawal ingestion barrier up to 2026-06-01T14:35:37.026Z."
timestamp=2026-06-01T14:35:37.734Z level=INFO fiber=#0 message="Commit-time withdrawal barrier reconciled 0 withdrawal UTxO(s); fetch completed at 2026-06-01T14:35:37.734Z and locked the visibility barrier at 2026-06-01T14:35:37.026Z."
timestamp=2026-06-01T14:35:37.735Z level=INFO fiber=#0 message="🔹 Local finalization pending and no recoverable confirmed block is available yet; deferring new submission."
timestamp=2026-06-01T14:35:37.760Z level=INFO fiber=#26 message="👷 Block commitment work completed ({\"type\":\"NothingToCommitOutput\"})."
timestamp=2026-06-01T14:35:37.984Z level=INFO fiber=#0 message="Initializing Lucid..."
timestamp=2026-06-01T14:35:38.286Z level=INFO fiber=#0 message="Lucid built successfully."
[14:35:38.437] INFO (#198): 🔸 Skipping merge while block commitment is unresolved (submitted_tx=d878ac89f58979990412e9ea9f8ac09d6e1fa5c1ef501d5ff7322944c3c5b8af,local_finalization_pending=true).
[14:35:38.776] INFO (#192): 🔹 New block commitment process started.
[14:35:38.785] INFO (#192): Acquired state-queue mutation lease token=block_commitment:f1a1dd0a-d853-4fa4-98ec-daea999798df,holder=block_commitment,expires_at=2026-06-01T14:45:38.778Z
timestamp=2026-06-01T14:35:38.786Z level=INFO fiber=#662 message="👷 Starting block commitment worker..."
timestamp=2026-06-01T14:35:39.070Z level=INFO fiber=#0 message="🔐 Contract source selected: state_queue=real, hub_oracle=real, deposit=real, tx_order=real, withdrawal=real, settlement=real, reserve=real, payout=real, registered_operators=real, active_operators=real, retired_operators=real, scheduler=real, fraud_proofs.double_spend=real"
timestamp=2026-06-01T14:35:39.071Z level=INFO fiber=#0 message="🔍 Resolving pending block header 566e65a215fcd8a5c3a0ebf05d55ccaef77f67b1fac0b37ce0b6aa84 (submitted_tx=d878ac89f58979990412e9ea9f8ac09d6e1fa5c1ef501d5ff7322944c3c5b8af, age_ms=10374)."
timestamp=2026-06-01T14:35:40.685Z level=INFO fiber=#0 message="Initializing Lucid..."
timestamp=2026-06-01T14:35:40.997Z level=INFO fiber=#0 message="Lucid built successfully."
timestamp=2026-06-01T14:35:41.110Z level=INFO fiber=#0 message="📚 Opening connection to db..."
timestamp=2026-06-01T14:35:41.945Z level=INFO fiber=#0 message="🔐 Contract source selected: state_queue=real, hub_oracle=real, deposit=real, tx_order=real, withdrawal=real, settlement=real, reserve=real, payout=real, registered_operators=real, active_operators=real, retired_operators=real, scheduler=real, fraud_proofs.double_spend=real"
timestamp=2026-06-01T14:35:41.945Z level=INFO fiber=#0 message="🔹 Retrieving all mempool transactions..."
timestamp=2026-06-01T14:35:41.979Z level=INFO fiber=#0 message="🏦 Running commit-time deposit ingestion barrier up to 2026-06-01T14:35:41.979Z."
timestamp=2026-06-01T14:35:42.599Z level=INFO fiber=#0 message="🏦 1 deposit UTxOs found."
timestamp=2026-06-01T14:35:42.608Z level=INFO fiber=#0 message="🏦 Commit-time deposit barrier reconciled 1 deposit UTxO(s); fetch completed at 2026-06-01T14:35:42.608Z and locked the visibility barrier at 2026-06-01T14:35:41.979Z."
timestamp=2026-06-01T14:35:42.608Z level=INFO fiber=#0 message="Running commit-time withdrawal ingestion barrier up to 2026-06-01T14:35:41.979Z."
timestamp=2026-06-01T14:35:42.666Z level=INFO fiber=#0 message="Commit-time withdrawal barrier reconciled 0 withdrawal UTxO(s); fetch completed at 2026-06-01T14:35:42.666Z and locked the visibility barrier at 2026-06-01T14:35:41.979Z."
timestamp=2026-06-01T14:35:42.666Z level=INFO fiber=#0 message="🔹 Local finalization pending and no recoverable confirmed block is available yet; deferring new submission."
timestamp=2026-06-01T14:35:42.678Z level=INFO fiber=#26 message="👷 Block commitment work completed ({\"type\":\"NothingToCommitOutput\"})."
[14:35:43.683] INFO (#192): 🔹 New block commitment process started.
[14:35:43.693] INFO (#192): Acquired state-queue mutation lease token=block_commitment:4bd5b82a-946e-4907-ab8d-878d4e1ea354,holder=block_commitment,expires_at=2026-06-01T14:45:43.685Z
timestamp=2026-06-01T14:35:43.693Z level=INFO fiber=#665 message="👷 Starting block commitment worker..."
[14:35:44.870] INFO (#194): 🏦 1 deposit UTxOs found.
[14:35:44.879] INFO (#194): 🏦 Reconciled 1 visible deposit UTxO(s) into deposits_utxos.
timestamp=2026-06-01T14:35:45.446Z level=INFO fiber=#0 message="Initializing Lucid..."
timestamp=2026-06-01T14:35:45.768Z level=INFO fiber=#0 message="Lucid built successfully."
timestamp=2026-06-01T14:35:45.873Z level=INFO fiber=#0 message="📚 Opening connection to db..."
timestamp=2026-06-01T14:35:46.626Z level=INFO fiber=#0 message="🔐 Contract source selected: state_queue=real, hub_oracle=real, deposit=real, tx_order=real, withdrawal=real, settlement=real, reserve=real, payout=real, registered_operators=real, active_operators=real, retired_operators=real, scheduler=real, fraud_proofs.double_spend=real"
timestamp=2026-06-01T14:35:46.627Z level=INFO fiber=#0 message="🔹 Retrieving all mempool transactions..."
timestamp=2026-06-01T14:35:46.657Z level=INFO fiber=#0 message="🏦 Running commit-time deposit ingestion barrier up to 2026-06-01T14:35:46.657Z."
timestamp=2026-06-01T14:35:47.269Z level=INFO fiber=#0 message="🏦 1 deposit UTxOs found."
timestamp=2026-06-01T14:35:47.279Z level=INFO fiber=#0 message="🏦 Commit-time deposit barrier reconciled 1 deposit UTxO(s); fetch completed at 2026-06-01T14:35:47.279Z and locked the visibility barrier at 2026-06-01T14:35:46.657Z."
timestamp=2026-06-01T14:35:47.279Z level=INFO fiber=#0 message="Running commit-time withdrawal ingestion barrier up to 2026-06-01T14:35:46.657Z."
timestamp=2026-06-01T14:35:47.337Z level=INFO fiber=#0 message="Commit-time withdrawal barrier reconciled 0 withdrawal UTxO(s); fetch completed at 2026-06-01T14:35:47.337Z and locked the visibility barrier at 2026-06-01T14:35:46.657Z."
timestamp=2026-06-01T14:35:47.337Z level=INFO fiber=#0 message="🔹 Local finalization pending and no recoverable confirmed block is available yet; deferring new submission."
timestamp=2026-06-01T14:35:47.350Z level=INFO fiber=#26 message="👷 Block commitment work completed ({\"type\":\"NothingToCommitOutput\"})."
[14:35:48.356] INFO (#192): 🔹 New block commitment process started.
[14:35:48.366] INFO (#192): Acquired state-queue mutation lease token=block_commitment:19e0abed-cc21-4d5b-9f8d-ced3147b220e,holder=block_commitment,expires_at=2026-06-01T14:45:48.358Z
timestamp=2026-06-01T14:35:48.367Z level=INFO fiber=#668 message="👷 Starting block commitment worker..."
[14:35:48.439] INFO (#198): 🔸 Skipping merge while block commitment is unresolved (submitted_tx=d878ac89f58979990412e9ea9f8ac09d6e1fa5c1ef501d5ff7322944c3c5b8af,local_finalization_pending=true).
timestamp=2026-06-01T14:35:50.248Z level=INFO fiber=#0 message="Initializing Lucid..."
timestamp=2026-06-01T14:35:50.502Z level=INFO fiber=#0 message="Lucid built successfully."
timestamp=2026-06-01T14:35:50.598Z level=INFO fiber=#0 message="📚 Opening connection to db..."
timestamp=2026-06-01T14:35:51.285Z level=INFO fiber=#0 message="🔐 Contract source selected: state_queue=real, hub_oracle=real, deposit=real, tx_order=real, withdrawal=real, settlement=real, reserve=real, payout=real, registered_operators=real, active_operators=real, retired_operators=real, scheduler=real, fraud_proofs.double_spend=real"
timestamp=2026-06-01T14:35:51.286Z level=INFO fiber=#0 message="🔹 Retrieving all mempool transactions..."
timestamp=2026-06-01T14:35:51.322Z level=INFO fiber=#0 message="🏦 Running commit-time deposit ingestion barrier up to 2026-06-01T14:35:51.321Z."
timestamp=2026-06-01T14:35:51.928Z level=INFO fiber=#0 message="🏦 1 deposit UTxOs found."
timestamp=2026-06-01T14:35:51.937Z level=INFO fiber=#0 message="🏦 Commit-time deposit barrier reconciled 1 deposit UTxO(s); fetch completed at 2026-06-01T14:35:51.936Z and locked the visibility barrier at 2026-06-01T14:35:51.321Z."
timestamp=2026-06-01T14:35:51.937Z level=INFO fiber=#0 message="Running commit-time withdrawal ingestion barrier up to 2026-06-01T14:35:51.321Z."
timestamp=2026-06-01T14:35:51.988Z level=INFO fiber=#0 message="Commit-time withdrawal barrier reconciled 0 withdrawal UTxO(s); fetch completed at 2026-06-01T14:35:51.988Z and locked the visibility barrier at 2026-06-01T14:35:51.321Z."
timestamp=2026-06-01T14:35:51.988Z level=INFO fiber=#0 message="🔹 Local finalization pending and no recoverable confirmed block is available yet; deferring new submission."
timestamp=2026-06-01T14:35:52.001Z level=INFO fiber=#26 message="👷 Block commitment work completed ({\"type\":\"NothingToCommitOutput\"})."
timestamp=2026-06-01T14:35:52.195Z level=WARN fiber=#0 message="🔍 Pending block header 566e65a215fcd8a5c3a0ebf05d55ccaef77f67b1fac0b37ce0b6aa84 not resolved yet (submitted_tx=d878ac89f58979990412e9ea9f8ac09d6e1fa5c1ef501d5ff7322944c3c5b8af, age_ms=10374, timeout_ms=12000)."
timestamp=2026-06-01T14:35:52.199Z level=INFO fiber=#19 message="🔍 Confirmation work completed ({\"type\":\"NoTxForConfirmationOutput\"})."
[14:35:53.006] INFO (#192): 🔹 New block commitment process started.
[14:35:53.015] INFO (#192): Acquired state-queue mutation lease token=block_commitment:c0fb17ce-a154-4dfc-9d1b-88afdd3b133a,holder=block_commitment,expires_at=2026-06-01T14:45:53.007Z
timestamp=2026-06-01T14:35:53.015Z level=INFO fiber=#674 message="👷 Starting block commitment worker..."
timestamp=2026-06-01T14:35:54.503Z level=INFO fiber=#0 message="Initializing Lucid..."
timestamp=2026-06-01T14:35:54.812Z level=INFO fiber=#0 message="Lucid built successfully."
timestamp=2026-06-01T14:35:54.906Z level=INFO fiber=#0 message="📚 Opening connection to db..."
[14:35:55.547] INFO (#194): 🏦 1 deposit UTxOs found.
[14:35:55.556] INFO (#194): 🏦 Reconciled 1 visible deposit UTxO(s) into deposits_utxos.
timestamp=2026-06-01T14:35:55.571Z level=INFO fiber=#0 message="🔐 Contract source selected: state_queue=real, hub_oracle=real, deposit=real, tx_order=real, withdrawal=real, settlement=real, reserve=real, payout=real, registered_operators=real, active_operators=real, retired_operators=real, scheduler=real, fraud_proofs.double_spend=real"
timestamp=2026-06-01T14:35:55.572Z level=INFO fiber=#0 message="🔹 Retrieving all mempool transactions..."
timestamp=2026-06-01T14:35:55.606Z level=INFO fiber=#0 message="🏦 Running commit-time deposit ingestion barrier up to 2026-06-01T14:35:55.606Z."
timestamp=2026-06-01T14:35:56.229Z level=INFO fiber=#0 message="🏦 1 deposit UTxOs found."
timestamp=2026-06-01T14:35:56.237Z level=INFO fiber=#0 message="🏦 Commit-time deposit barrier reconciled 1 deposit UTxO(s); fetch completed at 2026-06-01T14:35:56.237Z and locked the visibility barrier at 2026-06-01T14:35:55.606Z."
timestamp=2026-06-01T14:35:56.238Z level=INFO fiber=#0 message="Running commit-time withdrawal ingestion barrier up to 2026-06-01T14:35:55.606Z."
timestamp=2026-06-01T14:35:56.293Z level=INFO fiber=#0 message="Commit-time withdrawal barrier reconciled 0 withdrawal UTxO(s); fetch completed at 2026-06-01T14:35:56.293Z and locked the visibility barrier at 2026-06-01T14:35:55.606Z."
timestamp=2026-06-01T14:35:56.293Z level=INFO fiber=#0 message="🔹 Local finalization pending and no recoverable confirmed block is available yet; deferring new submission."
timestamp=2026-06-01T14:35:56.306Z level=INFO fiber=#26 message="👷 Block commitment work completed ({\"type\":\"NothingToCommitOutput\"})."
[14:35:57.312] INFO (#192): 🔹 New block commitment process started.
[14:35:57.322] INFO (#192): Acquired state-queue mutation lease token=block_commitment:2c638e50-111a-40ab-969a-a907ea35b037,holder=block_commitment,expires_at=2026-06-01T14:45:57.314Z
timestamp=2026-06-01T14:35:57.322Z level=INFO fiber=#677 message="👷 Starting block commitment worker..."
[14:35:58.442] INFO (#198): 🔸 Skipping merge while block commitment is unresolved (submitted_tx=d878ac89f58979990412e9ea9f8ac09d6e1fa5c1ef501d5ff7322944c3c5b8af,local_finalization_pending=true).
timestamp=2026-06-01T14:35:58.835Z level=INFO fiber=#0 message="Initializing Lucid..."
timestamp=2026-06-01T14:35:59.102Z level=INFO fiber=#0 message="Lucid built successfully."
timestamp=2026-06-01T14:35:59.196Z level=INFO fiber=#0 message="📚 Opening connection to db..."
timestamp=2026-06-01T14:35:59.851Z level=INFO fiber=#0 message="🔐 Contract source selected: state_queue=real, hub_oracle=real, deposit=real, tx_order=real, withdrawal=real, settlement=real, reserve=real, payout=real, registered_operators=real, active_operators=real, retired_operators=real, scheduler=real, fraud_proofs.double_spend=real"
timestamp=2026-06-01T14:35:59.852Z level=INFO fiber=#0 message="🔹 Retrieving all mempool transactions..."
timestamp=2026-06-01T14:35:59.888Z level=INFO fiber=#0 message="🏦 Running commit-time deposit ingestion barrier up to 2026-06-01T14:35:59.888Z."
timestamp=2026-06-01T14:36:00.513Z level=INFO fiber=#0 message="🏦 1 deposit UTxOs found."
timestamp=2026-06-01T14:36:00.521Z level=INFO fiber=#0 message="🏦 Commit-time deposit barrier reconciled 1 deposit UTxO(s); fetch completed at 2026-06-01T14:36:00.520Z and locked the visibility barrier at 2026-06-01T14:35:59.888Z."
timestamp=2026-06-01T14:36:00.521Z level=INFO fiber=#0 message="Running commit-time withdrawal ingestion barrier up to 2026-06-01T14:35:59.888Z."
timestamp=2026-06-01T14:36:00.573Z level=INFO fiber=#0 message="Commit-time withdrawal barrier reconciled 0 withdrawal UTxO(s); fetch completed at 2026-06-01T14:36:00.573Z and locked the visibility barrier at 2026-06-01T14:35:59.888Z."
timestamp=2026-06-01T14:36:00.574Z level=INFO fiber=#0 message="🔹 Local finalization pending and no recoverable confirmed block is available yet; deferring new submission."
timestamp=2026-06-01T14:36:00.585Z level=INFO fiber=#26 message="👷 Block commitment work completed ({\"type\":\"NothingToCommitOutput\"})."
[14:36:01.589] INFO (#192): 🔹 New block commitment process started.
[14:36:01.592] INFO (#192): Acquired state-queue mutation lease token=block_commitment:4aca92d3-f8b5-4736-8db7-1d30f5609581,holder=block_commitment,expires_at=2026-06-01T14:46:01.590Z
timestamp=2026-06-01T14:36:01.593Z level=INFO fiber=#683 message="👷 Starting block commitment worker..."
[14:36:02.202] INFO (#193): 🔍 New block confirmation process started.
timestamp=2026-06-01T14:36:02.203Z level=INFO fiber=#688 message="🔍 Starting block confirmation worker..."
timestamp=2026-06-01T14:36:03.193Z level=INFO fiber=#0 message="Initializing Lucid..."
timestamp=2026-06-01T14:36:03.509Z level=INFO fiber=#0 message="Lucid built successfully."
timestamp=2026-06-01T14:36:03.688Z level=INFO fiber=#0 message="Initializing Lucid..."
timestamp=2026-06-01T14:36:03.691Z level=INFO fiber=#0 message="📚 Opening connection to db..."
timestamp=2026-06-01T14:36:04.115Z level=INFO fiber=#0 message="Lucid built successfully."
timestamp=2026-06-01T14:36:04.427Z level=INFO fiber=#0 message="🔐 Contract source selected: state_queue=real, hub_oracle=real, deposit=real, tx_order=real, withdrawal=real, settlement=real, reserve=real, payout=real, registered_operators=real, active_operators=real, retired_operators=real, scheduler=real, fraud_proofs.double_spend=real"
timestamp=2026-06-01T14:36:04.427Z level=INFO fiber=#0 message="🔹 Retrieving all mempool transactions..."
timestamp=2026-06-01T14:36:04.462Z level=INFO fiber=#0 message="🏦 Running commit-time deposit ingestion barrier up to 2026-06-01T14:36:04.462Z."
timestamp=2026-06-01T14:36:04.806Z level=INFO fiber=#0 message="🔐 Contract source selected: state_queue=real, hub_oracle=real, deposit=real, tx_order=real, withdrawal=real, settlement=real, reserve=real, payout=real, registered_operators=real, active_operators=real, retired_operators=real, scheduler=real, fraud_proofs.double_spend=real"
timestamp=2026-06-01T14:36:04.807Z level=INFO fiber=#0 message="🔍 Resolving pending block header 566e65a215fcd8a5c3a0ebf05d55ccaef77f67b1fac0b37ce0b6aa84 (submitted_tx=d878ac89f58979990412e9ea9f8ac09d6e1fa5c1ef501d5ff7322944c3c5b8af, age_ms=36110)."
timestamp=2026-06-01T14:36:05.092Z level=INFO fiber=#0 message="🏦 1 deposit UTxOs found."
timestamp=2026-06-01T14:36:05.106Z level=INFO fiber=#0 message="🏦 Commit-time deposit barrier reconciled 1 deposit UTxO(s); fetch completed at 2026-06-01T14:36:05.106Z and locked the visibility barrier at 2026-06-01T14:36:04.462Z."
timestamp=2026-06-01T14:36:05.107Z level=INFO fiber=#0 message="Running commit-time withdrawal ingestion barrier up to 2026-06-01T14:36:04.462Z."
timestamp=2026-06-01T14:36:05.166Z level=INFO fiber=#0 message="Commit-time withdrawal barrier reconciled 0 withdrawal UTxO(s); fetch completed at 2026-06-01T14:36:05.166Z and locked the visibility barrier at 2026-06-01T14:36:04.462Z."
timestamp=2026-06-01T14:36:05.166Z level=INFO fiber=#0 message="🔹 Local finalization pending and no recoverable confirmed block is available yet; deferring new submission."
timestamp=2026-06-01T14:36:05.178Z level=INFO fiber=#26 message="👷 Block commitment work completed ({\"type\":\"NothingToCommitOutput\"})."
timestamp=2026-06-01T14:36:05.441Z level=INFO fiber=#0 message="🔍 Pending block header 566e65a215fcd8a5c3a0ebf05d55ccaef77f67b1fac0b37ce0b6aa84 is present in canonical state_queue."
[14:36:05.463] INFO (#193): 🔍 ☑️  Submitted block confirmed.
[14:36:06.183] INFO (#192): 🔹 New block commitment process started.
[14:36:06.193] INFO (#192): Acquired state-queue mutation lease token=block_commitment:d8b9d6c1-8b2f-4251-8026-7a4f0fc098f4,holder=block_commitment,expires_at=2026-06-01T14:46:06.185Z
timestamp=2026-06-01T14:36:06.193Z level=INFO fiber=#691 message="👷 Starting block commitment worker..."
[14:36:06.279] INFO (#194): 🏦 1 deposit UTxOs found.
[14:36:06.282] INFO (#194): 🏦 Reconciled 1 visible deposit UTxO(s) into deposits_utxos.
timestamp=2026-06-01T14:36:07.652Z level=INFO fiber=#0 message="Initializing Lucid..."
timestamp=2026-06-01T14:36:07.993Z level=INFO fiber=#0 message="Lucid built successfully."
timestamp=2026-06-01T14:36:08.088Z level=INFO fiber=#0 message="📚 Opening connection to db..."
[14:36:08.443] INFO (#198): 🔸 Skipping merge while block commitment is unresolved (submitted_tx=none,local_finalization_pending=true).
timestamp=2026-06-01T14:36:08.949Z level=INFO fiber=#0 message="🔐 Contract source selected: state_queue=real, hub_oracle=real, deposit=real, tx_order=real, withdrawal=real, settlement=real, reserve=real, payout=real, registered_operators=real, active_operators=real, retired_operators=real, scheduler=real, fraud_proofs.double_spend=real"
timestamp=2026-06-01T14:36:08.949Z level=INFO fiber=#0 message="🔹 Retrieving all mempool transactions..."
timestamp=2026-06-01T14:36:08.996Z level=INFO fiber=#0 message="🏦 Running commit-time deposit ingestion barrier up to 2026-06-01T14:36:08.996Z."
timestamp=2026-06-01T14:36:09.627Z level=INFO fiber=#0 message="🏦 1 deposit UTxOs found."
timestamp=2026-06-01T14:36:09.640Z level=INFO fiber=#0 message="🏦 Commit-time deposit barrier reconciled 1 deposit UTxO(s); fetch completed at 2026-06-01T14:36:09.640Z and locked the visibility barrier at 2026-06-01T14:36:08.996Z."
timestamp=2026-06-01T14:36:09.641Z level=INFO fiber=#0 message="Running commit-time withdrawal ingestion barrier up to 2026-06-01T14:36:08.996Z."
timestamp=2026-06-01T14:36:09.699Z level=INFO fiber=#0 message="Commit-time withdrawal barrier reconciled 0 withdrawal UTxO(s); fetch completed at 2026-06-01T14:36:09.699Z and locked the visibility barrier at 2026-06-01T14:36:08.996Z."
timestamp=2026-06-01T14:36:09.702Z level=INFO fiber=#0 message="🔹 Attempting local finalization recovery against confirmed block roots..."
timestamp=2026-06-01T14:36:09.739Z level=INFO fiber=#0 message="🔹 Inserting included transactions into ImmutableDB and BlocksDB, clearing included txs from MempoolDB/ProcessedMempoolDB, and resetting the transactions MPF root marker..."
timestamp=2026-06-01T14:36:09.763Z level=INFO fiber=#31 message="👷 Block commitment work completed ({\"type\":\"SuccessfulLocalFinalizationRecoveryOutput\",\"mempoolTxsCount\":0,\"sizeOfBlocksTxs\":0})."
[14:36:09.764] INFO (#192): 🔹 ☑️  Local finalization recovery completed for confirmed block.
[14:36:10.769] INFO (#192): 🔹 New block commitment process started.
[14:36:10.778] INFO (#192): Acquired state-queue mutation lease token=block_commitment:ee614dba-3422-4169-b7d5-27bf8e403c90,holder=block_commitment,expires_at=2026-06-01T14:46:10.770Z
[14:36:11.457] INFO (#192): 🔹 Using live state-queue tail commit base d878ac89f58979990412e9ea9f8ac09d6e1fa5c1ef501d5ff7322944c3c5b8af#0 from snapshot commit_preflight:d878ac89f58979990412e9ea9f8ac09d6e1fa5c1ef501d5ff7322944c3c5b8af#1:d878ac89f58979990412e9ea9f8ac09d6e1fa5c1ef501d5ff7322944c3c5b8af#0:1780324571457.
timestamp=2026-06-01T14:36:11.457Z level=INFO fiber=#703 message="👷 Starting block commitment worker..."
timestamp=2026-06-01T14:36:13.264Z level=INFO fiber=#0 message="Initializing Lucid..."
timestamp=2026-06-01T14:36:13.594Z level=INFO fiber=#0 message="Lucid built successfully."
timestamp=2026-06-01T14:36:13.726Z level=INFO fiber=#0 message="📚 Opening connection to db..."
timestamp=2026-06-01T14:36:14.518Z level=INFO fiber=#0 message="🔐 Contract source selected: state_queue=real, hub_oracle=real, deposit=real, tx_order=real, withdrawal=real, settlement=real, reserve=real, payout=real, registered_operators=real, active_operators=real, retired_operators=real, scheduler=real, fraud_proofs.double_spend=real"
timestamp=2026-06-01T14:36:14.519Z level=INFO fiber=#0 message="🔹 Retrieving all mempool transactions..."
timestamp=2026-06-01T14:36:14.546Z level=INFO fiber=#0 message="🏦 Running commit-time deposit ingestion barrier up to 2026-06-01T14:36:14.546Z."
timestamp=2026-06-01T14:36:15.161Z level=INFO fiber=#0 message="🏦 1 deposit UTxOs found."
timestamp=2026-06-01T14:36:15.175Z level=INFO fiber=#0 message="🏦 Commit-time deposit barrier reconciled 1 deposit UTxO(s); fetch completed at 2026-06-01T14:36:15.175Z and locked the visibility barrier at 2026-06-01T14:36:14.546Z."
timestamp=2026-06-01T14:36:15.176Z level=INFO fiber=#0 message="Running commit-time withdrawal ingestion barrier up to 2026-06-01T14:36:14.546Z."
timestamp=2026-06-01T14:36:15.230Z level=INFO fiber=#0 message="Commit-time withdrawal barrier reconciled 0 withdrawal UTxO(s); fetch completed at 2026-06-01T14:36:15.230Z and locked the visibility barrier at 2026-06-01T14:36:14.546Z."
timestamp=2026-06-01T14:36:15.232Z level=INFO fiber=#0 message="🔹 Going through mempool txs and finding roots..."
timestamp=2026-06-01T14:36:15.245Z level=INFO fiber=#0 message="🔹 New transaction root found: 0e5751c026e543b2e8ab2eb06099daa1d1e5df47778f7787faab45cdf12fe3a8"
timestamp=2026-06-01T14:36:15.246Z level=INFO fiber=#0 message="🔹 New UTxO root found: d20361c2ae2eef849ae9795aeec6a61a4b72aa44e1462ac47609bcb7cab4bd50"
timestamp=2026-06-01T14:36:15.246Z level=INFO fiber=#0 message="🔹 No transactions were found in MempoolDB, checking ProcessedMempoolDB..."
timestamp=2026-06-01T14:36:15.247Z level=INFO fiber=#0 message="🔹 Previous submitted block is now confirmed, deserializing..."
timestamp=2026-06-01T14:36:15.249Z level=INFO fiber=#0 message="🔹 Checking for user events... (no tx requests in queue)"
timestamp=2026-06-01T14:36:15.249Z level=INFO fiber=#0 message="🔹 Nothing to commit."
timestamp=2026-06-01T14:36:15.260Z level=INFO fiber=#29 message="👷 Block commitment work completed ({\"type\":\"NothingToCommitOutput\"})."
[14:36:15.467] INFO (#193): 🔍 New block confirmation process started.
timestamp=2026-06-01T14:36:15.467Z level=INFO fiber=#704 message="🔍 Starting block confirmation worker..."
[14:36:16.264] INFO (#192): 🔹 New block commitment process started.
[14:36:16.273] INFO (#192): Acquired state-queue mutation lease token=block_commitment:db6b7bf9-5c1c-46fb-b71a-b397f43c1b92,holder=block_commitment,expires_at=2026-06-01T14:46:16.265Z
timestamp=2026-06-01T14:36:16.935Z level=INFO fiber=#0 message="Initializing Lucid..."
[14:36:16.939] INFO (#192): 🔹 Using live state-queue tail commit base d878ac89f58979990412e9ea9f8ac09d6e1fa5c1ef501d5ff7322944c3c5b8af#0 from snapshot commit_preflight:d878ac89f58979990412e9ea9f8ac09d6e1fa5c1ef501d5ff7322944c3c5b8af#1:d878ac89f58979990412e9ea9f8ac09d6e1fa5c1ef501d5ff7322944c3c5b8af#0:1780324576939.
timestamp=2026-06-01T14:36:16.939Z level=INFO fiber=#713 message="👷 Starting block commitment worker..."
[14:36:16.976] INFO (#194): 🏦 1 deposit UTxOs found.
[14:36:16.984] INFO (#194): 🏦 Reconciled 1 visible deposit UTxO(s) into deposits_utxos.
timestamp=2026-06-01T14:36:17.248Z level=INFO fiber=#0 message="Lucid built successfully."
[14:36:18.447] INFO (#198): 🔸 Skipping merge because the state-queue mutation lease is busy (active_holder=block_commitment,active_token=block_commitment:db6b7bf9-5c1c-46fb-b71a-b397f43c1b92,active_expires_at=2026-06-01T14:46:16.265Z).
timestamp=2026-06-01T14:36:18.846Z level=INFO fiber=#0 message="Initializing Lucid..."
timestamp=2026-06-01T14:36:19.130Z level=INFO fiber=#0 message="Lucid built successfully."
timestamp=2026-06-01T14:36:19.227Z level=INFO fiber=#0 message="📚 Opening connection to db..."
timestamp=2026-06-01T14:36:19.928Z level=INFO fiber=#0 message="🔐 Contract source selected: state_queue=real, hub_oracle=real, deposit=real, tx_order=real, withdrawal=real, settlement=real, reserve=real, payout=real, registered_operators=real, active_operators=real, retired_operators=real, scheduler=real, fraud_proofs.double_spend=real"
timestamp=2026-06-01T14:36:19.929Z level=INFO fiber=#0 message="🔹 Retrieving all mempool transactions..."
timestamp=2026-06-01T14:36:19.957Z level=INFO fiber=#0 message="🏦 Running commit-time deposit ingestion barrier up to 2026-06-01T14:36:19.956Z."
timestamp=2026-06-01T14:36:20.578Z level=INFO fiber=#0 message="🏦 1 deposit UTxOs found."
timestamp=2026-06-01T14:36:20.586Z level=INFO fiber=#0 message="🏦 Commit-time deposit barrier reconciled 1 deposit UTxO(s); fetch completed at 2026-06-01T14:36:20.586Z and locked the visibility barrier at 2026-06-01T14:36:19.956Z."
timestamp=2026-06-01T14:36:20.587Z level=INFO fiber=#0 message="Running commit-time withdrawal ingestion barrier up to 2026-06-01T14:36:19.956Z."
timestamp=2026-06-01T14:36:20.654Z level=INFO fiber=#0 message="Commit-time withdrawal barrier reconciled 0 withdrawal UTxO(s); fetch completed at 2026-06-01T14:36:20.654Z and locked the visibility barrier at 2026-06-01T14:36:19.956Z."
timestamp=2026-06-01T14:36:20.656Z level=INFO fiber=#0 message="🔹 Going through mempool txs and finding roots..."
timestamp=2026-06-01T14:36:20.669Z level=INFO fiber=#0 message="🔹 New transaction root found: 0e5751c026e543b2e8ab2eb06099daa1d1e5df47778f7787faab45cdf12fe3a8"
timestamp=2026-06-01T14:36:20.669Z level=INFO fiber=#0 message="🔹 New UTxO root found: d20361c2ae2eef849ae9795aeec6a61a4b72aa44e1462ac47609bcb7cab4bd50"
timestamp=2026-06-01T14:36:20.669Z level=INFO fiber=#0 message="🔹 No transactions were found in MempoolDB, checking ProcessedMempoolDB..."
timestamp=2026-06-01T14:36:20.671Z level=INFO fiber=#0 message="🔹 Previous submitted block is now confirmed, deserializing..."
timestamp=2026-06-01T14:36:20.673Z level=INFO fiber=#0 message="🔹 Checking for user events... (no tx requests in queue)"
timestamp=2026-06-01T14:36:20.673Z level=INFO fiber=#0 message="🔹 Nothing to commit."
timestamp=2026-06-01T14:36:20.685Z level=INFO fiber=#29 message="👷 Block commitment work completed ({\"type\":\"NothingToCommitOutput\"})."
[14:36:21.691] INFO (#192): 🔹 New block commitment process started.
[14:36:21.696] INFO (#192): Acquired state-queue mutation lease token=block_commitment:81f2e950-e3f8-4918-bf86-78fdb36df1fa,holder=block_commitment,expires_at=2026-06-01T14:46:21.693Z
[14:36:22.315] INFO (#192): 🔹 Using live state-queue tail commit base d878ac89f58979990412e9ea9f8ac09d6e1fa5c1ef501d5ff7322944c3c5b8af#0 from snapshot commit_preflight:d878ac89f58979990412e9ea9f8ac09d6e1fa5c1ef501d5ff7322944c3c5b8af#1:d878ac89f58979990412e9ea9f8ac09d6e1fa5c1ef501d5ff7322944c3c5b8af#0:1780324582315.
timestamp=2026-06-01T14:36:22.315Z level=INFO fiber=#725 message="👷 Starting block commitment worker..."
timestamp=2026-06-01T14:36:23.827Z level=INFO fiber=#0 message="Initializing Lucid..."
timestamp=2026-06-01T14:36:24.096Z level=INFO fiber=#0 message="Lucid built successfully."
timestamp=2026-06-01T14:36:24.190Z level=INFO fiber=#0 message="📚 Opening connection to db..."
timestamp=2026-06-01T14:36:24.868Z level=INFO fiber=#0 message="🔐 Contract source selected: state_queue=real, hub_oracle=real, deposit=real, tx_order=real, withdrawal=real, settlement=real, reserve=real, payout=real, registered_operators=real, active_operators=real, retired_operators=real, scheduler=real, fraud_proofs.double_spend=real"
timestamp=2026-06-01T14:36:24.869Z level=INFO fiber=#0 message="🔹 Retrieving all mempool transactions..."
timestamp=2026-06-01T14:36:24.899Z level=INFO fiber=#0 message="🏦 Running commit-time deposit ingestion barrier up to 2026-06-01T14:36:24.899Z."
timestamp=2026-06-01T14:36:25.514Z level=INFO fiber=#0 message="🏦 1 deposit UTxOs found."
timestamp=2026-06-01T14:36:25.528Z level=INFO fiber=#0 message="🏦 Commit-time deposit barrier reconciled 1 deposit UTxO(s); fetch completed at 2026-06-01T14:36:25.528Z and locked the visibility barrier at 2026-06-01T14:36:24.899Z."
timestamp=2026-06-01T14:36:25.529Z level=INFO fiber=#0 message="Running commit-time withdrawal ingestion barrier up to 2026-06-01T14:36:24.899Z."
timestamp=2026-06-01T14:36:25.584Z level=INFO fiber=#0 message="Commit-time withdrawal barrier reconciled 0 withdrawal UTxO(s); fetch completed at 2026-06-01T14:36:25.584Z and locked the visibility barrier at 2026-06-01T14:36:24.899Z."
timestamp=2026-06-01T14:36:25.585Z level=INFO fiber=#0 message="🔹 Going through mempool txs and finding roots..."
timestamp=2026-06-01T14:36:25.598Z level=INFO fiber=#0 message="🔹 New transaction root found: 0e5751c026e543b2e8ab2eb06099daa1d1e5df47778f7787faab45cdf12fe3a8"
timestamp=2026-06-01T14:36:25.598Z level=INFO fiber=#0 message="🔹 New UTxO root found: d20361c2ae2eef849ae9795aeec6a61a4b72aa44e1462ac47609bcb7cab4bd50"
timestamp=2026-06-01T14:36:25.598Z level=INFO fiber=#0 message="🔹 No transactions were found in MempoolDB, checking ProcessedMempoolDB..."
timestamp=2026-06-01T14:36:25.600Z level=INFO fiber=#0 message="🔹 Previous submitted block is now confirmed, deserializing..."
timestamp=2026-06-01T14:36:25.601Z level=INFO fiber=#0 message="🔹 Checking for user events... (no tx requests in queue)"
timestamp=2026-06-01T14:36:25.602Z level=INFO fiber=#0 message="🔹 Nothing to commit."
timestamp=2026-06-01T14:36:25.613Z level=INFO fiber=#29 message="👷 Block commitment work completed ({\"type\":\"NothingToCommitOutput\"})."
[14:36:26.620] INFO (#192): 🔹 New block commitment process started.
[14:36:26.624] INFO (#192): Acquired state-queue mutation lease token=block_commitment:3cb192dc-c370-428e-9641-65551270afd1,holder=block_commitment,expires_at=2026-06-01T14:46:26.622Z
[14:36:27.305] INFO (#192): 🔹 Using live state-queue tail commit base d878ac89f58979990412e9ea9f8ac09d6e1fa5c1ef501d5ff7322944c3c5b8af#0 from snapshot commit_preflight:d878ac89f58979990412e9ea9f8ac09d6e1fa5c1ef501d5ff7322944c3c5b8af#1:d878ac89f58979990412e9ea9f8ac09d6e1fa5c1ef501d5ff7322944c3c5b8af#0:1780324587305.
timestamp=2026-06-01T14:36:27.305Z level=INFO fiber=#734 message="👷 Starting block commitment worker..."
[14:36:27.606] INFO (#194): 🏦 1 deposit UTxOs found.
[14:36:27.609] INFO (#194): 🏦 Reconciled 1 visible deposit UTxO(s) into deposits_utxos.
[14:36:28.213] INFO (#193): 🔍 New block confirmation process started.
timestamp=2026-06-01T14:36:28.213Z level=INFO fiber=#735 message="🔍 Starting block confirmation worker..."
[14:36:28.453] INFO (#198): 🔸 Skipping merge because the state-queue mutation lease is busy (active_holder=block_commitment,active_token=block_commitment:3cb192dc-c370-428e-9641-65551270afd1,active_expires_at=2026-06-01T14:46:26.622Z).
timestamp=2026-06-01T14:36:28.899Z level=INFO fiber=#0 message="Initializing Lucid..."
timestamp=2026-06-01T14:36:29.204Z level=INFO fiber=#0 message="Lucid built successfully."
timestamp=2026-06-01T14:36:29.346Z level=INFO fiber=#0 message="📚 Opening connection to db..."
timestamp=2026-06-01T14:36:29.893Z level=INFO fiber=#0 message="Initializing Lucid..."
timestamp=2026-06-01T14:36:30.202Z level=INFO fiber=#0 message="Lucid built successfully."
timestamp=2026-06-01T14:36:30.248Z level=INFO fiber=#0 message="🔐 Contract source selected: state_queue=real, hub_oracle=real, deposit=real, tx_order=real, withdrawal=real, settlement=real, reserve=real, payout=real, registered_operators=real, active_operators=real, retired_operators=real, scheduler=real, fraud_proofs.double_spend=real"
timestamp=2026-06-01T14:36:30.248Z level=INFO fiber=#0 message="🔹 Retrieving all mempool transactions..."
timestamp=2026-06-01T14:36:30.291Z level=INFO fiber=#0 message="🏦 Running commit-time deposit ingestion barrier up to 2026-06-01T14:36:30.291Z."
timestamp=2026-06-01T14:36:30.915Z level=INFO fiber=#0 message="🏦 1 deposit UTxOs found."
timestamp=2026-06-01T14:36:30.924Z level=INFO fiber=#0 message="🏦 Commit-time deposit barrier reconciled 1 deposit UTxO(s); fetch completed at 2026-06-01T14:36:30.923Z and locked the visibility barrier at 2026-06-01T14:36:30.291Z."
timestamp=2026-06-01T14:36:30.924Z level=INFO fiber=#0 message="Running commit-time withdrawal ingestion barrier up to 2026-06-01T14:36:30.291Z."
timestamp=2026-06-01T14:36:30.995Z level=INFO fiber=#0 message="Commit-time withdrawal barrier reconciled 0 withdrawal UTxO(s); fetch completed at 2026-06-01T14:36:30.994Z and locked the visibility barrier at 2026-06-01T14:36:30.291Z."
timestamp=2026-06-01T14:36:30.997Z level=INFO fiber=#0 message="🔹 Going through mempool txs and finding roots..."
timestamp=2026-06-01T14:36:31.021Z level=INFO fiber=#0 message="🔹 New transaction root found: 0e5751c026e543b2e8ab2eb06099daa1d1e5df47778f7787faab45cdf12fe3a8"
timestamp=2026-06-01T14:36:31.022Z level=INFO fiber=#0 message="🔹 New UTxO root found: d20361c2ae2eef849ae9795aeec6a61a4b72aa44e1462ac47609bcb7cab4bd50"
timestamp=2026-06-01T14:36:31.022Z level=INFO fiber=#0 message="🔹 No transactions were found in MempoolDB, checking ProcessedMempoolDB..."
timestamp=2026-06-01T14:36:31.025Z level=INFO fiber=#0 message="🔹 Previous submitted block is now confirmed, deserializing..."
timestamp=2026-06-01T14:36:31.030Z level=INFO fiber=#0 message="🔹 Checking for user events... (no tx requests in queue)"
timestamp=2026-06-01T14:36:31.031Z level=INFO fiber=#0 message="🔹 Nothing to commit."
timestamp=2026-06-01T14:36:31.051Z level=INFO fiber=#29 message="👷 Block commitment work completed ({\"type\":\"NothingToCommitOutput\"})."
[14:36:32.057] INFO (#192): 🔹 New block commitment process started.
[14:36:32.066] INFO (#192): Acquired state-queue mutation lease token=block_commitment:b7442042-9ad9-42f6-a876-2e77e77c5c1e,holder=block_commitment,expires_at=2026-06-01T14:46:32.058Z
[14:36:32.685] INFO (#192): 🔹 Using live state-queue tail commit base d878ac89f58979990412e9ea9f8ac09d6e1fa5c1ef501d5ff7322944c3c5b8af#0 from snapshot commit_preflight:d878ac89f58979990412e9ea9f8ac09d6e1fa5c1ef501d5ff7322944c3c5b8af#1:d878ac89f58979990412e9ea9f8ac09d6e1fa5c1ef501d5ff7322944c3c5b8af#0:1780324592685.
timestamp=2026-06-01T14:36:32.685Z level=INFO fiber=#747 message="👷 Starting block commitment worker..."
timestamp=2026-06-01T14:36:34.307Z level=INFO fiber=#0 message="Initializing Lucid..."
timestamp=2026-06-01T14:36:34.571Z level=INFO fiber=#0 message="Lucid built successfully."
timestamp=2026-06-01T14:36:34.665Z level=INFO fiber=#0 message="📚 Opening connection to db..."
timestamp=2026-06-01T14:36:35.359Z level=INFO fiber=#0 message="🔐 Contract source selected: state_queue=real, hub_oracle=real, deposit=real, tx_order=real, withdrawal=real, settlement=real, reserve=real, payout=real, registered_operators=real, active_operators=real, retired_operators=real, scheduler=real, fraud_proofs.double_spend=real"
timestamp=2026-06-01T14:36:35.359Z level=INFO fiber=#0 message="🔹 Retrieving all mempool transactions..."
timestamp=2026-06-01T14:36:35.391Z level=INFO fiber=#0 message="🏦 Running commit-time deposit ingestion barrier up to 2026-06-01T14:36:35.391Z."
timestamp=2026-06-01T14:36:36.011Z level=INFO fiber=#0 message="🏦 1 deposit UTxOs found."
timestamp=2026-06-01T14:36:36.024Z level=INFO fiber=#0 message="🏦 Commit-time deposit barrier reconciled 1 deposit UTxO(s); fetch completed at 2026-06-01T14:36:36.024Z and locked the visibility barrier at 2026-06-01T14:36:35.391Z."
timestamp=2026-06-01T14:36:36.025Z level=INFO fiber=#0 message="Running commit-time withdrawal ingestion barrier up to 2026-06-01T14:36:35.391Z."
timestamp=2026-06-01T14:36:36.079Z level=INFO fiber=#0 message="Commit-time withdrawal barrier reconciled 0 withdrawal UTxO(s); fetch completed at 2026-06-01T14:36:36.079Z and locked the visibility barrier at 2026-06-01T14:36:35.391Z."
timestamp=2026-06-01T14:36:36.080Z level=INFO fiber=#0 message="🔹 Going through mempool txs and finding roots..."
timestamp=2026-06-01T14:36:36.093Z level=INFO fiber=#0 message="🔹 New transaction root found: 0e5751c026e543b2e8ab2eb06099daa1d1e5df47778f7787faab45cdf12fe3a8"
timestamp=2026-06-01T14:36:36.094Z level=INFO fiber=#0 message="🔹 New UTxO root found: d20361c2ae2eef849ae9795aeec6a61a4b72aa44e1462ac47609bcb7cab4bd50"
timestamp=2026-06-01T14:36:36.094Z level=INFO fiber=#0 message="🔹 No transactions were found in MempoolDB, checking ProcessedMempoolDB..."
timestamp=2026-06-01T14:36:36.095Z level=INFO fiber=#0 message="🔹 Previous submitted block is now confirmed, deserializing..."
timestamp=2026-06-01T14:36:36.098Z level=INFO fiber=#0 message="🔹 Checking for user events... (no tx requests in queue)"
timestamp=2026-06-01T14:36:36.099Z level=INFO fiber=#0 message="🔹 Nothing to commit."
timestamp=2026-06-01T14:36:36.111Z level=INFO fiber=#29 message="👷 Block commitment work completed ({\"type\":\"NothingToCommitOutput\"})."
[14:36:37.116] INFO (#192): 🔹 New block commitment process started.
[14:36:37.120] INFO (#192): Acquired state-queue mutation lease token=block_commitment:b92278b0-c511-431f-a4a5-ae52324b1553,holder=block_commitment,expires_at=2026-06-01T14:46:37.118Z
[14:36:37.775] INFO (#192): 🔹 Using live state-queue tail commit base d878ac89f58979990412e9ea9f8ac09d6e1fa5c1ef501d5ff7322944c3c5b8af#0 from snapshot commit_preflight:d878ac89f58979990412e9ea9f8ac09d6e1fa5c1ef501d5ff7322944c3c5b8af#1:d878ac89f58979990412e9ea9f8ac09d6e1fa5c1ef501d5ff7322944c3c5b8af#0:1780324597775.
timestamp=2026-06-01T14:36:37.775Z level=INFO fiber=#756 message="👷 Starting block commitment worker..."
[14:36:38.221] INFO (#194): 🏦 1 deposit UTxOs found.
[14:36:38.231] INFO (#194): 🏦 Reconciled 1 visible deposit UTxO(s) into deposits_utxos.
[14:36:38.457] INFO (#198): 🔸 Skipping merge because the state-queue mutation lease is busy (active_holder=block_commitment,active_token=block_commitment:b92278b0-c511-431f-a4a5-ae52324b1553,active_expires_at=2026-06-01T14:46:37.118Z).
timestamp=2026-06-01T14:36:39.246Z level=INFO fiber=#0 message="Initializing Lucid..."
timestamp=2026-06-01T14:36:39.527Z level=INFO fiber=#0 message="Lucid built successfully."
timestamp=2026-06-01T14:36:39.625Z level=INFO fiber=#0 message="📚 Opening connection to db..."
timestamp=2026-06-01T14:36:40.298Z level=INFO fiber=#0 message="🔐 Contract source selected: state_queue=real, hub_oracle=real, deposit=real, tx_order=real, withdrawal=real, settlement=real, reserve=real, payout=real, registered_operators=real, active_operators=real, retired_operators=real, scheduler=real, fraud_proofs.double_spend=real"
timestamp=2026-06-01T14:36:40.299Z level=INFO fiber=#0 message="🔹 Retrieving all mempool transactions..."
timestamp=2026-06-01T14:36:40.328Z level=INFO fiber=#0 message="🏦 Running commit-time deposit ingestion barrier up to 2026-06-01T14:36:40.327Z."
timestamp=2026-06-01T14:36:40.954Z level=INFO fiber=#0 message="🏦 1 deposit UTxOs found."
timestamp=2026-06-01T14:36:40.967Z level=INFO fiber=#0 message="🏦 Commit-time deposit barrier reconciled 1 deposit UTxO(s); fetch completed at 2026-06-01T14:36:40.967Z and locked the visibility barrier at 2026-06-01T14:36:40.327Z."
timestamp=2026-06-01T14:36:40.967Z level=INFO fiber=#0 message="Running commit-time withdrawal ingestion barrier up to 2026-06-01T14:36:40.327Z."
[14:36:40.991] INFO (#193): 🔍 New block confirmation process started.
timestamp=2026-06-01T14:36:40.991Z level=INFO fiber=#760 message="🔍 Starting block confirmation worker..."
timestamp=2026-06-01T14:36:41.028Z level=INFO fiber=#0 message="Commit-time withdrawal barrier reconciled 0 withdrawal UTxO(s); fetch completed at 2026-06-01T14:36:41.028Z and locked the visibility barrier at 2026-06-01T14:36:40.327Z."
timestamp=2026-06-01T14:36:41.029Z level=INFO fiber=#0 message="🔹 Going through mempool txs and finding roots..."
timestamp=2026-06-01T14:36:41.042Z level=INFO fiber=#0 message="🔹 New transaction root found: 0e5751c026e543b2e8ab2eb06099daa1d1e5df47778f7787faab45cdf12fe3a8"
timestamp=2026-06-01T14:36:41.043Z level=INFO fiber=#0 message="🔹 New UTxO root found: d20361c2ae2eef849ae9795aeec6a61a4b72aa44e1462ac47609bcb7cab4bd50"
timestamp=2026-06-01T14:36:41.043Z level=INFO fiber=#0 message="🔹 No transactions were found in MempoolDB, checking ProcessedMempoolDB..."
timestamp=2026-06-01T14:36:41.044Z level=INFO fiber=#0 message="🔹 Previous submitted block is now confirmed, deserializing..."
timestamp=2026-06-01T14:36:41.047Z level=INFO fiber=#0 message="🔹 Checking for user events... (no tx requests in queue)"
timestamp=2026-06-01T14:36:41.048Z level=INFO fiber=#0 message="🔹 Nothing to commit."
timestamp=2026-06-01T14:36:41.064Z level=INFO fiber=#29 message="👷 Block commitment work completed ({\"type\":\"NothingToCommitOutput\"})."
[14:36:42.068] INFO (#192): 🔹 New block commitment process started.
[14:36:42.072] INFO (#192): Acquired state-queue mutation lease token=block_commitment:94c37979-6c26-4ed5-ba8e-18ff7254809c,holder=block_commitment,expires_at=2026-06-01T14:46:42.070Z
timestamp=2026-06-01T14:36:42.274Z level=INFO fiber=#0 message="Initializing Lucid..."
timestamp=2026-06-01T14:36:42.578Z level=INFO fiber=#0 message="Lucid built successfully."
[14:36:42.679] INFO (#192): 🔹 Using live state-queue tail commit base d878ac89f58979990412e9ea9f8ac09d6e1fa5c1ef501d5ff7322944c3c5b8af#0 from snapshot commit_preflight:d878ac89f58979990412e9ea9f8ac09d6e1fa5c1ef501d5ff7322944c3c5b8af#1:d878ac89f58979990412e9ea9f8ac09d6e1fa5c1ef501d5ff7322944c3c5b8af#0:1780324602679.
timestamp=2026-06-01T14:36:42.679Z level=INFO fiber=#769 message="👷 Starting block commitment worker..."
timestamp=2026-06-01T14:36:44.289Z level=INFO fiber=#0 message="Initializing Lucid..."
timestamp=2026-06-01T14:36:44.573Z level=INFO fiber=#0 message="Lucid built successfully."
timestamp=2026-06-01T14:36:44.666Z level=INFO fiber=#0 message="📚 Opening connection to db..."
timestamp=2026-06-01T14:36:45.315Z level=INFO fiber=#0 message="🔐 Contract source selected: state_queue=real, hub_oracle=real, deposit=real, tx_order=real, withdrawal=real, settlement=real, reserve=real, payout=real, registered_operators=real, active_operators=real, retired_operators=real, scheduler=real, fraud_proofs.double_spend=real"
timestamp=2026-06-01T14:36:45.316Z level=INFO fiber=#0 message="🔹 Retrieving all mempool transactions..."
timestamp=2026-06-01T14:36:45.347Z level=INFO fiber=#0 message="🏦 Running commit-time deposit ingestion barrier up to 2026-06-01T14:36:45.347Z."
timestamp=2026-06-01T14:36:45.994Z level=INFO fiber=#0 message="🏦 1 deposit UTxOs found."
timestamp=2026-06-01T14:36:46.008Z level=INFO fiber=#0 message="🏦 Commit-time deposit barrier reconciled 1 deposit UTxO(s); fetch completed at 2026-06-01T14:36:46.008Z and locked the visibility barrier at 2026-06-01T14:36:45.347Z."
timestamp=2026-06-01T14:36:46.008Z level=INFO fiber=#0 message="Running commit-time withdrawal ingestion barrier up to 2026-06-01T14:36:45.347Z."
timestamp=2026-06-01T14:36:46.073Z level=INFO fiber=#0 message="Commit-time withdrawal barrier reconciled 0 withdrawal UTxO(s); fetch completed at 2026-06-01T14:36:46.073Z and locked the visibility barrier at 2026-06-01T14:36:45.347Z."
timestamp=2026-06-01T14:36:46.074Z level=INFO fiber=#0 message="🔹 Going through mempool txs and finding roots..."
timestamp=2026-06-01T14:36:46.087Z level=INFO fiber=#0 message="🔹 New transaction root found: 0e5751c026e543b2e8ab2eb06099daa1d1e5df47778f7787faab45cdf12fe3a8"
timestamp=2026-06-01T14:36:46.088Z level=INFO fiber=#0 message="🔹 New UTxO root found: d20361c2ae2eef849ae9795aeec6a61a4b72aa44e1462ac47609bcb7cab4bd50"
timestamp=2026-06-01T14:36:46.088Z level=INFO fiber=#0 message="🔹 No transactions were found in MempoolDB, checking ProcessedMempoolDB..."
timestamp=2026-06-01T14:36:46.090Z level=INFO fiber=#0 message="🔹 Previous submitted block is now confirmed, deserializing..."
timestamp=2026-06-01T14:36:46.092Z level=INFO fiber=#0 message="🔹 Checking for user events... (no tx requests in queue)"
timestamp=2026-06-01T14:36:46.092Z level=INFO fiber=#0 message="🔹 Nothing to commit."
timestamp=2026-06-01T14:36:46.104Z level=INFO fiber=#29 message="👷 Block commitment work completed ({\"type\":\"NothingToCommitOutput\"})."
[14:36:47.109] INFO (#192): 🔹 New block commitment process started.
[14:36:47.119] INFO (#192): Acquired state-queue mutation lease token=block_commitment:1d223c93-b24b-4105-a8b3-da17feafdc44,holder=block_commitment,expires_at=2026-06-01T14:46:47.111Z
[14:36:47.795] INFO (#192): 🔹 Using live state-queue tail commit base d878ac89f58979990412e9ea9f8ac09d6e1fa5c1ef501d5ff7322944c3c5b8af#0 from snapshot commit_preflight:d878ac89f58979990412e9ea9f8ac09d6e1fa5c1ef501d5ff7322944c3c5b8af#1:d878ac89f58979990412e9ea9f8ac09d6e1fa5c1ef501d5ff7322944c3c5b8af#0:1780324607795.
timestamp=2026-06-01T14:36:47.796Z level=INFO fiber=#777 message="👷 Starting block commitment worker..."
[14:36:48.461] INFO (#198): 🔸 Skipping merge because the state-queue mutation lease is busy (active_holder=block_commitment,active_token=block_commitment:1d223c93-b24b-4105-a8b3-da17feafdc44,active_expires_at=2026-06-01T14:46:47.111Z).
[14:36:48.851] INFO (#194): 🏦 1 deposit UTxOs found.
[14:36:48.860] INFO (#194): 🏦 Reconciled 1 visible deposit UTxO(s) into deposits_utxos.
timestamp=2026-06-01T14:36:49.283Z level=INFO fiber=#0 message="Initializing Lucid..."
timestamp=2026-06-01T14:36:49.561Z level=INFO fiber=#0 message="Lucid built successfully."
timestamp=2026-06-01T14:36:49.668Z level=INFO fiber=#0 message="📚 Opening connection to db..."
timestamp=2026-06-01T14:36:50.340Z level=INFO fiber=#0 message="🔐 Contract source selected: state_queue=real, hub_oracle=real, deposit=real, tx_order=real, withdrawal=real, settlement=real, reserve=real, payout=real, registered_operators=real, active_operators=real, retired_operators=real, scheduler=real, fraud_proofs.double_spend=real"
timestamp=2026-06-01T14:36:50.340Z level=INFO fiber=#0 message="🔹 Retrieving all mempool transactions..."
timestamp=2026-06-01T14:36:50.373Z level=INFO fiber=#0 message="🏦 Running commit-time deposit ingestion barrier up to 2026-06-01T14:36:50.373Z."
timestamp=2026-06-01T14:36:50.994Z level=INFO fiber=#0 message="🏦 1 deposit UTxOs found."
timestamp=2026-06-01T14:36:51.007Z level=INFO fiber=#0 message="🏦 Commit-time deposit barrier reconciled 1 deposit UTxO(s); fetch completed at 2026-06-01T14:36:51.007Z and locked the visibility barrier at 2026-06-01T14:36:50.373Z."
timestamp=2026-06-01T14:36:51.008Z level=INFO fiber=#0 message="Running commit-time withdrawal ingestion barrier up to 2026-06-01T14:36:50.373Z."
timestamp=2026-06-01T14:36:51.068Z level=INFO fiber=#0 message="Commit-time withdrawal barrier reconciled 0 withdrawal UTxO(s); fetch completed at 2026-06-01T14:36:51.068Z and locked the visibility barrier at 2026-06-01T14:36:50.373Z."
timestamp=2026-06-01T14:36:51.069Z level=INFO fiber=#0 message="🔹 Going through mempool txs and finding roots..."
timestamp=2026-06-01T14:36:51.083Z level=INFO fiber=#0 message="🔹 New transaction root found: 0e5751c026e543b2e8ab2eb06099daa1d1e5df47778f7787faab45cdf12fe3a8"
timestamp=2026-06-01T14:36:51.083Z level=INFO fiber=#0 message="🔹 New UTxO root found: d20361c2ae2eef849ae9795aeec6a61a4b72aa44e1462ac47609bcb7cab4bd50"
timestamp=2026-06-01T14:36:51.084Z level=INFO fiber=#0 message="🔹 No transactions were found in MempoolDB, checking ProcessedMempoolDB..."
timestamp=2026-06-01T14:36:51.085Z level=INFO fiber=#0 message="🔹 Previous submitted block is now confirmed, deserializing..."
timestamp=2026-06-01T14:36:51.088Z level=INFO fiber=#0 message="🔹 Checking for user events... (no tx requests in queue)"
timestamp=2026-06-01T14:36:51.089Z level=INFO fiber=#0 message="🔹 Nothing to commit."
timestamp=2026-06-01T14:36:51.101Z level=INFO fiber=#29 message="👷 Block commitment work completed ({\"type\":\"NothingToCommitOutput\"})."
[14:36:52.106] INFO (#192): 🔹 New block commitment process started.
[14:36:52.110] INFO (#192): Acquired state-queue mutation lease token=block_commitment:2e15576d-2337-4a4f-8bf9-319ec071284d,holder=block_commitment,expires_at=2026-06-01T14:46:52.107Z
[14:36:52.746] INFO (#192): 🔹 Using live state-queue tail commit base d878ac89f58979990412e9ea9f8ac09d6e1fa5c1ef501d5ff7322944c3c5b8af#0 from snapshot commit_preflight:d878ac89f58979990412e9ea9f8ac09d6e1fa5c1ef501d5ff7322944c3c5b8af#1:d878ac89f58979990412e9ea9f8ac09d6e1fa5c1ef501d5ff7322944c3c5b8af#0:1780324612746.
timestamp=2026-06-01T14:36:52.746Z level=INFO fiber=#790 message="👷 Starting block commitment worker..."
[14:36:53.313] INFO (#193): 🔍 New block confirmation process started.
timestamp=2026-06-01T14:36:53.313Z level=INFO fiber=#791 message="🔍 Starting block confirmation worker..."
timestamp=2026-06-01T14:36:54.452Z level=INFO fiber=#0 message="Initializing Lucid..."
timestamp=2026-06-01T14:36:54.773Z level=INFO fiber=#0 message="Lucid built successfully."
timestamp=2026-06-01T14:36:54.874Z level=INFO fiber=#0 message="Initializing Lucid..."
timestamp=2026-06-01T14:36:54.885Z level=INFO fiber=#0 message="📚 Opening connection to db..."
timestamp=2026-06-01T14:36:55.124Z level=INFO fiber=#0 message="Lucid built successfully."
timestamp=2026-06-01T14:36:55.638Z level=INFO fiber=#0 message="🔐 Contract source selected: state_queue=real, hub_oracle=real, deposit=real, tx_order=real, withdrawal=real, settlement=real, reserve=real, payout=real, registered_operators=real, active_operators=real, retired_operators=real, scheduler=real, fraud_proofs.double_spend=real"
timestamp=2026-06-01T14:36:55.638Z level=INFO fiber=#0 message="🔹 Retrieving all mempool transactions..."
timestamp=2026-06-01T14:36:55.672Z level=INFO fiber=#0 message="🏦 Running commit-time deposit ingestion barrier up to 2026-06-01T14:36:55.672Z."
timestamp=2026-06-01T14:36:56.296Z level=INFO fiber=#0 message="🏦 1 deposit UTxOs found."
timestamp=2026-06-01T14:36:56.304Z level=INFO fiber=#0 message="🏦 Commit-time deposit barrier reconciled 1 deposit UTxO(s); fetch completed at 2026-06-01T14:36:56.304Z and locked the visibility barrier at 2026-06-01T14:36:55.672Z."
timestamp=2026-06-01T14:36:56.304Z level=INFO fiber=#0 message="Running commit-time withdrawal ingestion barrier up to 2026-06-01T14:36:55.672Z."
timestamp=2026-06-01T14:36:56.365Z level=INFO fiber=#0 message="Commit-time withdrawal barrier reconciled 0 withdrawal UTxO(s); fetch completed at 2026-06-01T14:36:56.365Z and locked the visibility barrier at 2026-06-01T14:36:55.672Z."
timestamp=2026-06-01T14:36:56.367Z level=INFO fiber=#0 message="🔹 Going through mempool txs and finding roots..."
timestamp=2026-06-01T14:36:56.380Z level=INFO fiber=#0 message="🔹 New transaction root found: 0e5751c026e543b2e8ab2eb06099daa1d1e5df47778f7787faab45cdf12fe3a8"
timestamp=2026-06-01T14:36:56.380Z level=INFO fiber=#0 message="🔹 New UTxO root found: d20361c2ae2eef849ae9795aeec6a61a4b72aa44e1462ac47609bcb7cab4bd50"
timestamp=2026-06-01T14:36:56.381Z level=INFO fiber=#0 message="🔹 No transactions were found in MempoolDB, checking ProcessedMempoolDB..."
timestamp=2026-06-01T14:36:56.382Z level=INFO fiber=#0 message="🔹 Previous submitted block is now confirmed, deserializing..."
timestamp=2026-06-01T14:36:56.384Z level=INFO fiber=#0 message="🔹 Checking for user events... (no tx requests in queue)"
timestamp=2026-06-01T14:36:56.385Z level=INFO fiber=#0 message="🔹 Nothing to commit."
timestamp=2026-06-01T14:36:56.396Z level=INFO fiber=#29 message="👷 Block commitment work completed ({\"type\":\"NothingToCommitOutput\"})."
[14:36:57.401] INFO (#192): 🔹 New block commitment process started.
[14:36:57.410] INFO (#192): Acquired state-queue mutation lease token=block_commitment:e3767c5d-cbcb-40b4-b8d1-e4275fda567b,holder=block_commitment,expires_at=2026-06-01T14:46:57.403Z
[14:36:58.077] INFO (#192): 🔹 Using live state-queue tail commit base d878ac89f58979990412e9ea9f8ac09d6e1fa5c1ef501d5ff7322944c3c5b8af#0 from snapshot commit_preflight:d878ac89f58979990412e9ea9f8ac09d6e1fa5c1ef501d5ff7322944c3c5b8af#1:d878ac89f58979990412e9ea9f8ac09d6e1fa5c1ef501d5ff7322944c3c5b8af#0:1780324618077.
timestamp=2026-06-01T14:36:58.077Z level=INFO fiber=#799 message="👷 Starting block commitment worker..."
[14:36:58.466] INFO (#198): 🔸 Skipping merge because the state-queue mutation lease is busy (active_holder=block_commitment,active_token=block_commitment:e3767c5d-cbcb-40b4-b8d1-e4275fda567b,active_expires_at=2026-06-01T14:46:57.403Z).
[14:36:59.480] INFO (#194): 🏦 1 deposit UTxOs found.
[14:36:59.489] INFO (#194): 🏦 Reconciled 1 visible deposit UTxO(s) into deposits_utxos.
timestamp=2026-06-01T14:36:59.567Z level=INFO fiber=#0 message="Initializing Lucid..."
timestamp=2026-06-01T14:36:59.866Z level=INFO fiber=#0 message="Lucid built successfully."
timestamp=2026-06-01T14:36:59.962Z level=INFO fiber=#0 message="📚 Opening connection to db..."
timestamp=2026-06-01T14:37:00.632Z level=INFO fiber=#0 message="🔐 Contract source selected: state_queue=real, hub_oracle=real, deposit=real, tx_order=real, withdrawal=real, settlement=real, reserve=real, payout=real, registered_operators=real, active_operators=real, retired_operators=real, scheduler=real, fraud_proofs.double_spend=real"
timestamp=2026-06-01T14:37:00.632Z level=INFO fiber=#0 message="🔹 Retrieving all mempool transactions..."
timestamp=2026-06-01T14:37:00.666Z level=INFO fiber=#0 message="🏦 Running commit-time deposit ingestion barrier up to 2026-06-01T14:37:00.666Z."
timestamp=2026-06-01T14:37:01.295Z level=INFO fiber=#0 message="🏦 1 deposit UTxOs found."
timestamp=2026-06-01T14:37:01.308Z level=INFO fiber=#0 message="🏦 Commit-time deposit barrier reconciled 1 deposit UTxO(s); fetch completed at 2026-06-01T14:37:01.308Z and locked the visibility barrier at 2026-06-01T14:37:00.666Z."
timestamp=2026-06-01T14:37:01.309Z level=INFO fiber=#0 message="Running commit-time withdrawal ingestion barrier up to 2026-06-01T14:37:00.666Z."
timestamp=2026-06-01T14:37:01.379Z level=INFO fiber=#0 message="Commit-time withdrawal barrier reconciled 0 withdrawal UTxO(s); fetch completed at 2026-06-01T14:37:01.379Z and locked the visibility barrier at 2026-06-01T14:37:00.666Z."
timestamp=2026-06-01T14:37:01.380Z level=INFO fiber=#0 message="🔹 Going through mempool txs and finding roots..."
timestamp=2026-06-01T14:37:01.393Z level=INFO fiber=#0 message="🔹 New transaction root found: 0e5751c026e543b2e8ab2eb06099daa1d1e5df47778f7787faab45cdf12fe3a8"
timestamp=2026-06-01T14:37:01.393Z level=INFO fiber=#0 message="🔹 New UTxO root found: d20361c2ae2eef849ae9795aeec6a61a4b72aa44e1462ac47609bcb7cab4bd50"
timestamp=2026-06-01T14:37:01.394Z level=INFO fiber=#0 message="🔹 No transactions were found in MempoolDB, checking ProcessedMempoolDB..."
timestamp=2026-06-01T14:37:01.396Z level=INFO fiber=#0 message="🔹 Previous submitted block is now confirmed, deserializing..."
timestamp=2026-06-01T14:37:01.397Z level=INFO fiber=#0 message="🔹 Checking for user events... (no tx requests in queue)"
timestamp=2026-06-01T14:37:01.398Z level=INFO fiber=#0 message="🔹 Nothing to commit."
timestamp=2026-06-01T14:37:01.411Z level=INFO fiber=#29 message="👷 Block commitment work completed ({\"type\":\"NothingToCommitOutput\"})."
[14:37:02.416] INFO (#192): 🔹 New block commitment process started.
[14:37:02.425] INFO (#192): Acquired state-queue mutation lease token=block_commitment:47368a58-b26b-4f86-9bb3-7483e76a48b2,holder=block_commitment,expires_at=2026-06-01T14:47:02.417Z
[14:37:03.082] INFO (#192): 🔹 Using live state-queue tail commit base d878ac89f58979990412e9ea9f8ac09d6e1fa5c1ef501d5ff7322944c3c5b8af#0 from snapshot commit_preflight:d878ac89f58979990412e9ea9f8ac09d6e1fa5c1ef501d5ff7322944c3c5b8af#1:d878ac89f58979990412e9ea9f8ac09d6e1fa5c1ef501d5ff7322944c3c5b8af#0:1780324623081.
timestamp=2026-06-01T14:37:03.082Z level=INFO fiber=#812 message="👷 Starting block commitment worker..."
timestamp=2026-06-01T14:37:04.549Z level=INFO fiber=#0 message="Initializing Lucid..."
timestamp=2026-06-01T14:37:04.842Z level=INFO fiber=#0 message="Lucid built successfully."
timestamp=2026-06-01T14:37:04.936Z level=INFO fiber=#0 message="📚 Opening connection to db..."
timestamp=2026-06-01T14:37:05.584Z level=INFO fiber=#0 message="🔐 Contract source selected: state_queue=real, hub_oracle=real, deposit=real, tx_order=real, withdrawal=real, settlement=real, reserve=real, payout=real, registered_operators=real, active_operators=real, retired_operators=real, scheduler=real, fraud_proofs.double_spend=real"
timestamp=2026-06-01T14:37:05.585Z level=INFO fiber=#0 message="🔹 Retrieving all mempool transactions..."
timestamp=2026-06-01T14:37:05.620Z level=INFO fiber=#0 message="🏦 Running commit-time deposit ingestion barrier up to 2026-06-01T14:37:05.620Z."
[14:37:05.867] INFO (#193): 🔍 New block confirmation process started.
timestamp=2026-06-01T14:37:05.867Z level=INFO fiber=#813 message="🔍 Starting block confirmation worker..."
timestamp=2026-06-01T14:37:06.244Z level=INFO fiber=#0 message="🏦 1 deposit UTxOs found."
timestamp=2026-06-01T14:37:06.258Z level=INFO fiber=#0 message="🏦 Commit-time deposit barrier reconciled 1 deposit UTxO(s); fetch completed at 2026-06-01T14:37:06.258Z and locked the visibility barrier at 2026-06-01T14:37:05.620Z."
timestamp=2026-06-01T14:37:06.259Z level=INFO fiber=#0 message="Running commit-time withdrawal ingestion barrier up to 2026-06-01T14:37:05.620Z."
timestamp=2026-06-01T14:37:06.315Z level=INFO fiber=#0 message="Commit-time withdrawal barrier reconciled 0 withdrawal UTxO(s); fetch completed at 2026-06-01T14:37:06.315Z and locked the visibility barrier at 2026-06-01T14:37:05.620Z."
timestamp=2026-06-01T14:37:06.317Z level=INFO fiber=#0 message="🔹 Going through mempool txs and finding roots..."
timestamp=2026-06-01T14:37:06.334Z level=INFO fiber=#0 message="🔹 New transaction root found: 0e5751c026e543b2e8ab2eb06099daa1d1e5df47778f7787faab45cdf12fe3a8"
timestamp=2026-06-01T14:37:06.334Z level=INFO fiber=#0 message="🔹 New UTxO root found: d20361c2ae2eef849ae9795aeec6a61a4b72aa44e1462ac47609bcb7cab4bd50"
timestamp=2026-06-01T14:37:06.335Z level=INFO fiber=#0 message="🔹 No transactions were found in MempoolDB, checking ProcessedMempoolDB..."
timestamp=2026-06-01T14:37:06.336Z level=INFO fiber=#0 message="🔹 Previous submitted block is now confirmed, deserializing..."
timestamp=2026-06-01T14:37:06.339Z level=INFO fiber=#0 message="🔹 Checking for user events... (no tx requests in queue)"
timestamp=2026-06-01T14:37:06.340Z level=INFO fiber=#0 message="🔹 Nothing to commit."
timestamp=2026-06-01T14:37:06.358Z level=INFO fiber=#29 message="👷 Block commitment work completed ({\"type\":\"NothingToCommitOutput\"})."
timestamp=2026-06-01T14:37:07.170Z level=INFO fiber=#0 message="Initializing Lucid..."
[14:37:07.363] INFO (#192): 🔹 New block commitment process started.
[14:37:07.373] INFO (#192): Acquired state-queue mutation lease token=block_commitment:304670bb-387a-47bf-b8cb-27bafb5f1696,holder=block_commitment,expires_at=2026-06-01T14:47:07.365Z
timestamp=2026-06-01T14:37:07.489Z level=INFO fiber=#0 message="Lucid built successfully."
[14:37:08.041] INFO (#192): 🔹 Using live state-queue tail commit base d878ac89f58979990412e9ea9f8ac09d6e1fa5c1ef501d5ff7322944c3c5b8af#0 from snapshot commit_preflight:d878ac89f58979990412e9ea9f8ac09d6e1fa5c1ef501d5ff7322944c3c5b8af#1:d878ac89f58979990412e9ea9f8ac09d6e1fa5c1ef501d5ff7322944c3c5b8af#0:1780324628040.
timestamp=2026-06-01T14:37:08.041Z level=INFO fiber=#821 message="👷 Starting block commitment worker..."
[14:37:08.470] INFO (#198): 🔸 Skipping merge because the state-queue mutation lease is busy (active_holder=block_commitment,active_token=block_commitment:304670bb-387a-47bf-b8cb-27bafb5f1696,active_expires_at=2026-06-01T14:47:07.365Z).
timestamp=2026-06-01T14:37:09.563Z level=INFO fiber=#0 message="Initializing Lucid..."
timestamp=2026-06-01T14:37:09.852Z level=INFO fiber=#0 message="Lucid built successfully."
timestamp=2026-06-01T14:37:09.944Z level=INFO fiber=#0 message="📚 Opening connection to db..."
[14:37:10.107] INFO (#194): 🏦 1 deposit UTxOs found.
[14:37:10.115] INFO (#194): 🏦 Reconciled 1 visible deposit UTxO(s) into deposits_utxos.
timestamp=2026-06-01T14:37:10.604Z level=INFO fiber=#0 message="🔐 Contract source selected: state_queue=real, hub_oracle=real, deposit=real, tx_order=real, withdrawal=real, settlement=real, reserve=real, payout=real, registered_operators=real, active_operators=real, retired_operators=real, scheduler=real, fraud_proofs.double_spend=real"
timestamp=2026-06-01T14:37:10.605Z level=INFO fiber=#0 message="🔹 Retrieving all mempool transactions..."
timestamp=2026-06-01T14:37:10.637Z level=INFO fiber=#0 message="🏦 Running commit-time deposit ingestion barrier up to 2026-06-01T14:37:10.637Z."
timestamp=2026-06-01T14:37:11.255Z level=INFO fiber=#0 message="🏦 1 deposit UTxOs found."
timestamp=2026-06-01T14:37:11.263Z level=INFO fiber=#0 message="🏦 Commit-time deposit barrier reconciled 1 deposit UTxO(s); fetch completed at 2026-06-01T14:37:11.263Z and locked the visibility barrier at 2026-06-01T14:37:10.637Z."
timestamp=2026-06-01T14:37:11.263Z level=INFO fiber=#0 message="Running commit-time withdrawal ingestion barrier up to 2026-06-01T14:37:10.637Z."
timestamp=2026-06-01T14:37:11.321Z level=INFO fiber=#0 message="Commit-time withdrawal barrier reconciled 0 withdrawal UTxO(s); fetch completed at 2026-06-01T14:37:11.321Z and locked the visibility barrier at 2026-06-01T14:37:10.637Z."
timestamp=2026-06-01T14:37:11.323Z level=INFO fiber=#0 message="🔹 Going through mempool txs and finding roots..."
timestamp=2026-06-01T14:37:11.336Z level=INFO fiber=#0 message="🔹 New transaction root found: 0e5751c026e543b2e8ab2eb06099daa1d1e5df47778f7787faab45cdf12fe3a8"
timestamp=2026-06-01T14:37:11.336Z level=INFO fiber=#0 message="🔹 New UTxO root found: d20361c2ae2eef849ae9795aeec6a61a4b72aa44e1462ac47609bcb7cab4bd50"
timestamp=2026-06-01T14:37:11.336Z level=INFO fiber=#0 message="🔹 No transactions were found in MempoolDB, checking ProcessedMempoolDB..."
timestamp=2026-06-01T14:37:11.337Z level=INFO fiber=#0 message="🔹 Previous submitted block is now confirmed, deserializing..."
timestamp=2026-06-01T14:37:11.339Z level=INFO fiber=#0 message="🔹 Checking for user events... (no tx requests in queue)"
timestamp=2026-06-01T14:37:11.340Z level=INFO fiber=#0 message="🔹 Nothing to commit."
timestamp=2026-06-01T14:37:11.351Z level=INFO fiber=#29 message="👷 Block commitment work completed ({\"type\":\"NothingToCommitOutput\"})."
[14:37:12.355] INFO (#192): 🔹 New block commitment process started.
[14:37:12.358] INFO (#192): Acquired state-queue mutation lease token=block_commitment:3253829e-4890-4c39-8fd1-a563a511d388,holder=block_commitment,expires_at=2026-06-01T14:47:12.356Z
[14:37:12.970] INFO (#192): 🔹 Using live state-queue tail commit base d878ac89f58979990412e9ea9f8ac09d6e1fa5c1ef501d5ff7322944c3c5b8af#0 from snapshot commit_preflight:d878ac89f58979990412e9ea9f8ac09d6e1fa5c1ef501d5ff7322944c3c5b8af#1:d878ac89f58979990412e9ea9f8ac09d6e1fa5c1ef501d5ff7322944c3c5b8af#0:1780324632970.
timestamp=2026-06-01T14:37:12.971Z level=INFO fiber=#834 message="👷 Starting block commitment worker..."
timestamp=2026-06-01T14:37:14.431Z level=INFO fiber=#0 message="Initializing Lucid..."
timestamp=2026-06-01T14:37:14.733Z level=INFO fiber=#0 message="Lucid built successfully."
timestamp=2026-06-01T14:37:14.827Z level=INFO fiber=#0 message="📚 Opening connection to db..."
timestamp=2026-06-01T14:37:15.466Z level=INFO fiber=#0 message="🔐 Contract source selected: state_queue=real, hub_oracle=real, deposit=real, tx_order=real, withdrawal=real, settlement=real, reserve=real, payout=real, registered_operators=real, active_operators=real, retired_operators=real, scheduler=real, fraud_proofs.double_spend=real"
timestamp=2026-06-01T14:37:15.467Z level=INFO fiber=#0 message="🔹 Retrieving all mempool transactions..."
timestamp=2026-06-01T14:37:15.500Z level=INFO fiber=#0 message="🏦 Running commit-time deposit ingestion barrier up to 2026-06-01T14:37:15.500Z."
timestamp=2026-06-01T14:37:16.124Z level=INFO fiber=#0 message="🏦 1 deposit UTxOs found."
timestamp=2026-06-01T14:37:16.138Z level=INFO fiber=#0 message="🏦 Commit-time deposit barrier reconciled 1 deposit UTxO(s); fetch completed at 2026-06-01T14:37:16.138Z and locked the visibility barrier at 2026-06-01T14:37:15.500Z."
timestamp=2026-06-01T14:37:16.139Z level=INFO fiber=#0 message="Running commit-time withdrawal ingestion barrier up to 2026-06-01T14:37:15.500Z."
timestamp=2026-06-01T14:37:16.197Z level=INFO fiber=#0 message="Commit-time withdrawal barrier reconciled 0 withdrawal UTxO(s); fetch completed at 2026-06-01T14:37:16.197Z and locked the visibility barrier at 2026-06-01T14:37:15.500Z."
timestamp=2026-06-01T14:37:16.198Z level=INFO fiber=#0 message="🔹 Going through mempool txs and finding roots..."
timestamp=2026-06-01T14:37:16.211Z level=INFO fiber=#0 message="🔹 New transaction root found: 0e5751c026e543b2e8ab2eb06099daa1d1e5df47778f7787faab45cdf12fe3a8"
timestamp=2026-06-01T14:37:16.211Z level=INFO fiber=#0 message="🔹 New UTxO root found: d20361c2ae2eef849ae9795aeec6a61a4b72aa44e1462ac47609bcb7cab4bd50"
timestamp=2026-06-01T14:37:16.211Z level=INFO fiber=#0 message="🔹 No transactions were found in MempoolDB, checking ProcessedMempoolDB..."
timestamp=2026-06-01T14:37:16.213Z level=INFO fiber=#0 message="🔹 Previous submitted block is now confirmed, deserializing..."
timestamp=2026-06-01T14:37:16.215Z level=INFO fiber=#0 message="🔹 Checking for user events... (no tx requests in queue)"
timestamp=2026-06-01T14:37:16.216Z level=INFO fiber=#0 message="🔹 Nothing to commit."
timestamp=2026-06-01T14:37:16.227Z level=INFO fiber=#29 message="👷 Block commitment work completed ({\"type\":\"NothingToCommitOutput\"})."
[14:37:17.233] INFO (#192): 🔹 New block commitment process started.
[14:37:17.242] INFO (#192): Acquired state-queue mutation lease token=block_commitment:fbaafdce-6c12-43de-955f-2c3f13eed98d,holder=block_commitment,expires_at=2026-06-01T14:47:17.235Z
[14:37:17.908] INFO (#192): 🔹 Using live state-queue tail commit base d878ac89f58979990412e9ea9f8ac09d6e1fa5c1ef501d5ff7322944c3c5b8af#0 from snapshot commit_preflight:d878ac89f58979990412e9ea9f8ac09d6e1fa5c1ef501d5ff7322944c3c5b8af#1:d878ac89f58979990412e9ea9f8ac09d6e1fa5c1ef501d5ff7322944c3c5b8af#0:1780324637908.
timestamp=2026-06-01T14:37:17.908Z level=INFO fiber=#842 message="👷 Starting block commitment worker..."
[14:37:18.157] INFO (#193): 🔍 New block confirmation process started.
timestamp=2026-06-01T14:37:18.157Z level=INFO fiber=#843 message="🔍 Starting block confirmation worker..."
[14:37:18.475] INFO (#198): 🔸 Skipping merge because the state-queue mutation lease is busy (active_holder=block_commitment,active_token=block_commitment:fbaafdce-6c12-43de-955f-2c3f13eed98d,active_expires_at=2026-06-01T14:47:17.235Z).
timestamp=2026-06-01T14:37:19.588Z level=INFO fiber=#0 message="Initializing Lucid..."
timestamp=2026-06-01T14:37:19.615Z level=INFO fiber=#0 message="Initializing Lucid..."
timestamp=2026-06-01T14:37:19.887Z level=INFO fiber=#0 message="Lucid built successfully."
timestamp=2026-06-01T14:37:19.901Z level=INFO fiber=#0 message="Lucid built successfully."
timestamp=2026-06-01T14:37:20.003Z level=INFO fiber=#0 message="📚 Opening connection to db..."
[14:37:20.727] INFO (#194): 🏦 2 deposit UTxOs found.
[14:37:20.730] INFO (#194): 🏦 Reconciled 2 visible deposit UTxO(s) into deposits_utxos.
timestamp=2026-06-01T14:37:20.765Z level=INFO fiber=#0 message="🔐 Contract source selected: state_queue=real, hub_oracle=real, deposit=real, tx_order=real, withdrawal=real, settlement=real, reserve=real, payout=real, registered_operators=real, active_operators=real, retired_operators=real, scheduler=real, fraud_proofs.double_spend=real"
timestamp=2026-06-01T14:37:20.765Z level=INFO fiber=#0 message="🔹 Retrieving all mempool transactions..."
timestamp=2026-06-01T14:37:20.797Z level=INFO fiber=#0 message="🏦 Running commit-time deposit ingestion barrier up to 2026-06-01T14:37:20.797Z."
timestamp=2026-06-01T14:37:21.420Z level=INFO fiber=#0 message="🏦 1 deposit UTxOs found."
timestamp=2026-06-01T14:37:21.434Z level=INFO fiber=#0 message="🏦 Commit-time deposit barrier reconciled 1 deposit UTxO(s); fetch completed at 2026-06-01T14:37:21.434Z and locked the visibility barrier at 2026-06-01T14:37:20.797Z."
timestamp=2026-06-01T14:37:21.435Z level=INFO fiber=#0 message="Running commit-time withdrawal ingestion barrier up to 2026-06-01T14:37:20.797Z."
timestamp=2026-06-01T14:37:21.494Z level=INFO fiber=#0 message="Commit-time withdrawal barrier reconciled 0 withdrawal UTxO(s); fetch completed at 2026-06-01T14:37:21.494Z and locked the visibility barrier at 2026-06-01T14:37:20.797Z."
timestamp=2026-06-01T14:37:21.495Z level=INFO fiber=#0 message="🔹 Going through mempool txs and finding roots..."
timestamp=2026-06-01T14:37:21.509Z level=INFO fiber=#0 message="🔹 New transaction root found: 0e5751c026e543b2e8ab2eb06099daa1d1e5df47778f7787faab45cdf12fe3a8"
timestamp=2026-06-01T14:37:21.509Z level=INFO fiber=#0 message="🔹 New UTxO root found: d20361c2ae2eef849ae9795aeec6a61a4b72aa44e1462ac47609bcb7cab4bd50"
timestamp=2026-06-01T14:37:21.509Z level=INFO fiber=#0 message="🔹 No transactions were found in MempoolDB, checking ProcessedMempoolDB..."
timestamp=2026-06-01T14:37:21.511Z level=INFO fiber=#0 message="🔹 Previous submitted block is now confirmed, deserializing..."
timestamp=2026-06-01T14:37:21.513Z level=INFO fiber=#0 message="🔹 Checking for user events... (no tx requests in queue)"
timestamp=2026-06-01T14:37:21.514Z level=INFO fiber=#0 message="🔹 Nothing to commit."
timestamp=2026-06-01T14:37:21.525Z level=INFO fiber=#29 message="👷 Block commitment work completed ({\"type\":\"NothingToCommitOutput\"})."
[14:37:22.529] INFO (#192): 🔹 New block commitment process started.
[14:37:22.533] INFO (#192): Acquired state-queue mutation lease token=block_commitment:9053263a-7bb0-4ec3-b799-d1e9f05b0377,holder=block_commitment,expires_at=2026-06-01T14:47:22.531Z
[14:37:23.142] INFO (#192): 🔹 Using live state-queue tail commit base d878ac89f58979990412e9ea9f8ac09d6e1fa5c1ef501d5ff7322944c3c5b8af#0 from snapshot commit_preflight:d878ac89f58979990412e9ea9f8ac09d6e1fa5c1ef501d5ff7322944c3c5b8af#1:d878ac89f58979990412e9ea9f8ac09d6e1fa5c1ef501d5ff7322944c3c5b8af#0:1780324643142.
timestamp=2026-06-01T14:37:23.142Z level=INFO fiber=#856 message="👷 Starting block commitment worker..."
timestamp=2026-06-01T14:37:24.607Z level=INFO fiber=#0 message="Initializing Lucid..."
timestamp=2026-06-01T14:37:24.925Z level=INFO fiber=#0 message="Lucid built successfully."
timestamp=2026-06-01T14:37:25.019Z level=INFO fiber=#0 message="📚 Opening connection to db..."
timestamp=2026-06-01T14:37:25.675Z level=INFO fiber=#0 message="🔐 Contract source selected: state_queue=real, hub_oracle=real, deposit=real, tx_order=real, withdrawal=real, settlement=real, reserve=real, payout=real, registered_operators=real, active_operators=real, retired_operators=real, scheduler=real, fraud_proofs.double_spend=real"
timestamp=2026-06-01T14:37:25.676Z level=INFO fiber=#0 message="🔹 Retrieving all mempool transactions..."
timestamp=2026-06-01T14:37:25.711Z level=INFO fiber=#0 message="🏦 Running commit-time deposit ingestion barrier up to 2026-06-01T14:37:25.710Z."
timestamp=2026-06-01T14:37:26.333Z level=INFO fiber=#0 message="🏦 1 deposit UTxOs found."
timestamp=2026-06-01T14:37:26.341Z level=INFO fiber=#0 message="🏦 Commit-time deposit barrier reconciled 1 deposit UTxO(s); fetch completed at 2026-06-01T14:37:26.341Z and locked the visibility barrier at 2026-06-01T14:37:25.710Z."
timestamp=2026-06-01T14:37:26.341Z level=INFO fiber=#0 message="Running commit-time withdrawal ingestion barrier up to 2026-06-01T14:37:25.710Z."
timestamp=2026-06-01T14:37:26.402Z level=INFO fiber=#0 message="Commit-time withdrawal barrier reconciled 0 withdrawal UTxO(s); fetch completed at 2026-06-01T14:37:26.401Z and locked the visibility barrier at 2026-06-01T14:37:25.710Z."
timestamp=2026-06-01T14:37:26.403Z level=INFO fiber=#0 message="🔹 Going through mempool txs and finding roots..."
timestamp=2026-06-01T14:37:26.416Z level=INFO fiber=#0 message="🔹 New transaction root found: 0e5751c026e543b2e8ab2eb06099daa1d1e5df47778f7787faab45cdf12fe3a8"
timestamp=2026-06-01T14:37:26.417Z level=INFO fiber=#0 message="🔹 New UTxO root found: d20361c2ae2eef849ae9795aeec6a61a4b72aa44e1462ac47609bcb7cab4bd50"
timestamp=2026-06-01T14:37:26.417Z level=INFO fiber=#0 message="🔹 No transactions were found in MempoolDB, checking ProcessedMempoolDB..."
timestamp=2026-06-01T14:37:26.419Z level=INFO fiber=#0 message="🔹 Previous submitted block is now confirmed, deserializing..."
timestamp=2026-06-01T14:37:26.420Z level=INFO fiber=#0 message="🔹 Checking for user events... (no tx requests in queue)"
timestamp=2026-06-01T14:37:26.421Z level=INFO fiber=#0 message="🔹 Nothing to commit."
timestamp=2026-06-01T14:37:26.435Z level=INFO fiber=#29 message="👷 Block commitment work completed ({\"type\":\"NothingToCommitOutput\"})."
[14:37:27.440] INFO (#192): 🔹 New block commitment process started.
[14:37:27.450] INFO (#192): Acquired state-queue mutation lease token=block_commitment:f609c03b-d64d-40c7-b14a-51e79f0ed5ca,holder=block_commitment,expires_at=2026-06-01T14:47:27.442Z
[14:37:28.124] INFO (#192): 🔹 Using live state-queue tail commit base d878ac89f58979990412e9ea9f8ac09d6e1fa5c1ef501d5ff7322944c3c5b8af#0 from snapshot commit_preflight:d878ac89f58979990412e9ea9f8ac09d6e1fa5c1ef501d5ff7322944c3c5b8af#1:d878ac89f58979990412e9ea9f8ac09d6e1fa5c1ef501d5ff7322944c3c5b8af#0:1780324648124.
timestamp=2026-06-01T14:37:28.124Z level=INFO fiber=#864 message="👷 Starting block commitment worker..."
[14:37:28.478] INFO (#198): 🔸 Skipping merge because the state-queue mutation lease is busy (active_holder=block_commitment,active_token=block_commitment:f609c03b-d64d-40c7-b14a-51e79f0ed5ca,active_expires_at=2026-06-01T14:47:27.442Z).
timestamp=2026-06-01T14:37:29.616Z level=INFO fiber=#0 message="Initializing Lucid..."
timestamp=2026-06-01T14:37:29.858Z level=INFO fiber=#0 message="Lucid built successfully."
timestamp=2026-06-01T14:37:29.955Z level=INFO fiber=#0 message="📚 Opening connection to db..."
[14:37:30.632] INFO (#193): 🔍 New block confirmation process started.
timestamp=2026-06-01T14:37:30.632Z level=INFO fiber=#868 message="🔍 Starting block confirmation worker..."
timestamp=2026-06-01T14:37:30.635Z level=INFO fiber=#0 message="🔐 Contract source selected: state_queue=real, hub_oracle=real, deposit=real, tx_order=real, withdrawal=real, settlement=real, reserve=real, payout=real, registered_operators=real, active_operators=real, retired_operators=real, scheduler=real, fraud_proofs.double_spend=real"
timestamp=2026-06-01T14:37:30.636Z level=INFO fiber=#0 message="🔹 Retrieving all mempool transactions..."
timestamp=2026-06-01T14:37:30.678Z level=INFO fiber=#0 message="🏦 Running commit-time deposit ingestion barrier up to 2026-06-01T14:37:30.677Z."
timestamp=2026-06-01T14:37:31.306Z level=INFO fiber=#0 message="🏦 1 deposit UTxOs found."
timestamp=2026-06-01T14:37:31.319Z level=INFO fiber=#0 message="🏦 Commit-time deposit barrier reconciled 1 deposit UTxO(s); fetch completed at 2026-06-01T14:37:31.319Z and locked the visibility barrier at 2026-06-01T14:37:30.677Z."
timestamp=2026-06-01T14:37:31.320Z level=INFO fiber=#0 message="Running commit-time withdrawal ingestion barrier up to 2026-06-01T14:37:30.677Z."
[14:37:31.346] INFO (#194): 🏦 2 deposit UTxOs found.
[14:37:31.350] INFO (#194): 🏦 Reconciled 2 visible deposit UTxO(s) into deposits_utxos.
timestamp=2026-06-01T14:37:31.378Z level=INFO fiber=#0 message="Commit-time withdrawal barrier reconciled 0 withdrawal UTxO(s); fetch completed at 2026-06-01T14:37:31.378Z and locked the visibility barrier at 2026-06-01T14:37:30.677Z."
timestamp=2026-06-01T14:37:31.380Z level=INFO fiber=#0 message="🔹 Going through mempool txs and finding roots..."
timestamp=2026-06-01T14:37:31.397Z level=INFO fiber=#0 message="🔹 New transaction root found: 0e5751c026e543b2e8ab2eb06099daa1d1e5df47778f7787faab45cdf12fe3a8"
timestamp=2026-06-01T14:37:31.397Z level=INFO fiber=#0 message="🔹 New UTxO root found: d20361c2ae2eef849ae9795aeec6a61a4b72aa44e1462ac47609bcb7cab4bd50"
timestamp=2026-06-01T14:37:31.398Z level=INFO fiber=#0 message="🔹 No transactions were found in MempoolDB, checking ProcessedMempoolDB..."
timestamp=2026-06-01T14:37:31.400Z level=INFO fiber=#0 message="🔹 Previous submitted block is now confirmed, deserializing..."
timestamp=2026-06-01T14:37:31.402Z level=INFO fiber=#0 message="🔹 Checking for user events... (no tx requests in queue)"
timestamp=2026-06-01T14:37:31.402Z level=INFO fiber=#0 message="🔹 Nothing to commit."
timestamp=2026-06-01T14:37:31.417Z level=INFO fiber=#29 message="👷 Block commitment work completed ({\"type\":\"NothingToCommitOutput\"})."
timestamp=2026-06-01T14:37:32.039Z level=INFO fiber=#0 message="Initializing Lucid..."
timestamp=2026-06-01T14:37:32.313Z level=INFO fiber=#0 message="Lucid built successfully."
[14:37:32.425] INFO (#192): 🔹 New block commitment process started.
[14:37:32.436] INFO (#192): Acquired state-queue mutation lease token=block_commitment:cb13c3e8-3e2e-46d5-8835-bcc46b9052b3,holder=block_commitment,expires_at=2026-06-01T14:47:32.427Z
[14:37:33.065] INFO (#192): 🔹 Using live state-queue tail commit base d878ac89f58979990412e9ea9f8ac09d6e1fa5c1ef501d5ff7322944c3c5b8af#0 from snapshot commit_preflight:d878ac89f58979990412e9ea9f8ac09d6e1fa5c1ef501d5ff7322944c3c5b8af#1:d878ac89f58979990412e9ea9f8ac09d6e1fa5c1ef501d5ff7322944c3c5b8af#0:1780324653064.
timestamp=2026-06-01T14:37:33.065Z level=INFO fiber=#878 message="👷 Starting block commitment worker..."
timestamp=2026-06-01T14:37:34.670Z level=INFO fiber=#0 message="Initializing Lucid..."
timestamp=2026-06-01T14:37:35.003Z level=INFO fiber=#0 message="Lucid built successfully."
timestamp=2026-06-01T14:37:35.097Z level=INFO fiber=#0 message="📚 Opening connection to db..."
timestamp=2026-06-01T14:37:35.743Z level=INFO fiber=#0 message="🔐 Contract source selected: state_queue=real, hub_oracle=real, deposit=real, tx_order=real, withdrawal=real, settlement=real, reserve=real, payout=real, registered_operators=real, active_operators=real, retired_operators=real, scheduler=real, fraud_proofs.double_spend=real"
timestamp=2026-06-01T14:37:35.744Z level=INFO fiber=#0 message="🔹 Retrieving all mempool transactions..."
timestamp=2026-06-01T14:37:35.777Z level=INFO fiber=#0 message="🏦 Running commit-time deposit ingestion barrier up to 2026-06-01T14:37:35.777Z."
timestamp=2026-06-01T14:37:36.407Z level=INFO fiber=#0 message="🏦 1 deposit UTxOs found."
timestamp=2026-06-01T14:37:36.421Z level=INFO fiber=#0 message="🏦 Commit-time deposit barrier reconciled 1 deposit UTxO(s); fetch completed at 2026-06-01T14:37:36.421Z and locked the visibility barrier at 2026-06-01T14:37:35.777Z."
timestamp=2026-06-01T14:37:36.421Z level=INFO fiber=#0 message="Running commit-time withdrawal ingestion barrier up to 2026-06-01T14:37:35.777Z."
timestamp=2026-06-01T14:37:36.482Z level=INFO fiber=#0 message="Commit-time withdrawal barrier reconciled 0 withdrawal UTxO(s); fetch completed at 2026-06-01T14:37:36.482Z and locked the visibility barrier at 2026-06-01T14:37:35.777Z."
timestamp=2026-06-01T14:37:36.483Z level=INFO fiber=#0 message="🔹 Going through mempool txs and finding roots..."
timestamp=2026-06-01T14:37:36.496Z level=INFO fiber=#0 message="🔹 New transaction root found: 0e5751c026e543b2e8ab2eb06099daa1d1e5df47778f7787faab45cdf12fe3a8"
timestamp=2026-06-01T14:37:36.496Z level=INFO fiber=#0 message="🔹 New UTxO root found: d20361c2ae2eef849ae9795aeec6a61a4b72aa44e1462ac47609bcb7cab4bd50"
timestamp=2026-06-01T14:37:36.496Z level=INFO fiber=#0 message="🔹 No transactions were found in MempoolDB, checking ProcessedMempoolDB..."
timestamp=2026-06-01T14:37:36.498Z level=INFO fiber=#0 message="🔹 Previous submitted block is now confirmed, deserializing..."
timestamp=2026-06-01T14:37:36.500Z level=INFO fiber=#0 message="🔹 Checking for user events... (no tx requests in queue)"
timestamp=2026-06-01T14:37:36.500Z level=INFO fiber=#0 message="🔹 Nothing to commit."
timestamp=2026-06-01T14:37:36.513Z level=INFO fiber=#29 message="👷 Block commitment work completed ({\"type\":\"NothingToCommitOutput\"})."
[14:37:37.518] INFO (#192): 🔹 New block commitment process started.
[14:37:37.528] INFO (#192): Acquired state-queue mutation lease token=block_commitment:75b89862-2e9b-477b-a6d2-91aef89a1b0f,holder=block_commitment,expires_at=2026-06-01T14:47:37.520Z
[14:37:38.204] INFO (#192): 🔹 Using live state-queue tail commit base d878ac89f58979990412e9ea9f8ac09d6e1fa5c1ef501d5ff7322944c3c5b8af#0 from snapshot commit_preflight:d878ac89f58979990412e9ea9f8ac09d6e1fa5c1ef501d5ff7322944c3c5b8af#1:d878ac89f58979990412e9ea9f8ac09d6e1fa5c1ef501d5ff7322944c3c5b8af#0:1780324658204.
timestamp=2026-06-01T14:37:38.204Z level=INFO fiber=#886 message="👷 Starting block commitment worker..."
[14:37:38.482] INFO (#198): 🔸 Skipping merge because the state-queue mutation lease is busy (active_holder=block_commitment,active_token=block_commitment:75b89862-2e9b-477b-a6d2-91aef89a1b0f,active_expires_at=2026-06-01T14:47:37.520Z).
timestamp=2026-06-01T14:37:39.641Z level=INFO fiber=#0 message="Initializing Lucid..."
timestamp=2026-06-01T14:37:39.955Z level=INFO fiber=#0 message="Lucid built successfully."
timestamp=2026-06-01T14:37:40.056Z level=INFO fiber=#0 message="📚 Opening connection to db..."
timestamp=2026-06-01T14:37:40.716Z level=INFO fiber=#0 message="🔐 Contract source selected: state_queue=real, hub_oracle=real, deposit=real, tx_order=real, withdrawal=real, settlement=real, reserve=real, payout=real, registered_operators=real, active_operators=real, retired_operators=real, scheduler=real, fraud_proofs.double_spend=real"
timestamp=2026-06-01T14:37:40.717Z level=INFO fiber=#0 message="🔹 Retrieving all mempool transactions..."
timestamp=2026-06-01T14:37:40.763Z level=INFO fiber=#0 message="🏦 Running commit-time deposit ingestion barrier up to 2026-06-01T14:37:40.763Z."
timestamp=2026-06-01T14:37:41.385Z level=INFO fiber=#0 message="🏦 1 deposit UTxOs found."
timestamp=2026-06-01T14:37:41.399Z level=INFO fiber=#0 message="🏦 Commit-time deposit barrier reconciled 1 deposit UTxO(s); fetch completed at 2026-06-01T14:37:41.399Z and locked the visibility barrier at 2026-06-01T14:37:40.763Z."
timestamp=2026-06-01T14:37:41.399Z level=INFO fiber=#0 message="Running commit-time withdrawal ingestion barrier up to 2026-06-01T14:37:40.763Z."
timestamp=2026-06-01T14:37:41.459Z level=INFO fiber=#0 message="Commit-time withdrawal barrier reconciled 0 withdrawal UTxO(s); fetch completed at 2026-06-01T14:37:41.459Z and locked the visibility barrier at 2026-06-01T14:37:40.763Z."
timestamp=2026-06-01T14:37:41.461Z level=INFO fiber=#0 message="🔹 Going through mempool txs and finding roots..."
timestamp=2026-06-01T14:37:41.473Z level=INFO fiber=#0 message="🔹 New transaction root found: 0e5751c026e543b2e8ab2eb06099daa1d1e5df47778f7787faab45cdf12fe3a8"
timestamp=2026-06-01T14:37:41.474Z level=INFO fiber=#0 message="🔹 New UTxO root found: d20361c2ae2eef849ae9795aeec6a61a4b72aa44e1462ac47609bcb7cab4bd50"
timestamp=2026-06-01T14:37:41.474Z level=INFO fiber=#0 message="🔹 No transactions were found in MempoolDB, checking ProcessedMempoolDB..."
timestamp=2026-06-01T14:37:41.475Z level=INFO fiber=#0 message="🔹 Previous submitted block is now confirmed, deserializing..."
timestamp=2026-06-01T14:37:41.476Z level=INFO fiber=#0 message="🔹 Checking for user events... (no tx requests in queue)"
timestamp=2026-06-01T14:37:41.477Z level=INFO fiber=#0 message="🔹 Nothing to commit."
timestamp=2026-06-01T14:37:41.490Z level=INFO fiber=#29 message="👷 Block commitment work completed ({\"type\":\"NothingToCommitOutput\"})."
[14:37:41.965] INFO (#194): 🏦 2 deposit UTxOs found.
[14:37:41.974] INFO (#194): 🏦 Reconciled 2 visible deposit UTxO(s) into deposits_utxos.
[14:37:42.495] INFO (#192): 🔹 New block commitment process started.
[14:37:42.505] INFO (#192): Acquired state-queue mutation lease token=block_commitment:88e3e0ce-a421-4bdc-a7c7-83a799d31b9e,holder=block_commitment,expires_at=2026-06-01T14:47:42.497Z
[14:37:42.973] INFO (#193): 🔍 New block confirmation process started.
timestamp=2026-06-01T14:37:42.973Z level=INFO fiber=#894 message="🔍 Starting block confirmation worker..."
[14:37:43.121] INFO (#192): 🔹 Using live state-queue tail commit base d878ac89f58979990412e9ea9f8ac09d6e1fa5c1ef501d5ff7322944c3c5b8af#0 from snapshot commit_preflight:d878ac89f58979990412e9ea9f8ac09d6e1fa5c1ef501d5ff7322944c3c5b8af#1:d878ac89f58979990412e9ea9f8ac09d6e1fa5c1ef501d5ff7322944c3c5b8af#0:1780324663121.
timestamp=2026-06-01T14:37:43.121Z level=INFO fiber=#900 message="👷 Starting block commitment worker..."
timestamp=2026-06-01T14:37:44.433Z level=INFO fiber=#0 message="Initializing Lucid..."
timestamp=2026-06-01T14:37:44.730Z level=INFO fiber=#0 message="Lucid built successfully."
timestamp=2026-06-01T14:37:44.816Z level=INFO fiber=#0 message="Initializing Lucid..."
timestamp=2026-06-01T14:37:45.066Z level=INFO fiber=#0 message="Lucid built successfully."
timestamp=2026-06-01T14:37:45.178Z level=INFO fiber=#0 message="📚 Opening connection to db..."
timestamp=2026-06-01T14:37:45.891Z level=INFO fiber=#0 message="🔐 Contract source selected: state_queue=real, hub_oracle=real, deposit=real, tx_order=real, withdrawal=real, settlement=real, reserve=real, payout=real, registered_operators=real, active_operators=real, retired_operators=real, scheduler=real, fraud_proofs.double_spend=real"
timestamp=2026-06-01T14:37:45.891Z level=INFO fiber=#0 message="🔹 Retrieving all mempool transactions..."
timestamp=2026-06-01T14:37:45.925Z level=INFO fiber=#0 message="🏦 Running commit-time deposit ingestion barrier up to 2026-06-01T14:37:45.925Z."
timestamp=2026-06-01T14:37:46.551Z level=INFO fiber=#0 message="🏦 1 deposit UTxOs found."
timestamp=2026-06-01T14:37:46.564Z level=INFO fiber=#0 message="🏦 Commit-time deposit barrier reconciled 1 deposit UTxO(s); fetch completed at 2026-06-01T14:37:46.564Z and locked the visibility barrier at 2026-06-01T14:37:45.925Z."
timestamp=2026-06-01T14:37:46.565Z level=INFO fiber=#0 message="Running commit-time withdrawal ingestion barrier up to 2026-06-01T14:37:45.925Z."
timestamp=2026-06-01T14:37:46.617Z level=INFO fiber=#0 message="Commit-time withdrawal barrier reconciled 0 withdrawal UTxO(s); fetch completed at 2026-06-01T14:37:46.617Z and locked the visibility barrier at 2026-06-01T14:37:45.925Z."
timestamp=2026-06-01T14:37:46.618Z level=INFO fiber=#0 message="🔹 Going through mempool txs and finding roots..."
timestamp=2026-06-01T14:37:46.631Z level=INFO fiber=#0 message="🔹 New transaction root found: 0e5751c026e543b2e8ab2eb06099daa1d1e5df47778f7787faab45cdf12fe3a8"
timestamp=2026-06-01T14:37:46.631Z level=INFO fiber=#0 message="🔹 New UTxO root found: d20361c2ae2eef849ae9795aeec6a61a4b72aa44e1462ac47609bcb7cab4bd50"
timestamp=2026-06-01T14:37:46.631Z level=INFO fiber=#0 message="🔹 No transactions were found in MempoolDB, checking ProcessedMempoolDB..."
timestamp=2026-06-01T14:37:46.633Z level=INFO fiber=#0 message="🔹 Previous submitted block is now confirmed, deserializing..."
timestamp=2026-06-01T14:37:46.634Z level=INFO fiber=#0 message="🔹 Checking for user events... (no tx requests in queue)"
timestamp=2026-06-01T14:37:46.635Z level=INFO fiber=#0 message="🔹 Nothing to commit."
timestamp=2026-06-01T14:37:46.647Z level=INFO fiber=#29 message="👷 Block commitment work completed ({\"type\":\"NothingToCommitOutput\"})."
[14:37:47.652] INFO (#192): 🔹 New block commitment process started.
[14:37:47.661] INFO (#192): Acquired state-queue mutation lease token=block_commitment:69d3479f-6b73-49e2-9d3d-d0282cbcda76,holder=block_commitment,expires_at=2026-06-01T14:47:47.653Z
[14:37:48.358] INFO (#192): 🔹 Using live state-queue tail commit base d878ac89f58979990412e9ea9f8ac09d6e1fa5c1ef501d5ff7322944c3c5b8af#0 from snapshot commit_preflight:d878ac89f58979990412e9ea9f8ac09d6e1fa5c1ef501d5ff7322944c3c5b8af#1:d878ac89f58979990412e9ea9f8ac09d6e1fa5c1ef501d5ff7322944c3c5b8af#0:1780324668358.
timestamp=2026-06-01T14:37:48.359Z level=INFO fiber=#908 message="👷 Starting block commitment worker..."
[14:37:48.488] INFO (#198): 🔸 Skipping merge because the state-queue mutation lease is busy (active_holder=block_commitment,active_token=block_commitment:69d3479f-6b73-49e2-9d3d-d0282cbcda76,active_expires_at=2026-06-01T14:47:47.653Z).
timestamp=2026-06-01T14:37:50.076Z level=INFO fiber=#0 message="Initializing Lucid..."
timestamp=2026-06-01T14:37:50.380Z level=INFO fiber=#0 message="Lucid built successfully."
timestamp=2026-06-01T14:37:50.490Z level=INFO fiber=#0 message="📚 Opening connection to db..."
timestamp=2026-06-01T14:37:51.259Z level=INFO fiber=#0 message="🔐 Contract source selected: state_queue=real, hub_oracle=real, deposit=real, tx_order=real, withdrawal=real, settlement=real, reserve=real, payout=real, registered_operators=real, active_operators=real, retired_operators=real, scheduler=real, fraud_proofs.double_spend=real"
timestamp=2026-06-01T14:37:51.260Z level=INFO fiber=#0 message="🔹 Retrieving all mempool transactions..."
timestamp=2026-06-01T14:37:51.295Z level=INFO fiber=#0 message="🏦 Running commit-time deposit ingestion barrier up to 2026-06-01T14:37:51.295Z."
[14:37:51.472] INFO (#912): Found 3 UTxOs for addr_test1qrtuk9vwzuyj2ly4fp2e0fdc36xzk7j2n34jeygl9n38yce7qqpmjursw62tm3acwl6z2kw38cxau355ukc9cxqyhk0sjy7d2s
[14:37:51.569] INFO (#200): tx-queue validation batch done: queued=1, accepted=1, rejected=0, expired_leases_requeued=0, rejected_by_code=[none]
timestamp=2026-06-01T14:37:51.922Z level=INFO fiber=#0 message="🏦 1 deposit UTxOs found."
timestamp=2026-06-01T14:37:51.932Z level=INFO fiber=#0 message="🏦 Commit-time deposit barrier reconciled 1 deposit UTxO(s); fetch completed at 2026-06-01T14:37:51.932Z and locked the visibility barrier at 2026-06-01T14:37:51.295Z."
timestamp=2026-06-01T14:37:51.932Z level=INFO fiber=#0 message="Running commit-time withdrawal ingestion barrier up to 2026-06-01T14:37:51.295Z."
timestamp=2026-06-01T14:37:51.994Z level=INFO fiber=#0 message="Commit-time withdrawal barrier reconciled 0 withdrawal UTxO(s); fetch completed at 2026-06-01T14:37:51.994Z and locked the visibility barrier at 2026-06-01T14:37:51.295Z."
timestamp=2026-06-01T14:37:51.996Z level=INFO fiber=#0 message="🔹 Going through mempool txs and finding roots..."
timestamp=2026-06-01T14:37:52.009Z level=INFO fiber=#0 message="🔹 New transaction root found: 0e5751c026e543b2e8ab2eb06099daa1d1e5df47778f7787faab45cdf12fe3a8"
timestamp=2026-06-01T14:37:52.009Z level=INFO fiber=#0 message="🔹 New UTxO root found: d20361c2ae2eef849ae9795aeec6a61a4b72aa44e1462ac47609bcb7cab4bd50"
timestamp=2026-06-01T14:37:52.009Z level=INFO fiber=#0 message="🔹 No transactions were found in MempoolDB, checking ProcessedMempoolDB..."
timestamp=2026-06-01T14:37:52.010Z level=INFO fiber=#0 message="🔹 Previous submitted block is now confirmed, deserializing..."
timestamp=2026-06-01T14:37:52.012Z level=INFO fiber=#0 message="🔹 Checking for user events... (no tx requests in queue)"
timestamp=2026-06-01T14:37:52.013Z level=INFO fiber=#0 message="🔹 Nothing to commit."
timestamp=2026-06-01T14:37:52.024Z level=INFO fiber=#29 message="👷 Block commitment work completed ({\"type\":\"NothingToCommitOutput\"})."
[14:37:52.590] INFO (#194): 🏦 2 deposit UTxOs found.
[14:37:52.600] INFO (#194): 🏦 Reconciled 2 visible deposit UTxO(s) into deposits_utxos.
[14:37:53.030] INFO (#192): 🔹 New block commitment process started.
[14:37:53.040] INFO (#192): Acquired state-queue mutation lease token=block_commitment:f70a7786-6705-484f-8904-d1f4f9beb43a,holder=block_commitment,expires_at=2026-06-01T14:47:53.032Z
[14:37:53.701] INFO (#192): 🔹 Using live state-queue tail commit base d878ac89f58979990412e9ea9f8ac09d6e1fa5c1ef501d5ff7322944c3c5b8af#0 from snapshot commit_preflight:d878ac89f58979990412e9ea9f8ac09d6e1fa5c1ef501d5ff7322944c3c5b8af#1:d878ac89f58979990412e9ea9f8ac09d6e1fa5c1ef501d5ff7322944c3c5b8af#0:1780324673701.
timestamp=2026-06-01T14:37:53.701Z level=INFO fiber=#927 message="👷 Starting block commitment worker..."
timestamp=2026-06-01T14:37:55.186Z level=INFO fiber=#0 message="Initializing Lucid..."
timestamp=2026-06-01T14:37:55.469Z level=INFO fiber=#0 message="Lucid built successfully."
[14:37:55.487] INFO (#193): 🔍 New block confirmation process started.
timestamp=2026-06-01T14:37:55.487Z level=INFO fiber=#928 message="🔍 Starting block confirmation worker..."
timestamp=2026-06-01T14:37:55.569Z level=INFO fiber=#0 message="📚 Opening connection to db..."
timestamp=2026-06-01T14:37:56.331Z level=INFO fiber=#0 message="🔐 Contract source selected: state_queue=real, hub_oracle=real, deposit=real, tx_order=real, withdrawal=real, settlement=real, reserve=real, payout=real, registered_operators=real, active_operators=real, retired_operators=real, scheduler=real, fraud_proofs.double_spend=real"
timestamp=2026-06-01T14:37:56.332Z level=INFO fiber=#0 message="🔹 Retrieving all mempool transactions..."
timestamp=2026-06-01T14:37:56.364Z level=INFO fiber=#0 message="🏦 Running commit-time deposit ingestion barrier up to 2026-06-01T14:37:56.364Z."
timestamp=2026-06-01T14:37:56.941Z level=INFO fiber=#0 message="Initializing Lucid..."
timestamp=2026-06-01T14:37:56.981Z level=INFO fiber=#0 message="🏦 1 deposit UTxOs found."
timestamp=2026-06-01T14:37:56.994Z level=INFO fiber=#0 message="🏦 Commit-time deposit barrier reconciled 1 deposit UTxO(s); fetch completed at 2026-06-01T14:37:56.994Z and locked the visibility barrier at 2026-06-01T14:37:56.364Z."
timestamp=2026-06-01T14:37:56.994Z level=INFO fiber=#0 message="Running commit-time withdrawal ingestion barrier up to 2026-06-01T14:37:56.364Z."
timestamp=2026-06-01T14:37:57.061Z level=INFO fiber=#0 message="Commit-time withdrawal barrier reconciled 0 withdrawal UTxO(s); fetch completed at 2026-06-01T14:37:57.061Z and locked the visibility barrier at 2026-06-01T14:37:56.364Z."
timestamp=2026-06-01T14:37:57.065Z level=INFO fiber=#0 message="🔹 Going through mempool txs and finding roots..."
timestamp=2026-06-01T14:37:57.100Z level=INFO fiber=#0 message="🔹 New transaction root found: 83af1bd7bc15458028e8eac4a3aa2fd0b910cd380fb4bea1c35c37e39ac37241"
timestamp=2026-06-01T14:37:57.100Z level=INFO fiber=#0 message="🔹 New UTxO root found: 03256ec6d67f943e729973d0e2c464de07debce18719789750982df5f67a13f4"
timestamp=2026-06-01T14:37:57.100Z level=INFO fiber=#0 message="🔹 1 retrieved."
timestamp=2026-06-01T14:37:57.100Z level=INFO fiber=#0 message="🔹 Previous submitted block is now confirmed, deserializing..."
timestamp=2026-06-01T14:37:57.102Z level=INFO fiber=#0 message="🔹 Checking for user events..."
timestamp=2026-06-01T14:37:57.103Z level=INFO fiber=#0 message="🔹 Deposits root is: 0e5751c026e543b2e8ab2eb06099daa1d1e5df47778f7787faab45cdf12fe3a8"
timestamp=2026-06-01T14:37:57.103Z level=INFO fiber=#0 message="🔹 Withdrawals root is: 0e5751c026e543b2e8ab2eb06099daa1d1e5df47778f7787faab45cdf12fe3a8"
timestamp=2026-06-01T14:37:57.242Z level=INFO fiber=#0 message="Lucid built successfully."
timestamp=2026-06-01T14:37:57.735Z level=INFO fiber=#0 message=allBlocks message=2
[14:37:58.493] INFO (#198): 🔸 Skipping merge because the state-queue mutation lease is busy (active_holder=block_commitment,active_token=block_commitment:f70a7786-6705-484f-8904-d1f4f9beb43a,active_expires_at=2026-06-01T14:47:53.032Z).
[14:38:03.215] INFO (#194): 🏦 2 deposit UTxOs found.
[14:38:03.219] INFO (#194): 🏦 Reconciled 2 visible deposit UTxO(s) into deposits_utxos.
[14:38:07.892] INFO (#193): 🔍 New block confirmation process started.
timestamp=2026-06-01T14:38:07.893Z level=INFO fiber=#934 message="🔍 Starting block confirmation worker..."
[14:38:08.498] INFO (#198): 🔸 Skipping merge because the state-queue mutation lease is busy (active_holder=block_commitment,active_token=block_commitment:f70a7786-6705-484f-8904-d1f4f9beb43a,active_expires_at=2026-06-01T14:47:53.032Z).
timestamp=2026-06-01T14:38:09.167Z level=INFO fiber=#0 message="Initializing Lucid..."
timestamp=2026-06-01T14:38:09.485Z level=INFO fiber=#0 message="Lucid built successfully."
[14:38:13.869] INFO (#194): 🏦 2 deposit UTxOs found.
[14:38:13.878] INFO (#194): 🏦 Reconciled 2 visible deposit UTxO(s) into deposits_utxos.
timestamp=2026-06-01T14:38:16.856Z level=WARN fiber=#0 message="Adjusted commit end-time to maintain monotonic header timing (candidate=1780324671000, minimum=1780324630000, selected=1780324798000, latestEnd=1780324629000)."
timestamp=2026-06-01T14:38:16.857Z level=INFO fiber=#0 message="🔹 Finding updated block datum and new header..."
timestamp=2026-06-01T14:38:16.859Z level=INFO fiber=#0 message="🔹 New header hash is: 36307326981e1ca0f144d4508bd872fe5edb54b2dea52b798e1aba9b"
timestamp=2026-06-01T14:38:16.859Z level=INFO fiber=#0 message="🔹 Building commitment with real state_queue witness context."
timestamp=2026-06-01T14:38:16.859Z level=INFO fiber=#0 message="🔹 Building block commitment transaction..."
timestamp=2026-06-01T14:38:16.861Z level=INFO fiber=#0 message="🔹 Selected fee input d878ac89f58979990412e9ea9f8ac09d6e1fa5c1ef501d5ff7322944c3c5b8af#3 for state_queue commit tx."
timestamp=2026-06-01T14:38:17.527Z level=INFO fiber=#0 message="🔹 Using commit redeemer layout: scheduler_ref_input_index=2,latest_block_input_index=0,active_operators_input_index=1,active_operators_redeemer_index=1,state_queue_spend_redeemer_index=0,new_block_output_index=0,continued_latest_block_output_index=1,active_operator_output_index=2,hub_oracle_ref_input_index=0"
timestamp=2026-06-01T14:38:18.181Z level=INFO fiber=#0 message="🔹 Transaction built successfully. Size: 1726"
[14:38:18.503] INFO (#198): 🔸 Skipping merge because the state-queue mutation lease is busy (active_holder=block_commitment,active_token=block_commitment:f70a7786-6705-484f-8904-d1f4f9beb43a,active_expires_at=2026-06-01T14:47:53.032Z).
timestamp=2026-06-01T14:38:18.812Z level=INFO fiber=#0 message=allBlocks message=2
timestamp=2026-06-01T14:38:18.814Z level=INFO fiber=#0 message="✍  Signing tx with addr_test1qrkfg9kqnld366ujrp838fk8fehakha0rcnygg66de7drnycux6rpgumy0kkp6c0zzy0aqkugduwt79sd7ujlh2mmqqsk7jrpe"
timestamp=2026-06-01T14:38:19.437Z level=INFO fiber=#0 message="✍  Signed tx prepared: txHash=03e3295ed040cc55de9e13345e721e4d630f8d776ba4195b8f21b1167e65e4a0, cborBytes=1832"
timestamp=2026-06-01T14:38:19.437Z level=INFO fiber=#0 message="✉️  Submitting transaction..."
timestamp=2026-06-01T14:38:19.527Z level=INFO fiber=#0 message="🚀 Transaction submitted: 03e3295ed040cc55de9e13345e721e4d630f8d776ba4195b8f21b1167e65e4a0"
timestamp=2026-06-01T14:38:19.547Z level=INFO fiber=#41 message="👷 Block commitment work completed ({\"type\":\"SubmittedAwaitingConfirmationOutput\",\"submittedTxHash\":\"03e3295ed040cc55de9e13345e721e4d630f8d776ba4195b8f21b1167e65e4a0\",\"txSize\":1726,\"mempoolTxsCount\":1,\"sizeOfBlocksTxs\":338,\"blockEndTimeMs\":1780324798000})."
[14:38:19.547] INFO (#192): 🔹 Block submitted; local finalization is intentionally deferred until L1 confirmation.
[14:38:20.113] INFO (#193): 🔍 New block confirmation process started.
timestamp=2026-06-01T14:38:20.113Z level=INFO fiber=#947 message="🔍 Starting block confirmation worker..."
[14:38:20.551] INFO (#192): 🔹 New block commitment process started.
[14:38:20.560] INFO (#192): Acquired state-queue mutation lease token=block_commitment:ed31d98f-8910-48b2-b02d-f87515bb5cfe,holder=block_commitment,expires_at=2026-06-01T14:48:20.552Z
timestamp=2026-06-01T14:38:20.560Z level=INFO fiber=#949 message="👷 Starting block commitment worker..."
timestamp=2026-06-01T14:38:21.494Z level=INFO fiber=#0 message="Initializing Lucid..."
timestamp=2026-06-01T14:38:21.802Z level=INFO fiber=#0 message="Lucid built successfully."
timestamp=2026-06-01T14:38:22.275Z level=INFO fiber=#0 message="Initializing Lucid..."
timestamp=2026-06-01T14:38:22.511Z level=INFO fiber=#0 message="🔐 Contract source selected: state_queue=real, hub_oracle=real, deposit=real, tx_order=real, withdrawal=real, settlement=real, reserve=real, payout=real, registered_operators=real, active_operators=real, retired_operators=real, scheduler=real, fraud_proofs.double_spend=real"
timestamp=2026-06-01T14:38:22.512Z level=INFO fiber=#0 message="🔍 Resolving pending block header 36307326981e1ca0f144d4508bd872fe5edb54b2dea52b798e1aba9b (submitted_tx=03e3295ed040cc55de9e13345e721e4d630f8d776ba4195b8f21b1167e65e4a0, age_ms=2984)."
timestamp=2026-06-01T14:38:22.557Z level=INFO fiber=#0 message="Lucid built successfully."
timestamp=2026-06-01T14:38:22.655Z level=INFO fiber=#0 message="📚 Opening connection to db..."
timestamp=2026-06-01T14:38:23.315Z level=INFO fiber=#0 message="🔐 Contract source selected: state_queue=real, hub_oracle=real, deposit=real, tx_order=real, withdrawal=real, settlement=real, reserve=real, payout=real, registered_operators=real, active_operators=real, retired_operators=real, scheduler=real, fraud_proofs.double_spend=real"
timestamp=2026-06-01T14:38:23.316Z level=INFO fiber=#0 message="🔹 Retrieving all mempool transactions..."
timestamp=2026-06-01T14:38:23.354Z level=INFO fiber=#0 message="🏦 Running commit-time deposit ingestion barrier up to 2026-06-01T14:38:23.353Z."
timestamp=2026-06-01T14:38:23.985Z level=INFO fiber=#0 message="🏦 1 deposit UTxOs found."
timestamp=2026-06-01T14:38:23.993Z level=INFO fiber=#0 message="🏦 Commit-time deposit barrier reconciled 1 deposit UTxO(s); fetch completed at 2026-06-01T14:38:23.993Z and locked the visibility barrier at 2026-06-01T14:38:23.353Z."
timestamp=2026-06-01T14:38:23.994Z level=INFO fiber=#0 message="Running commit-time withdrawal ingestion barrier up to 2026-06-01T14:38:23.353Z."
timestamp=2026-06-01T14:38:24.052Z level=INFO fiber=#0 message="Commit-time withdrawal barrier reconciled 0 withdrawal UTxO(s); fetch completed at 2026-06-01T14:38:24.052Z and locked the visibility barrier at 2026-06-01T14:38:23.353Z."
timestamp=2026-06-01T14:38:24.053Z level=INFO fiber=#0 message="🔹 Local finalization pending and no recoverable confirmed block is available yet; deferring new submission."
timestamp=2026-06-01T14:38:24.065Z level=INFO fiber=#26 message="👷 Block commitment work completed ({\"type\":\"NothingToCommitOutput\"})."
[14:38:24.494] INFO (#194): 🏦 2 deposit UTxOs found.
[14:38:24.502] INFO (#194): 🏦 Reconciled 2 visible deposit UTxO(s) into deposits_utxos.
[14:38:25.071] INFO (#192): 🔹 New block commitment process started.
[14:38:25.081] INFO (#192): Acquired state-queue mutation lease token=block_commitment:85c62000-71fa-4199-848d-3cab03ac63ed,holder=block_commitment,expires_at=2026-06-01T14:48:25.073Z
timestamp=2026-06-01T14:38:25.081Z level=INFO fiber=#953 message="👷 Starting block commitment worker..."
timestamp=2026-06-01T14:38:26.511Z level=INFO fiber=#0 message="Initializing Lucid..."
timestamp=2026-06-01T14:38:26.822Z level=INFO fiber=#0 message="Lucid built successfully."
timestamp=2026-06-01T14:38:26.916Z level=INFO fiber=#0 message="📚 Opening connection to db..."
timestamp=2026-06-01T14:38:27.602Z level=INFO fiber=#0 message="🔐 Contract source selected: state_queue=real, hub_oracle=real, deposit=real, tx_order=real, withdrawal=real, settlement=real, reserve=real, payout=real, registered_operators=real, active_operators=real, retired_operators=real, scheduler=real, fraud_proofs.double_spend=real"
timestamp=2026-06-01T14:38:27.603Z level=INFO fiber=#0 message="🔹 Retrieving all mempool transactions..."
timestamp=2026-06-01T14:38:27.630Z level=INFO fiber=#0 message="🏦 Running commit-time deposit ingestion barrier up to 2026-06-01T14:38:27.630Z."
timestamp=2026-06-01T14:38:28.253Z level=INFO fiber=#0 message="🏦 1 deposit UTxOs found."
timestamp=2026-06-01T14:38:28.268Z level=INFO fiber=#0 message="🏦 Commit-time deposit barrier reconciled 1 deposit UTxO(s); fetch completed at 2026-06-01T14:38:28.268Z and locked the visibility barrier at 2026-06-01T14:38:27.630Z."
timestamp=2026-06-01T14:38:28.269Z level=INFO fiber=#0 message="Running commit-time withdrawal ingestion barrier up to 2026-06-01T14:38:27.630Z."
timestamp=2026-06-01T14:38:28.325Z level=INFO fiber=#0 message="Commit-time withdrawal barrier reconciled 0 withdrawal UTxO(s); fetch completed at 2026-06-01T14:38:28.325Z and locked the visibility barrier at 2026-06-01T14:38:27.630Z."
timestamp=2026-06-01T14:38:28.325Z level=INFO fiber=#0 message="🔹 Local finalization pending and no recoverable confirmed block is available yet; deferring new submission."
timestamp=2026-06-01T14:38:28.342Z level=INFO fiber=#26 message="👷 Block commitment work completed ({\"type\":\"NothingToCommitOutput\"})."
timestamp=2026-06-01T14:38:28.389Z level=INFO fiber=#0 message="🔍 Pending block header 36307326981e1ca0f144d4508bd872fe5edb54b2dea52b798e1aba9b is present in canonical state_queue."
timestamp=2026-06-01T14:38:28.392Z level=INFO fiber=#0 message="🔍 Done."
timestamp=2026-06-01T14:38:28.397Z level=INFO fiber=#17 message="🔍 Confirmation work completed ({\"type\":\"SuccessfulConfirmationOutput\",\"latestBlocksUTxO\":{\"utxo\":\"8282582003e3295ed040cc55de9e13345e721e4d630f8d776ba4195b8f21b1167e65e4a000a300581d707fd50acc1edaf323530d51904667480281eea167b6ebe922d1b588d701821a004c4b40a1581ce620639d5f8fbbdd1632c8ccc908015ba369edfa63e640512e948bfca158204d424c4336307326981e1ca0f144d4508bd872fe5edb54b2dea52b798e1aba9b01028201d818590108d8799fd87a9fd8799f5820d20361c2ae2eef849ae9795aeec6a61a4b72aa44e1462ac47609bcb7cab4bd50582003256ec6d67f943e729973d0e2c464de07debce18719789750982df5f67a13f4582083af1bd7bc15458028e8eac4a3aa2fd0b910cd380fb4bea1c35c37e39ac3724158200e5751c026e543b2e8ab2eb06099daa1d1e5df47778f7787faab45cdf12fe3a858200e5751c026e543b2e8ab2eb06099daa1d1e5df47778f7787faab45cdf12fe3a81b0000019e839dfa081b0000019e83a08e30581c566e65a215fcd8a5c3a0ebf05d55ccaef77f67b1fac0b37ce0b6aa84581cec9416c09fdb1d6b92184f13a6c74e6fdb5faf1e2644235a6e7cd1cc00ffffd87a80ff\",\"datum\":\"d8799fd87a9fd8799f5820d20361c2ae2eef849ae9795aeec6a61a4b72aa44e1462ac47609bcb7cab4bd50582003256ec6d67f943e729973d0e2c464de07debce18719789750982df5f67a13f4582083af1bd7bc15458028e8eac4a3aa2fd0b910cd380fb4bea1c35c37e39ac3724158200e5751c026e543b2e8ab2eb06099daa1d1e5df47778f7787faab45cdf12fe3a858200e5751c026e543b2e8ab2eb06099daa1d1e5df47778f7787faab45cdf12fe3a81b0000019e839dfa081b0000019e83a08e30581c566e65a215fcd8a5c3a0ebf05d55ccaef77f67b1fac0b37ce0b6aa84581cec9416c09fdb1d6b92184f13a6c74e6fdb5faf1e2644235a6e7cd1cc00ffffd87a80ff\",\"assetName\":\"4d424c4336307326981e1ca0f144d4508bd872fe5edb54b2dea52b798e1aba9b\"},\"matchedPendingBlocksUTxO\":{\"utxo\":\"8282582003e3295ed040cc55de9e13345e721e4d630f8d776ba4195b8f21b1167e65e4a000a300581d707fd50acc1edaf323530d51904667480281eea167b6ebe922d1b588d701821a004c4b40a1581ce620639d5f8fbbdd1632c8ccc908015ba369edfa63e640512e948bfca158204d424c4336307326981e1ca0f144d4508bd872fe5edb54b2dea52b798e1aba9b01028201d818590108d8799fd87a9fd8799f5820d20361c2ae2eef849ae9795aeec6a61a4b72aa44e1462ac47609bcb7cab4bd50582003256ec6d67f943e729973d0e2c464de07debce18719789750982df5f67a13f4582083af1bd7bc15458028e8eac4a3aa2fd0b910cd380fb4bea1c35c37e39ac3724158200e5751c026e543b2e8ab2eb06099daa1d1e5df47778f7787faab45cdf12fe3a858200e5751c026e543b2e8ab2eb06099daa1d1e5df47778f7787faab45cdf12fe3a81b0000019e839dfa081b0000019e83a08e30581c566e65a215fcd8a5c3a0ebf05d55ccaef77f67b1fac0b37ce0b6aa84581cec9416c09fdb1d6b92184f13a6c74e6fdb5faf1e2644235a6e7cd1cc00ffffd87a80ff\",\"datum\":\"d8799fd87a9fd8799f5820d20361c2ae2eef849ae9795aeec6a61a4b72aa44e1462ac47609bcb7cab4bd50582003256ec6d67f943e729973d0e2c464de07debce18719789750982df5f67a13f4582083af1bd7bc15458028e8eac4a3aa2fd0b910cd380fb4bea1c35c37e39ac3724158200e5751c026e543b2e8ab2eb06099daa1d1e5df47778f7787faab45cdf12fe3a858200e5751c026e543b2e8ab2eb06099daa1d1e5df47778f7787faab45cdf12fe3a81b0000019e839dfa081b0000019e83a08e30581c566e65a215fcd8a5c3a0ebf05d55ccaef77f67b1fac0b37ce0b6aa84581cec9416c09fdb1d6b92184f13a6c74e6fdb5faf1e2644235a6e7cd1cc00ffffd87a80ff\",\"assetName\":\"4d424c4336307326981e1ca0f144d4508bd872fe5edb54b2dea52b798e1aba9b\"}})."
[14:38:28.404] INFO (#193): 🔍 ☑️  Submitted block confirmed.
[14:38:28.504] INFO (#198): 🔸 Skipping merge while block commitment is unresolved (submitted_tx=none,local_finalization_pending=true).
[14:38:29.349] INFO (#192): 🔹 New block commitment process started.
[14:38:29.359] INFO (#192): Acquired state-queue mutation lease token=block_commitment:62220979-1f43-4d95-bf3f-6f7ae7cd84d5,holder=block_commitment,expires_at=2026-06-01T14:48:29.351Z
timestamp=2026-06-01T14:38:29.359Z level=INFO fiber=#958 message="👷 Starting block commitment worker..."
timestamp=2026-06-01T14:38:30.855Z level=INFO fiber=#0 message="Initializing Lucid..."
timestamp=2026-06-01T14:38:31.190Z level=INFO fiber=#0 message="Lucid built successfully."
timestamp=2026-06-01T14:38:31.285Z level=INFO fiber=#0 message="📚 Opening connection to db..."
timestamp=2026-06-01T14:38:31.945Z level=INFO fiber=#0 message="🔐 Contract source selected: state_queue=real, hub_oracle=real, deposit=real, tx_order=real, withdrawal=real, settlement=real, reserve=real, payout=real, registered_operators=real, active_operators=real, retired_operators=real, scheduler=real, fraud_proofs.double_spend=real"
timestamp=2026-06-01T14:38:31.946Z level=INFO fiber=#0 message="🔹 Retrieving all mempool transactions..."
timestamp=2026-06-01T14:38:31.973Z level=INFO fiber=#0 message="🏦 Running commit-time deposit ingestion barrier up to 2026-06-01T14:38:31.973Z."
timestamp=2026-06-01T14:38:32.599Z level=INFO fiber=#0 message="🏦 1 deposit UTxOs found."
timestamp=2026-06-01T14:38:32.613Z level=INFO fiber=#0 message="🏦 Commit-time deposit barrier reconciled 1 deposit UTxO(s); fetch completed at 2026-06-01T14:38:32.613Z and locked the visibility barrier at 2026-06-01T14:38:31.973Z."
timestamp=2026-06-01T14:38:32.613Z level=INFO fiber=#0 message="Running commit-time withdrawal ingestion barrier up to 2026-06-01T14:38:31.973Z."
timestamp=2026-06-01T14:38:32.670Z level=INFO fiber=#0 message="Commit-time withdrawal barrier reconciled 0 withdrawal UTxO(s); fetch completed at 2026-06-01T14:38:32.670Z and locked the visibility barrier at 2026-06-01T14:38:31.973Z."
timestamp=2026-06-01T14:38:32.672Z level=INFO fiber=#0 message="🔹 Attempting local finalization recovery against confirmed block roots..."
timestamp=2026-06-01T14:38:32.703Z level=INFO fiber=#0 message="🔹 Inserting included transactions into ImmutableDB and BlocksDB, clearing included txs from MempoolDB/ProcessedMempoolDB, and resetting the transactions MPF root marker..."
timestamp=2026-06-01T14:38:32.737Z level=INFO fiber=#31 message="👷 Block commitment work completed ({\"type\":\"SuccessfulLocalFinalizationRecoveryOutput\",\"mempoolTxsCount\":1,\"sizeOfBlocksTxs\":338})."
[14:38:32.738] INFO (#192): 🔹 ☑️  Local finalization recovery completed for confirmed block.
[14:38:33.742] INFO (#192): 🔹 New block commitment process started.
[14:38:33.752] INFO (#192): Acquired state-queue mutation lease token=block_commitment:05aeb9fd-cc59-413c-89bb-4e50599362f1,holder=block_commitment,expires_at=2026-06-01T14:48:33.744Z
[14:38:34.478] INFO (#192): 🔹 Using live state-queue tail commit base 03e3295ed040cc55de9e13345e721e4d630f8d776ba4195b8f21b1167e65e4a0#0 from snapshot commit_preflight:d878ac89f58979990412e9ea9f8ac09d6e1fa5c1ef501d5ff7322944c3c5b8af#1:03e3295ed040cc55de9e13345e721e4d630f8d776ba4195b8f21b1167e65e4a0#0:1780324714478.
timestamp=2026-06-01T14:38:34.479Z level=INFO fiber=#967 message="👷 Starting block commitment worker..."
[14:38:35.265] INFO (#194): 🏦 2 deposit UTxOs found.
[14:38:35.274] INFO (#194): 🏦 Reconciled 2 visible deposit UTxO(s) into deposits_utxos.
timestamp=2026-06-01T14:38:36.008Z level=INFO fiber=#0 message="Initializing Lucid..."
timestamp=2026-06-01T14:38:36.310Z level=INFO fiber=#0 message="Lucid built successfully."
timestamp=2026-06-01T14:38:36.403Z level=INFO fiber=#0 message="📚 Opening connection to db..."
timestamp=2026-06-01T14:38:37.042Z level=INFO fiber=#0 message="🔐 Contract source selected: state_queue=real, hub_oracle=real, deposit=real, tx_order=real, withdrawal=real, settlement=real, reserve=real, payout=real, registered_operators=real, active_operators=real, retired_operators=real, scheduler=real, fraud_proofs.double_spend=real"
timestamp=2026-06-01T14:38:37.043Z level=INFO fiber=#0 message="🔹 Retrieving all mempool transactions..."
timestamp=2026-06-01T14:38:37.071Z level=INFO fiber=#0 message="🏦 Running commit-time deposit ingestion barrier up to 2026-06-01T14:38:37.071Z."
timestamp=2026-06-01T14:38:37.705Z level=INFO fiber=#0 message="🏦 1 deposit UTxOs found."
timestamp=2026-06-01T14:38:37.718Z level=INFO fiber=#0 message="🏦 Commit-time deposit barrier reconciled 1 deposit UTxO(s); fetch completed at 2026-06-01T14:38:37.718Z and locked the visibility barrier at 2026-06-01T14:38:37.071Z."
timestamp=2026-06-01T14:38:37.719Z level=INFO fiber=#0 message="Running commit-time withdrawal ingestion barrier up to 2026-06-01T14:38:37.071Z."
timestamp=2026-06-01T14:38:37.775Z level=INFO fiber=#0 message="Commit-time withdrawal barrier reconciled 0 withdrawal UTxO(s); fetch completed at 2026-06-01T14:38:37.775Z and locked the visibility barrier at 2026-06-01T14:38:37.071Z."
timestamp=2026-06-01T14:38:37.776Z level=INFO fiber=#0 message="🔹 Going through mempool txs and finding roots..."
timestamp=2026-06-01T14:38:37.789Z level=INFO fiber=#0 message="🔹 New transaction root found: 0e5751c026e543b2e8ab2eb06099daa1d1e5df47778f7787faab45cdf12fe3a8"
timestamp=2026-06-01T14:38:37.789Z level=INFO fiber=#0 message="🔹 New UTxO root found: 03256ec6d67f943e729973d0e2c464de07debce18719789750982df5f67a13f4"
timestamp=2026-06-01T14:38:37.789Z level=INFO fiber=#0 message="🔹 No transactions were found in MempoolDB, checking ProcessedMempoolDB..."
timestamp=2026-06-01T14:38:37.791Z level=INFO fiber=#0 message="🔹 Previous submitted block is now confirmed, deserializing..."
timestamp=2026-06-01T14:38:37.794Z level=INFO fiber=#0 message="🔹 Checking for user events... (no tx requests in queue)"
timestamp=2026-06-01T14:38:37.795Z level=INFO fiber=#0 message="🔹 Nothing to commit."
timestamp=2026-06-01T14:38:37.807Z level=INFO fiber=#29 message="👷 Block commitment work completed ({\"type\":\"NothingToCommitOutput\"})."
[14:38:38.407] INFO (#193): 🔍 New block confirmation process started.
timestamp=2026-06-01T14:38:38.407Z level=INFO fiber=#969 message="🔍 Starting block confirmation worker..."
[14:38:38.509] INFO (#198): Acquired state-queue mutation lease token=state_queue_merge:8ffd8e59-086d-449a-8aae-efb19085c3be,holder=state_queue_merge,expires_at=2026-06-01T14:48:38.507Z
[14:38:38.812] INFO (#192): 🔹 New block commitment process started.
[14:38:38.817] INFO (#192): 🔹 Skipping block commitment trigger because the state-queue mutation lease is busy (active_holder=state_queue_merge,active_token=state_queue_merge:8ffd8e59-086d-449a-8aae-efb19085c3be,active_expires_at=2026-06-01T14:48:38.507Z).
[14:38:39.151] INFO (#198): 🔸 Merging of oldest block started.
[14:38:39.151] INFO (#198): 🔸 Fetching confirmed state and the first block in queue from L1...
timestamp=2026-06-01T14:38:39.678Z level=INFO fiber=#0 message="Initializing Lucid..."
[14:38:39.767] INFO (#198): 🔸 First block found: 03e3295ed040cc55de9e13345e721e4d630f8d776ba4195b8f21b1167e65e4a0#1
[14:38:39.768] INFO (#198): 🔸 Looking up its transactions from BlocksDB...
[14:38:39.770] INFO (#198): 🔸 No native block tx payloads indexed for header=566e65a215fcd8a5c3a0ebf05d55ccaef77f67b1fac0b37ce0b6aa84; treating merge replay as a no-op for immutable txs.
[14:38:39.771] INFO (#198): 🔸 Preflight decoded 0 block tx(s) successfully (header=566e65a215fcd8a5c3a0ebf05d55ccaef77f67b1fac0b37ce0b6aa84).
[14:38:39.771] INFO (#198): 🔸 Building merge transaction...
[14:38:39.771] INFO (#198): 🔸 Merge policies: state_queue=e620639d5f8fbbdd1632c8ccc908015ba369edfa63e640512e948bfc,settlement=9b1c43ebcba3112a8d454e93055c62d33fa2d61ac066f8debf1086eb,state_queue_script_has_settlement_param=true
[14:38:39.818] INFO (#192): 🔹 New block commitment process started.
[14:38:39.822] INFO (#192): 🔹 Skipping block commitment trigger because the state-queue mutation lease is busy (active_holder=state_queue_merge,active_token=state_queue_merge:8ffd8e59-086d-449a-8aae-efb19085c3be,active_expires_at=2026-06-01T14:48:38.507Z).
timestamp=2026-06-01T14:38:39.997Z level=INFO fiber=#0 message="Lucid built successfully."
[14:38:40.824] INFO (#192): 🔹 New block commitment process started.
[14:38:40.828] INFO (#192): 🔹 Skipping block commitment trigger because the state-queue mutation lease is busy (active_holder=state_queue_merge,active_token=state_queue_merge:8ffd8e59-086d-449a-8aae-efb19085c3be,active_expires_at=2026-06-01T14:48:38.507Z).
[14:38:41.828] INFO (#192): 🔹 New block commitment process started.
[14:38:41.835] INFO (#192): 🔹 Skipping block commitment trigger because the state-queue mutation lease is busy (active_holder=state_queue_merge,active_token=state_queue_merge:8ffd8e59-086d-449a-8aae-efb19085c3be,active_expires_at=2026-06-01T14:48:38.507Z).
[14:38:42.835] INFO (#192): 🔹 New block commitment process started.
[14:38:42.839] INFO (#192): 🔹 Skipping block commitment trigger because the state-queue mutation lease is busy (active_holder=state_queue_merge,active_token=state_queue_merge:8ffd8e59-086d-449a-8aae-efb19085c3be,active_expires_at=2026-06-01T14:48:38.507Z).
[14:38:43.840] INFO (#192): 🔹 New block commitment process started.
[14:38:43.844] INFO (#192): 🔹 Skipping block commitment trigger because the state-queue mutation lease is busy (active_holder=state_queue_merge,active_token=state_queue_merge:8ffd8e59-086d-449a-8aae-efb19085c3be,active_expires_at=2026-06-01T14:48:38.507Z).
[14:38:44.845] INFO (#192): 🔹 New block commitment process started.
[14:38:44.849] INFO (#192): 🔹 Skipping block commitment trigger because the state-queue mutation lease is busy (active_holder=state_queue_merge,active_token=state_queue_merge:8ffd8e59-086d-449a-8aae-efb19085c3be,active_expires_at=2026-06-01T14:48:38.507Z).
[14:38:45.851] INFO (#192): 🔹 New block commitment process started.
[14:38:45.854] INFO (#192): 🔹 Skipping block commitment trigger because the state-queue mutation lease is busy (active_holder=state_queue_merge,active_token=state_queue_merge:8ffd8e59-086d-449a-8aae-efb19085c3be,active_expires_at=2026-06-01T14:48:38.507Z).
[14:38:45.893] INFO (#194): 🏦 2 deposit UTxOs found.
[14:38:45.902] INFO (#194): 🏦 Reconciled 2 visible deposit UTxO(s) into deposits_utxos.
[14:38:46.854] INFO (#192): 🔹 New block commitment process started.
[14:38:46.858] INFO (#192): 🔹 Skipping block commitment trigger because the state-queue mutation lease is busy (active_holder=state_queue_merge,active_token=state_queue_merge:8ffd8e59-086d-449a-8aae-efb19085c3be,active_expires_at=2026-06-01T14:48:38.507Z).
[14:38:47.858] INFO (#192): 🔹 New block commitment process started.
[14:38:47.862] INFO (#192): 🔹 Skipping block commitment trigger because the state-queue mutation lease is busy (active_holder=state_queue_merge,active_token=state_queue_merge:8ffd8e59-086d-449a-8aae-efb19085c3be,active_expires_at=2026-06-01T14:48:38.507Z).
[14:38:48.863] INFO (#192): 🔹 New block commitment process started.
[14:38:48.867] INFO (#192): 🔹 Skipping block commitment trigger because the state-queue mutation lease is busy (active_holder=state_queue_merge,active_token=state_queue_merge:8ffd8e59-086d-449a-8aae-efb19085c3be,active_expires_at=2026-06-01T14:48:38.507Z).
[14:38:49.867] INFO (#192): 🔹 New block commitment process started.
[14:38:49.871] INFO (#192): 🔹 Skipping block commitment trigger because the state-queue mutation lease is busy (active_holder=state_queue_merge,active_token=state_queue_merge:8ffd8e59-086d-449a-8aae-efb19085c3be,active_expires_at=2026-06-01T14:48:38.507Z).
[14:38:50.644] INFO (#193): 🔍 New block confirmation process started.
timestamp=2026-06-01T14:38:50.644Z level=INFO fiber=#986 message="🔍 Starting block confirmation worker..."
[14:38:50.871] INFO (#192): 🔹 New block commitment process started.
[14:38:50.874] INFO (#192): 🔹 Skipping block commitment trigger because the state-queue mutation lease is busy (active_holder=state_queue_merge,active_token=state_queue_merge:8ffd8e59-086d-449a-8aae-efb19085c3be,active_expires_at=2026-06-01T14:48:38.507Z).
timestamp=2026-06-01T14:38:51.872Z level=INFO fiber=#0 message="Initializing Lucid..."
[14:38:51.875] INFO (#192): 🔹 New block commitment process started.
[14:38:51.879] INFO (#192): 🔹 Skipping block commitment trigger because the state-queue mutation lease is busy (active_holder=state_queue_merge,active_token=state_queue_merge:8ffd8e59-086d-449a-8aae-efb19085c3be,active_expires_at=2026-06-01T14:48:38.507Z).
timestamp=2026-06-01T14:38:52.200Z level=INFO fiber=#0 message="Lucid built successfully."
[14:38:52.880] INFO (#192): 🔹 New block commitment process started.
[14:38:52.884] INFO (#192): 🔹 Skipping block commitment trigger because the state-queue mutation lease is busy (active_holder=state_queue_merge,active_token=state_queue_merge:8ffd8e59-086d-449a-8aae-efb19085c3be,active_expires_at=2026-06-01T14:48:38.507Z).
[14:38:53.884] INFO (#192): 🔹 New block commitment process started.
[14:38:53.888] INFO (#192): 🔹 Skipping block commitment trigger because the state-queue mutation lease is busy (active_holder=state_queue_merge,active_token=state_queue_merge:8ffd8e59-086d-449a-8aae-efb19085c3be,active_expires_at=2026-06-01T14:48:38.507Z).
[14:38:54.888] INFO (#192): 🔹 New block commitment process started.
[14:38:54.892] INFO (#192): 🔹 Skipping block commitment trigger because the state-queue mutation lease is busy (active_holder=state_queue_merge,active_token=state_queue_merge:8ffd8e59-086d-449a-8aae-efb19085c3be,active_expires_at=2026-06-01T14:48:38.507Z).
[14:38:55.893] INFO (#192): 🔹 New block commitment process started.
[14:38:55.897] INFO (#192): 🔹 Skipping block commitment trigger because the state-queue mutation lease is busy (active_holder=state_queue_merge,active_token=state_queue_merge:8ffd8e59-086d-449a-8aae-efb19085c3be,active_expires_at=2026-06-01T14:48:38.507Z).
[14:38:56.522] INFO (#194): 🏦 2 deposit UTxOs found.
[14:38:56.531] INFO (#194): 🏦 Reconciled 2 visible deposit UTxO(s) into deposits_utxos.
[14:38:56.898] INFO (#192): 🔹 New block commitment process started.
[14:38:56.902] INFO (#192): 🔹 Skipping block commitment trigger because the state-queue mutation lease is busy (active_holder=state_queue_merge,active_token=state_queue_merge:8ffd8e59-086d-449a-8aae-efb19085c3be,active_expires_at=2026-06-01T14:48:38.507Z).
[14:38:57.903] INFO (#192): 🔹 New block commitment process started.
[14:38:57.906] INFO (#192): 🔹 Skipping block commitment trigger because the state-queue mutation lease is busy (active_holder=state_queue_merge,active_token=state_queue_merge:8ffd8e59-086d-449a-8aae-efb19085c3be,active_expires_at=2026-06-01T14:48:38.507Z).
[14:38:58.554] INFO (#196): 🏦 Reconciled 0 projected deposit UTxO(s) and projected 1 awaiting deposit UTxO(s) into mempool_ledger.
[14:38:58.908] INFO (#192): 🔹 New block commitment process started.
[14:38:58.912] INFO (#192): 🔹 Skipping block commitment trigger because the state-queue mutation lease is busy (active_holder=state_queue_merge,active_token=state_queue_merge:8ffd8e59-086d-449a-8aae-efb19085c3be,active_expires_at=2026-06-01T14:48:38.507Z).
[14:38:59.913] INFO (#192): 🔹 New block commitment process started.
[14:38:59.916] INFO (#192): 🔹 Skipping block commitment trigger because the state-queue mutation lease is busy (active_holder=state_queue_merge,active_token=state_queue_merge:8ffd8e59-086d-449a-8aae-efb19085c3be,active_expires_at=2026-06-01T14:48:38.507Z).
[14:39:00.917] INFO (#192): 🔹 New block commitment process started.
[14:39:00.921] INFO (#192): 🔹 Skipping block commitment trigger because the state-queue mutation lease is busy (active_holder=state_queue_merge,active_token=state_queue_merge:8ffd8e59-086d-449a-8aae-efb19085c3be,active_expires_at=2026-06-01T14:48:38.507Z).
[14:39:01.641] INFO (#198): 🔸 Using fee input 396b250b2c2fe79c502a77fd16e07b1852f93d92d4490d5347bfadf1a24e007a#1 (lovelace=3895879956, known_wallet_utxos=88) for merge tx.
[14:39:01.649] INFO (#198): 🔸 Merge redeemer layout: header_input=0,confirmed_input=2,confirmed_output=0,settlement_output=1,hub_ref_input=0,state_queue_redeemer_index=3,settlement_redeemer_index=2
[14:39:01.922] INFO (#192): 🔹 New block commitment process started.
[14:39:01.926] INFO (#192): 🔹 Skipping block commitment trigger because the state-queue mutation lease is busy (active_holder=state_queue_merge,active_token=state_queue_merge:8ffd8e59-086d-449a-8aae-efb19085c3be,active_expires_at=2026-06-01T14:48:38.507Z).
[14:39:02.836] INFO (#193): 🔍 New block confirmation process started.
timestamp=2026-06-01T14:39:02.837Z level=INFO fiber=#994 message="🔍 Starting block confirmation worker..."
[14:39:02.927] INFO (#192): 🔹 New block commitment process started.
[14:39:02.931] INFO (#192): 🔹 Skipping block commitment trigger because the state-queue mutation lease is busy (active_holder=state_queue_merge,active_token=state_queue_merge:8ffd8e59-086d-449a-8aae-efb19085c3be,active_expires_at=2026-06-01T14:48:38.507Z).
[14:39:03.491] INFO (#995): Found 3 UTxOs for addr_test1qrtuk9vwzuyj2ly4fp2e0fdc36xzk7j2n34jeygl9n38yce7qqpmjursw62tm3acwl6z2kw38cxau355ukc9cxqyhk0sjy7d2s
[14:39:03.930] INFO (#200): tx-queue validation batch done: queued=1, accepted=1, rejected=0, expired_leases_requeued=0, rejected_by_code=[none]
[14:39:03.931] INFO (#192): 🔹 New block commitment process started.
[14:39:03.936] INFO (#192): 🔹 Skipping block commitment trigger because the state-queue mutation lease is busy (active_holder=state_queue_merge,active_token=state_queue_merge:8ffd8e59-086d-449a-8aae-efb19085c3be,active_expires_at=2026-06-01T14:48:38.507Z).
timestamp=2026-06-01T14:39:04.294Z level=INFO fiber=#0 message="Initializing Lucid..."
timestamp=2026-06-01T14:39:04.612Z level=INFO fiber=#0 message="Lucid built successfully."
[14:39:04.937] INFO (#192): 🔹 New block commitment process started.
[14:39:04.941] INFO (#192): 🔹 Skipping block commitment trigger because the state-queue mutation lease is busy (active_holder=state_queue_merge,active_token=state_queue_merge:8ffd8e59-086d-449a-8aae-efb19085c3be,active_expires_at=2026-06-01T14:48:38.507Z).
[14:39:05.941] INFO (#192): 🔹 New block commitment process started.
[14:39:05.945] INFO (#192): 🔹 Skipping block commitment trigger because the state-queue mutation lease is busy (active_holder=state_queue_merge,active_token=state_queue_merge:8ffd8e59-086d-449a-8aae-efb19085c3be,active_expires_at=2026-06-01T14:48:38.507Z).
[14:39:06.946] INFO (#192): 🔹 New block commitment process started.
[14:39:06.949] INFO (#192): 🔹 Skipping block commitment trigger because the state-queue mutation lease is busy (active_holder=state_queue_merge,active_token=state_queue_merge:8ffd8e59-086d-449a-8aae-efb19085c3be,active_expires_at=2026-06-01T14:48:38.507Z).
[14:39:07.079] INFO (#198): ✍  Signing tx with addr_test1qpv4kgsedun3lmjhs2uv9a92nsemamf2hq8hxqfenuhc4ny2wsdhvujsjxny4f9zj36f0kr4293pv65x8amur7s6kr5srxl22q
[14:39:07.153] INFO (#194): 🏦 2 deposit UTxOs found.
[14:39:07.158] INFO (#194): 🏦 Reconciled 2 visible deposit UTxO(s) into deposits_utxos.
[14:39:07.951] INFO (#192): 🔹 New block commitment process started.
[14:39:07.955] INFO (#192): 🔹 Skipping block commitment trigger because the state-queue mutation lease is busy (active_holder=state_queue_merge,active_token=state_queue_merge:8ffd8e59-086d-449a-8aae-efb19085c3be,active_expires_at=2026-06-01T14:48:38.507Z).
[14:39:08.957] INFO (#192): 🔹 New block commitment process started.
[14:39:08.960] INFO (#192): 🔹 Skipping block commitment trigger because the state-queue mutation lease is busy (active_holder=state_queue_merge,active_token=state_queue_merge:8ffd8e59-086d-449a-8aae-efb19085c3be,active_expires_at=2026-06-01T14:48:38.507Z).
[14:39:09.961] INFO (#192): 🔹 New block commitment process started.
[14:39:09.965] INFO (#192): 🔹 Skipping block commitment trigger because the state-queue mutation lease is busy (active_holder=state_queue_merge,active_token=state_queue_merge:8ffd8e59-086d-449a-8aae-efb19085c3be,active_expires_at=2026-06-01T14:48:38.507Z).
[14:39:10.966] INFO (#192): 🔹 New block commitment process started.
[14:39:10.970] INFO (#192): 🔹 Skipping block commitment trigger because the state-queue mutation lease is busy (active_holder=state_queue_merge,active_token=state_queue_merge:8ffd8e59-086d-449a-8aae-efb19085c3be,active_expires_at=2026-06-01T14:48:38.507Z).
[14:39:11.972] INFO (#192): 🔹 New block commitment process started.
[14:39:11.976] INFO (#192): 🔹 Skipping block commitment trigger because the state-queue mutation lease is busy (active_holder=state_queue_merge,active_token=state_queue_merge:8ffd8e59-086d-449a-8aae-efb19085c3be,active_expires_at=2026-06-01T14:48:38.507Z).
[14:39:12.517] INFO (#198): ✍  Signed tx prepared: txHash=e88f3cb4f2fd29902feb84944f7430f5bb2ac4d21bebbd742a881f357eeccb32, cborBytes=1453
[14:39:12.517] INFO (#198): ✉️  Submitting transaction...
[14:39:12.606] INFO (#198): 🚀 Transaction submitted: e88f3cb4f2fd29902feb84944f7430f5bb2ac4d21bebbd742a881f357eeccb32
[14:39:12.606] INFO (#198): ⏳ Confirming Transaction...
[14:39:12.976] INFO (#192): 🔹 New block commitment process started.
[14:39:12.980] INFO (#192): 🔹 Skipping block commitment trigger because the state-queue mutation lease is busy (active_holder=state_queue_merge,active_token=state_queue_merge:8ffd8e59-086d-449a-8aae-efb19085c3be,active_expires_at=2026-06-01T14:48:38.507Z).
[14:39:13.982] INFO (#192): 🔹 New block commitment process started.
[14:39:13.986] INFO (#192): 🔹 Skipping block commitment trigger because the state-queue mutation lease is busy (active_holder=state_queue_merge,active_token=state_queue_merge:8ffd8e59-086d-449a-8aae-efb19085c3be,active_expires_at=2026-06-01T14:48:38.507Z).
[14:39:14.987] INFO (#192): 🔹 New block commitment process started.
[14:39:14.991] INFO (#192): 🔹 Skipping block commitment trigger because the state-queue mutation lease is busy (active_holder=state_queue_merge,active_token=state_queue_merge:8ffd8e59-086d-449a-8aae-efb19085c3be,active_expires_at=2026-06-01T14:48:38.507Z).
[14:39:15.253] INFO (#193): 🔍 New block confirmation process started.
timestamp=2026-06-01T14:39:15.253Z level=INFO fiber=#1006 message="🔍 Starting block confirmation worker..."
[14:39:15.992] INFO (#192): 🔹 New block commitment process started.
[14:39:15.996] INFO (#192): 🔹 Skipping block commitment trigger because the state-queue mutation lease is busy (active_holder=state_queue_merge,active_token=state_queue_merge:8ffd8e59-086d-449a-8aae-efb19085c3be,active_expires_at=2026-06-01T14:48:38.507Z).
timestamp=2026-06-01T14:39:16.502Z level=INFO fiber=#0 message="Initializing Lucid..."
timestamp=2026-06-01T14:39:16.798Z level=INFO fiber=#0 message="Lucid built successfully."
[14:39:16.997] INFO (#192): 🔹 New block commitment process started.
[14:39:17.000] INFO (#192): 🔹 Skipping block commitment trigger because the state-queue mutation lease is busy (active_holder=state_queue_merge,active_token=state_queue_merge:8ffd8e59-086d-449a-8aae-efb19085c3be,active_expires_at=2026-06-01T14:48:38.507Z).
[14:39:17.835] INFO (#194): 🏦 2 deposit UTxOs found.
[14:39:17.844] INFO (#194): 🏦 Reconciled 2 visible deposit UTxO(s) into deposits_utxos.
[14:39:18.002] INFO (#192): 🔹 New block commitment process started.
[14:39:18.006] INFO (#192): 🔹 Skipping block commitment trigger because the state-queue mutation lease is busy (active_holder=state_queue_merge,active_token=state_queue_merge:8ffd8e59-086d-449a-8aae-efb19085c3be,active_expires_at=2026-06-01T14:48:38.507Z).
[14:39:19.008] INFO (#192): 🔹 New block commitment process started.
[14:39:19.012] INFO (#192): 🔹 Skipping block commitment trigger because the state-queue mutation lease is busy (active_holder=state_queue_merge,active_token=state_queue_merge:8ffd8e59-086d-449a-8aae-efb19085c3be,active_expires_at=2026-06-01T14:48:38.507Z).
[14:39:20.012] INFO (#192): 🔹 New block commitment process started.
[14:39:20.016] INFO (#192): 🔹 Skipping block commitment trigger because the state-queue mutation lease is busy (active_holder=state_queue_merge,active_token=state_queue_merge:8ffd8e59-086d-449a-8aae-efb19085c3be,active_expires_at=2026-06-01T14:48:38.507Z).
[14:39:21.018] INFO (#192): 🔹 New block commitment process started.
[14:39:21.022] INFO (#192): 🔹 Skipping block commitment trigger because the state-queue mutation lease is busy (active_holder=state_queue_merge,active_token=state_queue_merge:8ffd8e59-086d-449a-8aae-efb19085c3be,active_expires_at=2026-06-01T14:48:38.507Z).
[14:39:22.023] INFO (#192): 🔹 New block commitment process started.
[14:39:22.027] INFO (#192): 🔹 Skipping block commitment trigger because the state-queue mutation lease is busy (active_holder=state_queue_merge,active_token=state_queue_merge:8ffd8e59-086d-449a-8aae-efb19085c3be,active_expires_at=2026-06-01T14:48:38.507Z).
[14:39:23.028] INFO (#192): 🔹 New block commitment process started.
[14:39:23.032] INFO (#192): 🔹 Skipping block commitment trigger because the state-queue mutation lease is busy (active_holder=state_queue_merge,active_token=state_queue_merge:8ffd8e59-086d-449a-8aae-efb19085c3be,active_expires_at=2026-06-01T14:48:38.507Z).
[14:39:24.033] INFO (#192): 🔹 New block commitment process started.
[14:39:24.037] INFO (#192): 🔹 Skipping block commitment trigger because the state-queue mutation lease is busy (active_holder=state_queue_merge,active_token=state_queue_merge:8ffd8e59-086d-449a-8aae-efb19085c3be,active_expires_at=2026-06-01T14:48:38.507Z).
[14:39:25.038] INFO (#192): 🔹 New block commitment process started.
[14:39:25.042] INFO (#192): 🔹 Skipping block commitment trigger because the state-queue mutation lease is busy (active_holder=state_queue_merge,active_token=state_queue_merge:8ffd8e59-086d-449a-8aae-efb19085c3be,active_expires_at=2026-06-01T14:48:38.507Z).
[14:39:26.043] INFO (#192): 🔹 New block commitment process started.
[14:39:26.047] INFO (#192): 🔹 Skipping block commitment trigger because the state-queue mutation lease is busy (active_holder=state_queue_merge,active_token=state_queue_merge:8ffd8e59-086d-449a-8aae-efb19085c3be,active_expires_at=2026-06-01T14:48:38.507Z).
[14:39:27.048] INFO (#192): 🔹 New block commitment process started.
[14:39:27.051] INFO (#192): 🔹 Skipping block commitment trigger because the state-queue mutation lease is busy (active_holder=state_queue_merge,active_token=state_queue_merge:8ffd8e59-086d-449a-8aae-efb19085c3be,active_expires_at=2026-06-01T14:48:38.507Z).
[14:39:27.424] INFO (#193): 🔍 New block confirmation process started.
timestamp=2026-06-01T14:39:27.424Z level=INFO fiber=#1009 message="🔍 Starting block confirmation worker..."
[14:39:28.053] INFO (#192): 🔹 New block commitment process started.
[14:39:28.057] INFO (#192): 🔹 Skipping block commitment trigger because the state-queue mutation lease is busy (active_holder=state_queue_merge,active_token=state_queue_merge:8ffd8e59-086d-449a-8aae-efb19085c3be,active_expires_at=2026-06-01T14:48:38.507Z).
[14:39:28.522] INFO (#194): 🏦 2 deposit UTxOs found.
[14:39:28.531] INFO (#194): 🏦 Reconciled 2 visible deposit UTxO(s) into deposits_utxos.
timestamp=2026-06-01T14:39:28.681Z level=INFO fiber=#0 message="Initializing Lucid..."
timestamp=2026-06-01T14:39:28.979Z level=INFO fiber=#0 message="Lucid built successfully."
[14:39:29.058] INFO (#192): 🔹 New block commitment process started.
[14:39:29.061] INFO (#192): 🔹 Skipping block commitment trigger because the state-queue mutation lease is busy (active_holder=state_queue_merge,active_token=state_queue_merge:8ffd8e59-086d-449a-8aae-efb19085c3be,active_expires_at=2026-06-01T14:48:38.507Z).
[14:39:30.062] INFO (#192): 🔹 New block commitment process started.
[14:39:30.067] INFO (#192): 🔹 Skipping block commitment trigger because the state-queue mutation lease is busy (active_holder=state_queue_merge,active_token=state_queue_merge:8ffd8e59-086d-449a-8aae-efb19085c3be,active_expires_at=2026-06-01T14:48:38.507Z).
[14:39:31.068] INFO (#192): 🔹 New block commitment process started.
[14:39:31.073] INFO (#192): 🔹 Skipping block commitment trigger because the state-queue mutation lease is busy (active_holder=state_queue_merge,active_token=state_queue_merge:8ffd8e59-086d-449a-8aae-efb19085c3be,active_expires_at=2026-06-01T14:48:38.507Z).
[14:39:32.074] INFO (#192): 🔹 New block commitment process started.
[14:39:32.078] INFO (#192): 🔹 Skipping block commitment trigger because the state-queue mutation lease is busy (active_holder=state_queue_merge,active_token=state_queue_merge:8ffd8e59-086d-449a-8aae-efb19085c3be,active_expires_at=2026-06-01T14:48:38.507Z).
[14:39:33.078] INFO (#192): 🔹 New block commitment process started.
[14:39:33.082] INFO (#192): 🔹 Skipping block commitment trigger because the state-queue mutation lease is busy (active_holder=state_queue_merge,active_token=state_queue_merge:8ffd8e59-086d-449a-8aae-efb19085c3be,active_expires_at=2026-06-01T14:48:38.507Z).
[14:39:34.084] INFO (#192): 🔹 New block commitment process started.
[14:39:34.088] INFO (#192): 🔹 Skipping block commitment trigger because the state-queue mutation lease is busy (active_holder=state_queue_merge,active_token=state_queue_merge:8ffd8e59-086d-449a-8aae-efb19085c3be,active_expires_at=2026-06-01T14:48:38.507Z).
[14:39:35.088] INFO (#192): 🔹 New block commitment process started.
[14:39:35.092] INFO (#192): 🔹 Skipping block commitment trigger because the state-queue mutation lease is busy (active_holder=state_queue_merge,active_token=state_queue_merge:8ffd8e59-086d-449a-8aae-efb19085c3be,active_expires_at=2026-06-01T14:48:38.507Z).
[14:39:36.096] INFO (#192): 🔹 New block commitment process started.
[14:39:36.100] INFO (#192): 🔹 Skipping block commitment trigger because the state-queue mutation lease is busy (active_holder=state_queue_merge,active_token=state_queue_merge:8ffd8e59-086d-449a-8aae-efb19085c3be,active_expires_at=2026-06-01T14:48:38.507Z).
[14:39:37.101] INFO (#192): 🔹 New block commitment process started.
[14:39:37.105] INFO (#192): 🔹 Skipping block commitment trigger because the state-queue mutation lease is busy (active_holder=state_queue_merge,active_token=state_queue_merge:8ffd8e59-086d-449a-8aae-efb19085c3be,active_expires_at=2026-06-01T14:48:38.507Z).
[14:39:38.105] INFO (#192): 🔹 New block commitment process started.
[14:39:38.109] INFO (#192): 🔹 Skipping block commitment trigger because the state-queue mutation lease is busy (active_holder=state_queue_merge,active_token=state_queue_merge:8ffd8e59-086d-449a-8aae-efb19085c3be,active_expires_at=2026-06-01T14:48:38.507Z).
[14:39:39.110] INFO (#192): 🔹 New block commitment process started.
[14:39:39.115] INFO (#192): 🔹 Skipping block commitment trigger because the state-queue mutation lease is busy (active_holder=state_queue_merge,active_token=state_queue_merge:8ffd8e59-086d-449a-8aae-efb19085c3be,active_expires_at=2026-06-01T14:49:38.511Z).
[14:39:39.152] INFO (#194): 🏦 2 deposit UTxOs found.
[14:39:39.155] INFO (#194): 🏦 Reconciled 2 visible deposit UTxO(s) into deposits_utxos.
[14:39:39.623] INFO (#193): 🔍 New block confirmation process started.
timestamp=2026-06-01T14:39:39.623Z level=INFO fiber=#1013 message="🔍 Starting block confirmation worker..."
[14:39:40.117] INFO (#192): 🔹 New block commitment process started.
[14:39:40.121] INFO (#192): 🔹 Skipping block commitment trigger because the state-queue mutation lease is busy (active_holder=state_queue_merge,active_token=state_queue_merge:8ffd8e59-086d-449a-8aae-efb19085c3be,active_expires_at=2026-06-01T14:49:38.511Z).
timestamp=2026-06-01T14:39:40.866Z level=INFO fiber=#0 message="Initializing Lucid..."
[14:39:41.121] INFO (#192): 🔹 New block commitment process started.
[14:39:41.126] INFO (#192): 🔹 Skipping block commitment trigger because the state-queue mutation lease is busy (active_holder=state_queue_merge,active_token=state_queue_merge:8ffd8e59-086d-449a-8aae-efb19085c3be,active_expires_at=2026-06-01T14:49:38.511Z).
timestamp=2026-06-01T14:39:41.161Z level=INFO fiber=#0 message="Lucid built successfully."
[14:39:42.127] INFO (#192): 🔹 New block commitment process started.
[14:39:42.131] INFO (#192): 🔹 Skipping block commitment trigger because the state-queue mutation lease is busy (active_holder=state_queue_merge,active_token=state_queue_merge:8ffd8e59-086d-449a-8aae-efb19085c3be,active_expires_at=2026-06-01T14:49:38.511Z).
[14:39:43.132] INFO (#192): 🔹 New block commitment process started.
[14:39:43.136] INFO (#192): 🔹 Skipping block commitment trigger because the state-queue mutation lease is busy (active_holder=state_queue_merge,active_token=state_queue_merge:8ffd8e59-086d-449a-8aae-efb19085c3be,active_expires_at=2026-06-01T14:49:38.511Z).
[14:39:44.138] INFO (#192): 🔹 New block commitment process started.
[14:39:44.142] INFO (#192): 🔹 Skipping block commitment trigger because the state-queue mutation lease is busy (active_holder=state_queue_merge,active_token=state_queue_merge:8ffd8e59-086d-449a-8aae-efb19085c3be,active_expires_at=2026-06-01T14:49:38.511Z).
[14:39:45.143] INFO (#192): 🔹 New block commitment process started.
[14:39:45.148] INFO (#192): 🔹 Skipping block commitment trigger because the state-queue mutation lease is busy (active_holder=state_queue_merge,active_token=state_queue_merge:8ffd8e59-086d-449a-8aae-efb19085c3be,active_expires_at=2026-06-01T14:49:38.511Z).
[14:39:46.151] INFO (#192): 🔹 New block commitment process started.
[14:39:46.155] INFO (#192): 🔹 Skipping block commitment trigger because the state-queue mutation lease is busy (active_holder=state_queue_merge,active_token=state_queue_merge:8ffd8e59-086d-449a-8aae-efb19085c3be,active_expires_at=2026-06-01T14:49:38.511Z).
[14:39:47.156] INFO (#192): 🔹 New block commitment process started.
[14:39:47.160] INFO (#192): 🔹 Skipping block commitment trigger because the state-queue mutation lease is busy (active_holder=state_queue_merge,active_token=state_queue_merge:8ffd8e59-086d-449a-8aae-efb19085c3be,active_expires_at=2026-06-01T14:49:38.511Z).
[14:39:48.161] INFO (#192): 🔹 New block commitment process started.
[14:39:48.165] INFO (#192): 🔹 Skipping block commitment trigger because the state-queue mutation lease is busy (active_holder=state_queue_merge,active_token=state_queue_merge:8ffd8e59-086d-449a-8aae-efb19085c3be,active_expires_at=2026-06-01T14:49:38.511Z).
[14:39:49.165] INFO (#192): 🔹 New block commitment process started.
[14:39:49.169] INFO (#192): 🔹 Skipping block commitment trigger because the state-queue mutation lease is busy (active_holder=state_queue_merge,active_token=state_queue_merge:8ffd8e59-086d-449a-8aae-efb19085c3be,active_expires_at=2026-06-01T14:49:38.511Z).
[14:39:49.777] INFO (#194): 🏦 2 deposit UTxOs found.
[14:39:49.785] INFO (#194): 🏦 Reconciled 2 visible deposit UTxO(s) into deposits_utxos.
[14:39:50.170] INFO (#192): 🔹 New block commitment process started.
[14:39:50.174] INFO (#192): 🔹 Skipping block commitment trigger because the state-queue mutation lease is busy (active_holder=state_queue_merge,active_token=state_queue_merge:8ffd8e59-086d-449a-8aae-efb19085c3be,active_expires_at=2026-06-01T14:49:38.511Z).
[14:39:51.174] INFO (#192): 🔹 New block commitment process started.
[14:39:51.178] INFO (#192): 🔹 Skipping block commitment trigger because the state-queue mutation lease is busy (active_holder=state_queue_merge,active_token=state_queue_merge:8ffd8e59-086d-449a-8aae-efb19085c3be,active_expires_at=2026-06-01T14:49:38.511Z).
[14:39:51.787] INFO (#193): 🔍 New block confirmation process started.
timestamp=2026-06-01T14:39:51.787Z level=INFO fiber=#1016 message="🔍 Starting block confirmation worker..."
[14:39:52.178] INFO (#192): 🔹 New block commitment process started.
[14:39:52.182] INFO (#192): 🔹 Skipping block commitment trigger because the state-queue mutation lease is busy (active_holder=state_queue_merge,active_token=state_queue_merge:8ffd8e59-086d-449a-8aae-efb19085c3be,active_expires_at=2026-06-01T14:49:38.511Z).
timestamp=2026-06-01T14:39:53.021Z level=INFO fiber=#0 message="Initializing Lucid..."
[14:39:53.182] INFO (#192): 🔹 New block commitment process started.
[14:39:53.186] INFO (#192): 🔹 Skipping block commitment trigger because the state-queue mutation lease is busy (active_holder=state_queue_merge,active_token=state_queue_merge:8ffd8e59-086d-449a-8aae-efb19085c3be,active_expires_at=2026-06-01T14:49:38.511Z).
timestamp=2026-06-01T14:39:53.372Z level=INFO fiber=#0 message="Lucid built successfully."
[14:39:54.187] INFO (#192): 🔹 New block commitment process started.
[14:39:54.191] INFO (#192): 🔹 Skipping block commitment trigger because the state-queue mutation lease is busy (active_holder=state_queue_merge,active_token=state_queue_merge:8ffd8e59-086d-449a-8aae-efb19085c3be,active_expires_at=2026-06-01T14:49:38.511Z).
[14:39:55.191] INFO (#192): 🔹 New block commitment process started.
[14:39:55.196] INFO (#192): 🔹 Skipping block commitment trigger because the state-queue mutation lease is busy (active_holder=state_queue_merge,active_token=state_queue_merge:8ffd8e59-086d-449a-8aae-efb19085c3be,active_expires_at=2026-06-01T14:49:38.511Z).
[14:39:56.197] INFO (#192): 🔹 New block commitment process started.
[14:39:56.201] INFO (#192): 🔹 Skipping block commitment trigger because the state-queue mutation lease is busy (active_holder=state_queue_merge,active_token=state_queue_merge:8ffd8e59-086d-449a-8aae-efb19085c3be,active_expires_at=2026-06-01T14:49:38.511Z).
[14:39:57.202] INFO (#192): 🔹 New block commitment process started.
[14:39:57.206] INFO (#192): 🔹 Skipping block commitment trigger because the state-queue mutation lease is busy (active_holder=state_queue_merge,active_token=state_queue_merge:8ffd8e59-086d-449a-8aae-efb19085c3be,active_expires_at=2026-06-01T14:49:38.511Z).
[14:39:58.207] INFO (#192): 🔹 New block commitment process started.
[14:39:58.212] INFO (#192): 🔹 Skipping block commitment trigger because the state-queue mutation lease is busy (active_holder=state_queue_merge,active_token=state_queue_merge:8ffd8e59-086d-449a-8aae-efb19085c3be,active_expires_at=2026-06-01T14:49:38.511Z).
[14:39:59.213] INFO (#192): 🔹 New block commitment process started.
[14:39:59.217] INFO (#192): 🔹 Skipping block commitment trigger because the state-queue mutation lease is busy (active_holder=state_queue_merge,active_token=state_queue_merge:8ffd8e59-086d-449a-8aae-efb19085c3be,active_expires_at=2026-06-01T14:49:38.511Z).
[14:40:00.218] INFO (#192): 🔹 New block commitment process started.
[14:40:00.222] INFO (#192): 🔹 Skipping block commitment trigger because the state-queue mutation lease is busy (active_holder=state_queue_merge,active_token=state_queue_merge:8ffd8e59-086d-449a-8aae-efb19085c3be,active_expires_at=2026-06-01T14:49:38.511Z).
[14:40:00.404] INFO (#194): 🏦 2 deposit UTxOs found.
[14:40:00.408] INFO (#194): 🏦 Reconciled 2 visible deposit UTxO(s) into deposits_utxos.
[14:40:01.223] INFO (#192): 🔹 New block commitment process started.
[14:40:01.227] INFO (#192): 🔹 Skipping block commitment trigger because the state-queue mutation lease is busy (active_holder=state_queue_merge,active_token=state_queue_merge:8ffd8e59-086d-449a-8aae-efb19085c3be,active_expires_at=2026-06-01T14:49:38.511Z).
[14:40:02.228] INFO (#192): 🔹 New block commitment process started.
[14:40:02.233] INFO (#192): 🔹 Skipping block commitment trigger because the state-queue mutation lease is busy (active_holder=state_queue_merge,active_token=state_queue_merge:8ffd8e59-086d-449a-8aae-efb19085c3be,active_expires_at=2026-06-01T14:49:38.511Z).
[14:40:03.234] INFO (#192): 🔹 New block commitment process started.
[14:40:03.239] INFO (#192): 🔹 Skipping block commitment trigger because the state-queue mutation lease is busy (active_holder=state_queue_merge,active_token=state_queue_merge:8ffd8e59-086d-449a-8aae-efb19085c3be,active_expires_at=2026-06-01T14:49:38.511Z).
[14:40:03.992] INFO (#193): 🔍 New block confirmation process started.
timestamp=2026-06-01T14:40:03.992Z level=INFO fiber=#1020 message="🔍 Starting block confirmation worker..."
[14:40:04.239] INFO (#192): 🔹 New block commitment process started.
[14:40:04.243] INFO (#192): 🔹 Skipping block commitment trigger because the state-queue mutation lease is busy (active_holder=state_queue_merge,active_token=state_queue_merge:8ffd8e59-086d-449a-8aae-efb19085c3be,active_expires_at=2026-06-01T14:49:38.511Z).
timestamp=2026-06-01T14:40:05.235Z level=INFO fiber=#0 message="Initializing Lucid..."
[14:40:05.243] INFO (#192): 🔹 New block commitment process started.
[14:40:05.246] INFO (#192): 🔹 Skipping block commitment trigger because the state-queue mutation lease is busy (active_holder=state_queue_merge,active_token=state_queue_merge:8ffd8e59-086d-449a-8aae-efb19085c3be,active_expires_at=2026-06-01T14:49:38.511Z).
timestamp=2026-06-01T14:40:05.574Z level=INFO fiber=#0 message="Lucid built successfully."
[14:40:06.247] INFO (#192): 🔹 New block commitment process started.
[14:40:06.254] INFO (#192): 🔹 Skipping block commitment trigger because the state-queue mutation lease is busy (active_holder=state_queue_merge,active_token=state_queue_merge:8ffd8e59-086d-449a-8aae-efb19085c3be,active_expires_at=2026-06-01T14:49:38.511Z).
[14:40:07.256] INFO (#192): 🔹 New block commitment process started.
[14:40:07.260] INFO (#192): 🔹 Skipping block commitment trigger because the state-queue mutation lease is busy (active_holder=state_queue_merge,active_token=state_queue_merge:8ffd8e59-086d-449a-8aae-efb19085c3be,active_expires_at=2026-06-01T14:49:38.511Z).
[14:40:08.261] INFO (#192): 🔹 New block commitment process started.
[14:40:08.266] INFO (#192): 🔹 Skipping block commitment trigger because the state-queue mutation lease is busy (active_holder=state_queue_merge,active_token=state_queue_merge:8ffd8e59-086d-449a-8aae-efb19085c3be,active_expires_at=2026-06-01T14:49:38.511Z).
[14:40:09.267] INFO (#192): 🔹 New block commitment process started.
[14:40:09.272] INFO (#192): 🔹 Skipping block commitment trigger because the state-queue mutation lease is busy (active_holder=state_queue_merge,active_token=state_queue_merge:8ffd8e59-086d-449a-8aae-efb19085c3be,active_expires_at=2026-06-01T14:49:38.511Z).
[14:40:10.274] INFO (#192): 🔹 New block commitment process started.
[14:40:10.278] INFO (#192): 🔹 Skipping block commitment trigger because the state-queue mutation lease is busy (active_holder=state_queue_merge,active_token=state_queue_merge:8ffd8e59-086d-449a-8aae-efb19085c3be,active_expires_at=2026-06-01T14:49:38.511Z).
[14:40:11.038] INFO (#194): 🏦 2 deposit UTxOs found.
[14:40:11.047] INFO (#194): 🏦 Reconciled 2 visible deposit UTxO(s) into deposits_utxos.
[14:40:11.279] INFO (#192): 🔹 New block commitment process started.
[14:40:11.283] INFO (#192): 🔹 Skipping block commitment trigger because the state-queue mutation lease is busy (active_holder=state_queue_merge,active_token=state_queue_merge:8ffd8e59-086d-449a-8aae-efb19085c3be,active_expires_at=2026-06-01T14:49:38.511Z).
[14:40:12.285] INFO (#192): 🔹 New block commitment process started.
[14:40:12.289] INFO (#192): 🔹 Skipping block commitment trigger because the state-queue mutation lease is busy (active_holder=state_queue_merge,active_token=state_queue_merge:8ffd8e59-086d-449a-8aae-efb19085c3be,active_expires_at=2026-06-01T14:49:38.511Z).
[14:40:13.291] INFO (#192): 🔹 New block commitment process started.
[14:40:13.294] INFO (#192): 🔹 Skipping block commitment trigger because the state-queue mutation lease is busy (active_holder=state_queue_merge,active_token=state_queue_merge:8ffd8e59-086d-449a-8aae-efb19085c3be,active_expires_at=2026-06-01T14:49:38.511Z).
[14:40:14.296] INFO (#192): 🔹 New block commitment process started.
[14:40:14.300] INFO (#192): 🔹 Skipping block commitment trigger because the state-queue mutation lease is busy (active_holder=state_queue_merge,active_token=state_queue_merge:8ffd8e59-086d-449a-8aae-efb19085c3be,active_expires_at=2026-06-01T14:49:38.511Z).
[14:40:15.303] INFO (#192): 🔹 New block commitment process started.
[14:40:15.308] INFO (#192): 🔹 Skipping block commitment trigger because the state-queue mutation lease is busy (active_holder=state_queue_merge,active_token=state_queue_merge:8ffd8e59-086d-449a-8aae-efb19085c3be,active_expires_at=2026-06-01T14:49:38.511Z).
[14:40:16.309] INFO (#192): 🔹 New block commitment process started.
[14:40:16.313] INFO (#192): 🔹 Skipping block commitment trigger because the state-queue mutation lease is busy (active_holder=state_queue_merge,active_token=state_queue_merge:8ffd8e59-086d-449a-8aae-efb19085c3be,active_expires_at=2026-06-01T14:49:38.511Z).
[14:40:16.337] INFO (#193): 🔍 New block confirmation process started.
timestamp=2026-06-01T14:40:16.338Z level=INFO fiber=#1023 message="🔍 Starting block confirmation worker..."
[14:40:17.315] INFO (#192): 🔹 New block commitment process started.
[14:40:17.319] INFO (#192): 🔹 Skipping block commitment trigger because the state-queue mutation lease is busy (active_holder=state_queue_merge,active_token=state_queue_merge:8ffd8e59-086d-449a-8aae-efb19085c3be,active_expires_at=2026-06-01T14:49:38.511Z).
timestamp=2026-06-01T14:40:17.906Z level=INFO fiber=#0 message="Initializing Lucid..."
timestamp=2026-06-01T14:40:18.242Z level=INFO fiber=#0 message="Lucid built successfully."
[14:40:18.321] INFO (#192): 🔹 New block commitment process started.
[14:40:18.325] INFO (#192): 🔹 Skipping block commitment trigger because the state-queue mutation lease is busy (active_holder=state_queue_merge,active_token=state_queue_merge:8ffd8e59-086d-449a-8aae-efb19085c3be,active_expires_at=2026-06-01T14:49:38.511Z).
[14:40:19.325] INFO (#192): 🔹 New block commitment process started.
[14:40:19.330] INFO (#192): 🔹 Skipping block commitment trigger because the state-queue mutation lease is busy (active_holder=state_queue_merge,active_token=state_queue_merge:8ffd8e59-086d-449a-8aae-efb19085c3be,active_expires_at=2026-06-01T14:49:38.511Z).
[14:40:20.331] INFO (#192): 🔹 New block commitment process started.
[14:40:20.334] INFO (#192): 🔹 Skipping block commitment trigger because the state-queue mutation lease is busy (active_holder=state_queue_merge,active_token=state_queue_merge:8ffd8e59-086d-449a-8aae-efb19085c3be,active_expires_at=2026-06-01T14:49:38.511Z).
[14:40:21.335] INFO (#192): 🔹 New block commitment process started.
[14:40:21.339] INFO (#192): 🔹 Skipping block commitment trigger because the state-queue mutation lease is busy (active_holder=state_queue_merge,active_token=state_queue_merge:8ffd8e59-086d-449a-8aae-efb19085c3be,active_expires_at=2026-06-01T14:49:38.511Z).
[14:40:21.661] INFO (#194): 🏦 2 deposit UTxOs found.
[14:40:21.670] INFO (#194): 🏦 Reconciled 2 visible deposit UTxO(s) into deposits_utxos.
[14:40:22.340] INFO (#192): 🔹 New block commitment process started.
[14:40:22.345] INFO (#192): 🔹 Skipping block commitment trigger because the state-queue mutation lease is busy (active_holder=state_queue_merge,active_token=state_queue_merge:8ffd8e59-086d-449a-8aae-efb19085c3be,active_expires_at=2026-06-01T14:49:38.511Z).
[14:40:23.346] INFO (#192): 🔹 New block commitment process started.
[14:40:23.350] INFO (#192): 🔹 Skipping block commitment trigger because the state-queue mutation lease is busy (active_holder=state_queue_merge,active_token=state_queue_merge:8ffd8e59-086d-449a-8aae-efb19085c3be,active_expires_at=2026-06-01T14:49:38.511Z).
[14:40:24.351] INFO (#192): 🔹 New block commitment process started.
[14:40:24.355] INFO (#192): 🔹 Skipping block commitment trigger because the state-queue mutation lease is busy (active_holder=state_queue_merge,active_token=state_queue_merge:8ffd8e59-086d-449a-8aae-efb19085c3be,active_expires_at=2026-06-01T14:49:38.511Z).
[14:40:25.357] INFO (#192): 🔹 New block commitment process started.
[14:40:25.361] INFO (#192): 🔹 Skipping block commitment trigger because the state-queue mutation lease is busy (active_holder=state_queue_merge,active_token=state_queue_merge:8ffd8e59-086d-449a-8aae-efb19085c3be,active_expires_at=2026-06-01T14:49:38.511Z).
[14:40:26.361] INFO (#192): 🔹 New block commitment process started.
[14:40:26.365] INFO (#192): 🔹 Skipping block commitment trigger because the state-queue mutation lease is busy (active_holder=state_queue_merge,active_token=state_queue_merge:8ffd8e59-086d-449a-8aae-efb19085c3be,active_expires_at=2026-06-01T14:49:38.511Z).
[14:40:27.365] INFO (#192): 🔹 New block commitment process started.
[14:40:27.369] INFO (#192): 🔹 Skipping block commitment trigger because the state-queue mutation lease is busy (active_holder=state_queue_merge,active_token=state_queue_merge:8ffd8e59-086d-449a-8aae-efb19085c3be,active_expires_at=2026-06-01T14:49:38.511Z).
[14:40:28.369] INFO (#192): 🔹 New block commitment process started.
[14:40:28.373] INFO (#192): 🔹 Skipping block commitment trigger because the state-queue mutation lease is busy (active_holder=state_queue_merge,active_token=state_queue_merge:8ffd8e59-086d-449a-8aae-efb19085c3be,active_expires_at=2026-06-01T14:49:38.511Z).
[14:40:28.866] INFO (#193): 🔍 New block confirmation process started.
timestamp=2026-06-01T14:40:28.866Z level=INFO fiber=#1026 message="🔍 Starting block confirmation worker..."
[14:40:29.374] INFO (#192): 🔹 New block commitment process started.
[14:40:29.378] INFO (#192): 🔹 Skipping block commitment trigger because the state-queue mutation lease is busy (active_holder=state_queue_merge,active_token=state_queue_merge:8ffd8e59-086d-449a-8aae-efb19085c3be,active_expires_at=2026-06-01T14:49:38.511Z).
timestamp=2026-06-01T14:40:30.118Z level=INFO fiber=#0 message="Initializing Lucid..."
[14:40:30.378] INFO (#192): 🔹 New block commitment process started.
[14:40:30.383] INFO (#192): 🔹 Skipping block commitment trigger because the state-queue mutation lease is busy (active_holder=state_queue_merge,active_token=state_queue_merge:8ffd8e59-086d-449a-8aae-efb19085c3be,active_expires_at=2026-06-01T14:49:38.511Z).
timestamp=2026-06-01T14:40:30.452Z level=INFO fiber=#0 message="Lucid built successfully."
[14:40:31.383] INFO (#192): 🔹 New block commitment process started.
[14:40:31.388] INFO (#192): 🔹 Skipping block commitment trigger because the state-queue mutation lease is busy (active_holder=state_queue_merge,active_token=state_queue_merge:8ffd8e59-086d-449a-8aae-efb19085c3be,active_expires_at=2026-06-01T14:49:38.511Z).
[14:40:32.293] INFO (#194): 🏦 2 deposit UTxOs found.
[14:40:32.302] INFO (#194): 🏦 Reconciled 2 visible deposit UTxO(s) into deposits_utxos.
[14:40:32.389] INFO (#192): 🔹 New block commitment process started.
[14:40:32.393] INFO (#192): 🔹 Skipping block commitment trigger because the state-queue mutation lease is busy (active_holder=state_queue_merge,active_token=state_queue_merge:8ffd8e59-086d-449a-8aae-efb19085c3be,active_expires_at=2026-06-01T14:49:38.511Z).
[14:40:33.393] INFO (#192): 🔹 New block commitment process started.
[14:40:33.398] INFO (#192): 🔹 Skipping block commitment trigger because the state-queue mutation lease is busy (active_holder=state_queue_merge,active_token=state_queue_merge:8ffd8e59-086d-449a-8aae-efb19085c3be,active_expires_at=2026-06-01T14:49:38.511Z).
[14:40:34.398] INFO (#192): 🔹 New block commitment process started.
[14:40:34.403] INFO (#192): 🔹 Skipping block commitment trigger because the state-queue mutation lease is busy (active_holder=state_queue_merge,active_token=state_queue_merge:8ffd8e59-086d-449a-8aae-efb19085c3be,active_expires_at=2026-06-01T14:49:38.511Z).
[14:40:35.404] INFO (#192): 🔹 New block commitment process started.
[14:40:35.408] INFO (#192): 🔹 Skipping block commitment trigger because the state-queue mutation lease is busy (active_holder=state_queue_merge,active_token=state_queue_merge:8ffd8e59-086d-449a-8aae-efb19085c3be,active_expires_at=2026-06-01T14:49:38.511Z).
[14:40:36.409] INFO (#192): 🔹 New block commitment process started.
[14:40:36.413] INFO (#192): 🔹 Skipping block commitment trigger because the state-queue mutation lease is busy (active_holder=state_queue_merge,active_token=state_queue_merge:8ffd8e59-086d-449a-8aae-efb19085c3be,active_expires_at=2026-06-01T14:49:38.511Z).
[14:40:37.414] INFO (#192): 🔹 New block commitment process started.
[14:40:37.418] INFO (#192): 🔹 Skipping block commitment trigger because the state-queue mutation lease is busy (active_holder=state_queue_merge,active_token=state_queue_merge:8ffd8e59-086d-449a-8aae-efb19085c3be,active_expires_at=2026-06-01T14:49:38.511Z).
[14:40:38.420] INFO (#192): 🔹 New block commitment process started.
[14:40:38.424] INFO (#192): 🔹 Skipping block commitment trigger because the state-queue mutation lease is busy (active_holder=state_queue_merge,active_token=state_queue_merge:8ffd8e59-086d-449a-8aae-efb19085c3be,active_expires_at=2026-06-01T14:49:38.511Z).
[14:40:39.425] INFO (#192): 🔹 New block commitment process started.
[14:40:39.429] INFO (#192): 🔹 Skipping block commitment trigger because the state-queue mutation lease is busy (active_holder=state_queue_merge,active_token=state_queue_merge:8ffd8e59-086d-449a-8aae-efb19085c3be,active_expires_at=2026-06-01T14:50:38.517Z).
[14:40:40.431] INFO (#192): 🔹 New block commitment process started.
[14:40:40.435] INFO (#192): 🔹 Skipping block commitment trigger because the state-queue mutation lease is busy (active_holder=state_queue_merge,active_token=state_queue_merge:8ffd8e59-086d-449a-8aae-efb19085c3be,active_expires_at=2026-06-01T14:50:38.517Z).
[14:40:41.064] INFO (#193): 🔍 New block confirmation process started.
timestamp=2026-06-01T14:40:41.064Z level=INFO fiber=#1029 message="🔍 Starting block confirmation worker..."
[14:40:41.436] INFO (#192): 🔹 New block commitment process started.
[14:40:41.440] INFO (#192): 🔹 Skipping block commitment trigger because the state-queue mutation lease is busy (active_holder=state_queue_merge,active_token=state_queue_merge:8ffd8e59-086d-449a-8aae-efb19085c3be,active_expires_at=2026-06-01T14:50:38.517Z).
timestamp=2026-06-01T14:40:42.319Z level=INFO fiber=#0 message="Initializing Lucid..."
[14:40:42.440] INFO (#192): 🔹 New block commitment process started.
[14:40:42.444] INFO (#192): 🔹 Skipping block commitment trigger because the state-queue mutation lease is busy (active_holder=state_queue_merge,active_token=state_queue_merge:8ffd8e59-086d-449a-8aae-efb19085c3be,active_expires_at=2026-06-01T14:50:38.517Z).
timestamp=2026-06-01T14:40:42.638Z level=INFO fiber=#0 message="Lucid built successfully."
[14:40:42.925] INFO (#194): 🏦 2 deposit UTxOs found.
[14:40:42.934] INFO (#194): 🏦 Reconciled 2 visible deposit UTxO(s) into deposits_utxos.
[14:40:43.445] INFO (#192): 🔹 New block commitment process started.
[14:40:43.449] INFO (#192): 🔹 Skipping block commitment trigger because the state-queue mutation lease is busy (active_holder=state_queue_merge,active_token=state_queue_merge:8ffd8e59-086d-449a-8aae-efb19085c3be,active_expires_at=2026-06-01T14:50:38.517Z).
[14:40:44.451] INFO (#192): 🔹 New block commitment process started.
[14:40:44.454] INFO (#192): 🔹 Skipping block commitment trigger because the state-queue mutation lease is busy (active_holder=state_queue_merge,active_token=state_queue_merge:8ffd8e59-086d-449a-8aae-efb19085c3be,active_expires_at=2026-06-01T14:50:38.517Z).
[14:40:45.456] INFO (#192): 🔹 New block commitment process started.
[14:40:45.460] INFO (#192): 🔹 Skipping block commitment trigger because the state-queue mutation lease is busy (active_holder=state_queue_merge,active_token=state_queue_merge:8ffd8e59-086d-449a-8aae-efb19085c3be,active_expires_at=2026-06-01T14:50:38.517Z).
[14:40:46.461] INFO (#192): 🔹 New block commitment process started.
[14:40:46.466] INFO (#192): 🔹 Skipping block commitment trigger because the state-queue mutation lease is busy (active_holder=state_queue_merge,active_token=state_queue_merge:8ffd8e59-086d-449a-8aae-efb19085c3be,active_expires_at=2026-06-01T14:50:38.517Z).
[14:40:47.466] INFO (#192): 🔹 New block commitment process started.
[14:40:47.470] INFO (#192): 🔹 Skipping block commitment trigger because the state-queue mutation lease is busy (active_holder=state_queue_merge,active_token=state_queue_merge:8ffd8e59-086d-449a-8aae-efb19085c3be,active_expires_at=2026-06-01T14:50:38.517Z).
[14:40:48.470] INFO (#192): 🔹 New block commitment process started.
[14:40:48.474] INFO (#192): 🔹 Skipping block commitment trigger because the state-queue mutation lease is busy (active_holder=state_queue_merge,active_token=state_queue_merge:8ffd8e59-086d-449a-8aae-efb19085c3be,active_expires_at=2026-06-01T14:50:38.517Z).
[14:40:49.472] INFO (#198): 🎉 Transaction confirmed: e88f3cb4f2fd29902feb84944f7430f5bb2ac4d21bebbd742a881f357eeccb32
[14:40:49.473] INFO (#198): ⌛ Pausing for 5 seconds...
[14:40:49.475] INFO (#192): 🔹 New block commitment process started.
[14:40:49.479] INFO (#192): 🔹 Skipping block commitment trigger because the state-queue mutation lease is busy (active_holder=state_queue_merge,active_token=state_queue_merge:8ffd8e59-086d-449a-8aae-efb19085c3be,active_expires_at=2026-06-01T14:50:38.517Z).
[14:40:50.481] INFO (#192): 🔹 New block commitment process started.
[14:40:50.485] INFO (#192): 🔹 Skipping block commitment trigger because the state-queue mutation lease is busy (active_holder=state_queue_merge,active_token=state_queue_merge:8ffd8e59-086d-449a-8aae-efb19085c3be,active_expires_at=2026-06-01T14:50:38.517Z).
[14:40:51.488] INFO (#192): 🔹 New block commitment process started.
[14:40:51.492] INFO (#192): 🔹 Skipping block commitment trigger because the state-queue mutation lease is busy (active_holder=state_queue_merge,active_token=state_queue_merge:8ffd8e59-086d-449a-8aae-efb19085c3be,active_expires_at=2026-06-01T14:50:38.517Z).
[14:40:52.493] INFO (#192): 🔹 New block commitment process started.
[14:40:52.497] INFO (#192): 🔹 Skipping block commitment trigger because the state-queue mutation lease is busy (active_holder=state_queue_merge,active_token=state_queue_merge:8ffd8e59-086d-449a-8aae-efb19085c3be,active_expires_at=2026-06-01T14:50:38.517Z).
[14:40:53.268] INFO (#193): 🔍 New block confirmation process started.
timestamp=2026-06-01T14:40:53.268Z level=INFO fiber=#1035 message="🔍 Starting block confirmation worker..."
[14:40:53.498] INFO (#192): 🔹 New block commitment process started.
[14:40:53.502] INFO (#192): 🔹 Skipping block commitment trigger because the state-queue mutation lease is busy (active_holder=state_queue_merge,active_token=state_queue_merge:8ffd8e59-086d-449a-8aae-efb19085c3be,active_expires_at=2026-06-01T14:50:38.517Z).
[14:40:53.548] INFO (#194): 🏦 2 deposit UTxOs found.
[14:40:53.557] INFO (#194): 🏦 Reconciled 2 visible deposit UTxO(s) into deposits_utxos.
[14:40:54.473] INFO (#198): ✅ Pause ended.
[14:40:54.473] INFO (#198): 🔸 Merge transaction submitted, updating the db...
[14:40:54.483] INFO (#198): 🔸 Clear confirmed ledger db...
[14:40:54.483] INFO (#198): 🔸 Insert produced UTxOs...
[14:40:54.483] INFO (#198): 🔸 Clear block from BlocksDB...
[14:40:54.487] INFO (#198): 🔸 ☑️  Merge transaction completed.
[14:40:54.502] INFO (#192): 🔹 New block commitment process started.
[14:40:54.506] INFO (#192): 🔹 Skipping block commitment trigger because the state-queue mutation lease is busy (active_holder=state_queue_merge,active_token=state_queue_merge:8ffd8e59-086d-449a-8aae-efb19085c3be,active_expires_at=2026-06-01T14:50:38.517Z).
timestamp=2026-06-01T14:40:54.514Z level=INFO fiber=#0 message="Initializing Lucid..."
timestamp=2026-06-01T14:40:54.793Z level=INFO fiber=#0 message="Lucid built successfully."
[14:40:55.123] INFO (#198): 🔸 Refreshed live state-queue tail after merge: tail=03e3295ed040cc55de9e13345e721e4d630f8d776ba4195b8f21b1167e65e4a0#0,snapshot=post_merge:e88f3cb4f2fd29902feb84944f7430f5bb2ac4d21bebbd742a881f357eeccb32#0:03e3295ed040cc55de9e13345e721e4d630f8d776ba4195b8f21b1167e65e4a0#0:1780324855123
[14:40:55.507] INFO (#192): 🔹 New block commitment process started.
[14:40:55.516] INFO (#192): Acquired state-queue mutation lease token=block_commitment:8cd344d3-93bc-4dd5-b392-c15a36647099,holder=block_commitment,expires_at=2026-06-01T14:50:55.508Z
[14:40:56.131] INFO (#192): 🔹 Using live state-queue tail commit base 03e3295ed040cc55de9e13345e721e4d630f8d776ba4195b8f21b1167e65e4a0#0 from snapshot commit_preflight:e88f3cb4f2fd29902feb84944f7430f5bb2ac4d21bebbd742a881f357eeccb32#0:03e3295ed040cc55de9e13345e721e4d630f8d776ba4195b8f21b1167e65e4a0#0:1780324856131.
timestamp=2026-06-01T14:40:56.131Z level=INFO fiber=#1049 message="👷 Starting block commitment worker..."
timestamp=2026-06-01T14:40:57.568Z level=INFO fiber=#0 message="Initializing Lucid..."
timestamp=2026-06-01T14:40:57.854Z level=INFO fiber=#0 message="Lucid built successfully."
timestamp=2026-06-01T14:40:57.967Z level=INFO fiber=#0 message="📚 Opening connection to db..."
timestamp=2026-06-01T14:40:58.622Z level=INFO fiber=#0 message="🔐 Contract source selected: state_queue=real, hub_oracle=real, deposit=real, tx_order=real, withdrawal=real, settlement=real, reserve=real, payout=real, registered_operators=real, active_operators=real, retired_operators=real, scheduler=real, fraud_proofs.double_spend=real"
timestamp=2026-06-01T14:40:58.622Z level=INFO fiber=#0 message="🔹 Retrieving all mempool transactions..."
timestamp=2026-06-01T14:40:58.653Z level=INFO fiber=#0 message="🏦 Running commit-time deposit ingestion barrier up to 2026-06-01T14:40:58.653Z."
timestamp=2026-06-01T14:40:59.270Z level=INFO fiber=#0 message="🏦 2 deposit UTxOs found."
timestamp=2026-06-01T14:40:59.285Z level=INFO fiber=#0 message="🏦 Commit-time deposit barrier reconciled 2 deposit UTxO(s); fetch completed at 2026-06-01T14:40:59.285Z and locked the visibility barrier at 2026-06-01T14:40:58.653Z."
timestamp=2026-06-01T14:40:59.286Z level=INFO fiber=#0 message="Running commit-time withdrawal ingestion barrier up to 2026-06-01T14:40:58.653Z."
timestamp=2026-06-01T14:40:59.346Z level=INFO fiber=#0 message="Commit-time withdrawal barrier reconciled 0 withdrawal UTxO(s); fetch completed at 2026-06-01T14:40:59.346Z and locked the visibility barrier at 2026-06-01T14:40:58.653Z."
timestamp=2026-06-01T14:40:59.351Z level=INFO fiber=#0 message="🔹 Going through mempool txs and finding roots..."
timestamp=2026-06-01T14:40:59.356Z level=WARN fiber=#0 message="Re-including 1 previously projected deposit UTxO(s) whose prior header assignment was abandoned before confirmation."
timestamp=2026-06-01T14:40:59.372Z level=INFO fiber=#0 message="🔹 Applying 1 projected deposit UTxO(s) to the block pre-state."
timestamp=2026-06-01T14:40:59.388Z level=INFO fiber=#0 message="🔹 New transaction root found: fbad6200e1d70d87e431d80bd734dd5eb7fa4cd83f7943bd59fe1529dac1c6d6"
timestamp=2026-06-01T14:40:59.388Z level=INFO fiber=#0 message="🔹 New UTxO root found: 0de61b61a0f087811298c7af049af98c7a3de5bc48bb27c26b2adaf1115eeec8"
timestamp=2026-06-01T14:40:59.388Z level=INFO fiber=#0 message="🔹 Commitment pre-state includes 1 due deposit UTxO(s)."
timestamp=2026-06-01T14:40:59.389Z level=INFO fiber=#0 message="🔹 1 retrieved."
timestamp=2026-06-01T14:40:59.389Z level=INFO fiber=#0 message="🔹 Previous submitted block is now confirmed, deserializing..."
timestamp=2026-06-01T14:40:59.391Z level=INFO fiber=#0 message="🔹 Checking for user events..."
timestamp=2026-06-01T14:40:59.393Z level=INFO fiber=#0 message="🔹 Deposits root is: c1031406b7c3c68cf396c19c65ef7321e65527847ebf2e325a35a9262b5b3f86"
timestamp=2026-06-01T14:40:59.393Z level=INFO fiber=#0 message="🔹 Withdrawals root is: 0e5751c026e543b2e8ab2eb06099daa1d1e5df47778f7787faab45cdf12fe3a8"
timestamp=2026-06-01T14:41:00.023Z level=INFO fiber=#0 message=allBlocks message=2
[14:41:04.181] INFO (#194): 🏦 2 deposit UTxOs found.
[14:41:04.189] INFO (#194): 🏦 Reconciled 2 visible deposit UTxO(s) into deposits_utxos.
[14:41:05.135] INFO (#198): 🔸 Skipping merge because the state-queue mutation lease is busy (active_holder=block_commitment,active_token=block_commitment:8cd344d3-93bc-4dd5-b392-c15a36647099,active_expires_at=2026-06-01T14:50:55.508Z).
[14:41:05.418] INFO (#193): 🔍 New block confirmation process started.
timestamp=2026-06-01T14:41:05.418Z level=INFO fiber=#1055 message="🔍 Starting block confirmation worker..."
timestamp=2026-06-01T14:41:06.682Z level=INFO fiber=#0 message="Initializing Lucid..."
timestamp=2026-06-01T14:41:06.962Z level=INFO fiber=#0 message="Lucid built successfully."
[14:41:14.814] INFO (#194): 🏦 2 deposit UTxOs found.
[14:41:14.823] INFO (#194): 🏦 Reconciled 2 visible deposit UTxO(s) into deposits_utxos.
[14:41:15.141] INFO (#198): 🔸 Skipping merge because the state-queue mutation lease is busy (active_holder=block_commitment,active_token=block_commitment:8cd344d3-93bc-4dd5-b392-c15a36647099,active_expires_at=2026-06-01T14:50:55.508Z).
[14:41:17.586] INFO (#193): 🔍 New block confirmation process started.
timestamp=2026-06-01T14:41:17.586Z level=INFO fiber=#1061 message="🔍 Starting block confirmation worker..."
timestamp=2026-06-01T14:41:18.924Z level=INFO fiber=#0 message="Initializing Lucid..."
timestamp=2026-06-01T14:41:19.270Z level=INFO fiber=#0 message="Lucid built successfully."
timestamp=2026-06-01T14:41:19.475Z level=WARN fiber=#0 message="Adjusted commit end-time to maintain monotonic header timing (candidate=1780324743000, minimum=1780324799000, selected=1780324981000, latestEnd=1780324798000)."
timestamp=2026-06-01T14:41:19.476Z level=INFO fiber=#0 message="🔹 Finding updated block datum and new header..."
timestamp=2026-06-01T14:41:19.478Z level=INFO fiber=#0 message="🔹 New header hash is: 9e3a2438007f581cd5eec4ca34b624617db1d5490b553190ecfcd399"
timestamp=2026-06-01T14:41:19.478Z level=INFO fiber=#0 message="🔹 Building commitment with real state_queue witness context."
timestamp=2026-06-01T14:41:19.478Z level=INFO fiber=#0 message="🔹 Building block commitment transaction..."
timestamp=2026-06-01T14:41:19.480Z level=INFO fiber=#0 message="🔹 Selected fee input 03e3295ed040cc55de9e13345e721e4d630f8d776ba4195b8f21b1167e65e4a0#3 for state_queue commit tx."
timestamp=2026-06-01T14:41:20.138Z level=INFO fiber=#0 message="🔹 Using commit redeemer layout: scheduler_ref_input_index=2,latest_block_input_index=0,active_operators_input_index=1,active_operators_redeemer_index=1,state_queue_spend_redeemer_index=0,new_block_output_index=0,continued_latest_block_output_index=1,active_operator_output_index=2,hub_oracle_ref_input_index=0"
timestamp=2026-06-01T14:41:20.788Z level=INFO fiber=#0 message="🔹 Transaction built successfully. Size: 1726"
timestamp=2026-06-01T14:41:21.413Z level=INFO fiber=#0 message=allBlocks message=2
timestamp=2026-06-01T14:41:21.414Z level=INFO fiber=#0 message="✍  Signing tx with addr_test1qrkfg9kqnld366ujrp838fk8fehakha0rcnygg66de7drnycux6rpgumy0kkp6c0zzy0aqkugduwt79sd7ujlh2mmqqsk7jrpe"
timestamp=2026-06-01T14:41:22.171Z level=INFO fiber=#0 message="✍  Signed tx prepared: txHash=3f0e5516596846e9cb4d547dbdfc20f1c2bed07571e3dbb464f25166a6585b01, cborBytes=1832"
timestamp=2026-06-01T14:41:22.172Z level=INFO fiber=#0 message="✉️  Submitting transaction..."
timestamp=2026-06-01T14:41:22.261Z level=INFO fiber=#0 message="🚀 Transaction submitted: 3f0e5516596846e9cb4d547dbdfc20f1c2bed07571e3dbb464f25166a6585b01"
timestamp=2026-06-01T14:41:22.280Z level=INFO fiber=#41 message="👷 Block commitment work completed ({\"type\":\"SubmittedAwaitingConfirmationOutput\",\"submittedTxHash\":\"3f0e5516596846e9cb4d547dbdfc20f1c2bed07571e3dbb464f25166a6585b01\",\"txSize\":1726,\"mempoolTxsCount\":1,\"sizeOfBlocksTxs\":337,\"blockEndTimeMs\":1780324981000})."
[14:41:22.280] INFO (#192): 🔹 Block submitted; local finalization is intentionally deferred until L1 confirmation.
[14:41:23.285] INFO (#192): 🔹 New block commitment process started.
[14:41:23.294] INFO (#192): Acquired state-queue mutation lease token=block_commitment:63d3e3ce-2711-4f6c-9ffb-615d9ce0cf05,holder=block_commitment,expires_at=2026-06-01T14:51:23.286Z
timestamp=2026-06-01T14:41:23.294Z level=INFO fiber=#1063 message="👷 Starting block commitment worker..."
timestamp=2026-06-01T14:41:24.890Z level=INFO fiber=#0 message="Initializing Lucid..."
[14:41:25.142] INFO (#198): 🔸 Skipping merge while block commitment is unresolved (submitted_tx=3f0e5516596846e9cb4d547dbdfc20f1c2bed07571e3dbb464f25166a6585b01,local_finalization_pending=true).
timestamp=2026-06-01T14:41:25.193Z level=INFO fiber=#0 message="Lucid built successfully."
timestamp=2026-06-01T14:41:25.289Z level=INFO fiber=#0 message="📚 Opening connection to db..."
[14:41:25.429] INFO (#194): 🏦 2 deposit UTxOs found.
[14:41:25.439] INFO (#194): 🏦 Reconciled 2 visible deposit UTxO(s) into deposits_utxos.
timestamp=2026-06-01T14:41:25.985Z level=INFO fiber=#0 message="🔐 Contract source selected: state_queue=real, hub_oracle=real, deposit=real, tx_order=real, withdrawal=real, settlement=real, reserve=real, payout=real, registered_operators=real, active_operators=real, retired_operators=real, scheduler=real, fraud_proofs.double_spend=real"
timestamp=2026-06-01T14:41:25.986Z level=INFO fiber=#0 message="🔹 Retrieving all mempool transactions..."
timestamp=2026-06-01T14:41:26.019Z level=INFO fiber=#0 message="🏦 Running commit-time deposit ingestion barrier up to 2026-06-01T14:41:26.019Z."
timestamp=2026-06-01T14:41:26.648Z level=INFO fiber=#0 message="🏦 2 deposit UTxOs found."
timestamp=2026-06-01T14:41:26.662Z level=INFO fiber=#0 message="🏦 Commit-time deposit barrier reconciled 2 deposit UTxO(s); fetch completed at 2026-06-01T14:41:26.662Z and locked the visibility barrier at 2026-06-01T14:41:26.019Z."
timestamp=2026-06-01T14:41:26.663Z level=INFO fiber=#0 message="Running commit-time withdrawal ingestion barrier up to 2026-06-01T14:41:26.019Z."
timestamp=2026-06-01T14:41:26.718Z level=INFO fiber=#0 message="Commit-time withdrawal barrier reconciled 0 withdrawal UTxO(s); fetch completed at 2026-06-01T14:41:26.718Z and locked the visibility barrier at 2026-06-01T14:41:26.019Z."
timestamp=2026-06-01T14:41:26.718Z level=INFO fiber=#0 message="🔹 Local finalization pending and no recoverable confirmed block is available yet; deferring new submission."
timestamp=2026-06-01T14:41:26.730Z level=INFO fiber=#26 message="👷 Block commitment work completed ({\"type\":\"NothingToCommitOutput\"})."
[14:41:27.736] INFO (#192): 🔹 New block commitment process started.
[14:41:27.745] INFO (#192): Acquired state-queue mutation lease token=block_commitment:08f111fd-b7cb-4c6f-8f9e-9c652077d98e,holder=block_commitment,expires_at=2026-06-01T14:51:27.737Z
timestamp=2026-06-01T14:41:27.745Z level=INFO fiber=#1070 message="👷 Starting block commitment worker..."
timestamp=2026-06-01T14:41:29.184Z level=INFO fiber=#0 message="Initializing Lucid..."
timestamp=2026-06-01T14:41:29.498Z level=INFO fiber=#0 message="Lucid built successfully."
timestamp=2026-06-01T14:41:29.595Z level=INFO fiber=#0 message="📚 Opening connection to db..."
[14:41:29.976] INFO (#193): 🔍 New block confirmation process started.
timestamp=2026-06-01T14:41:29.977Z level=INFO fiber=#1075 message="🔍 Starting block confirmation worker..."
timestamp=2026-06-01T14:41:30.337Z level=INFO fiber=#0 message="🔐 Contract source selected: state_queue=real, hub_oracle=real, deposit=real, tx_order=real, withdrawal=real, settlement=real, reserve=real, payout=real, registered_operators=real, active_operators=real, retired_operators=real, scheduler=real, fraud_proofs.double_spend=real"
timestamp=2026-06-01T14:41:30.337Z level=INFO fiber=#0 message="🔹 Retrieving all mempool transactions..."
timestamp=2026-06-01T14:41:30.375Z level=INFO fiber=#0 message="🏦 Running commit-time deposit ingestion barrier up to 2026-06-01T14:41:30.375Z."
timestamp=2026-06-01T14:41:30.982Z level=INFO fiber=#0 message="🏦 2 deposit UTxOs found."
timestamp=2026-06-01T14:41:30.997Z level=INFO fiber=#0 message="🏦 Commit-time deposit barrier reconciled 2 deposit UTxO(s); fetch completed at 2026-06-01T14:41:30.997Z and locked the visibility barrier at 2026-06-01T14:41:30.375Z."
timestamp=2026-06-01T14:41:30.998Z level=INFO fiber=#0 message="Running commit-time withdrawal ingestion barrier up to 2026-06-01T14:41:30.375Z."
timestamp=2026-06-01T14:41:31.045Z level=INFO fiber=#0 message="Commit-time withdrawal barrier reconciled 0 withdrawal UTxO(s); fetch completed at 2026-06-01T14:41:31.045Z and locked the visibility barrier at 2026-06-01T14:41:30.375Z."
timestamp=2026-06-01T14:41:31.046Z level=INFO fiber=#0 message="🔹 Local finalization pending and no recoverable confirmed block is available yet; deferring new submission."
timestamp=2026-06-01T14:41:31.061Z level=INFO fiber=#26 message="👷 Block commitment work completed ({\"type\":\"NothingToCommitOutput\"})."
timestamp=2026-06-01T14:41:31.460Z level=INFO fiber=#0 message="Initializing Lucid..."
timestamp=2026-06-01T14:41:31.772Z level=INFO fiber=#0 message="Lucid built successfully."
[14:41:32.067] INFO (#192): 🔹 New block commitment process started.
[14:41:32.076] INFO (#192): Acquired state-queue mutation lease token=block_commitment:73e58cc5-4572-43ea-b59f-c481715ec76a,holder=block_commitment,expires_at=2026-06-01T14:51:32.068Z
timestamp=2026-06-01T14:41:32.076Z level=INFO fiber=#1077 message="👷 Starting block commitment worker..."
timestamp=2026-06-01T14:41:32.493Z level=INFO fiber=#0 message="🔐 Contract source selected: state_queue=real, hub_oracle=real, deposit=real, tx_order=real, withdrawal=real, settlement=real, reserve=real, payout=real, registered_operators=real, active_operators=real, retired_operators=real, scheduler=real, fraud_proofs.double_spend=real"
timestamp=2026-06-01T14:41:32.494Z level=INFO fiber=#0 message="🔍 Resolving pending block header 9e3a2438007f581cd5eec4ca34b624617db1d5490b553190ecfcd399 (submitted_tx=3f0e5516596846e9cb4d547dbdfc20f1c2bed07571e3dbb464f25166a6585b01, age_ms=10232)."
timestamp=2026-06-01T14:41:33.715Z level=INFO fiber=#0 message="Initializing Lucid..."
timestamp=2026-06-01T14:41:34.024Z level=INFO fiber=#0 message="Lucid built successfully."
timestamp=2026-06-01T14:41:34.119Z level=INFO fiber=#0 message="📚 Opening connection to db..."
timestamp=2026-06-01T14:41:34.805Z level=INFO fiber=#0 message="🔐 Contract source selected: state_queue=real, hub_oracle=real, deposit=real, tx_order=real, withdrawal=real, settlement=real, reserve=real, payout=real, registered_operators=real, active_operators=real, retired_operators=real, scheduler=real, fraud_proofs.double_spend=real"
timestamp=2026-06-01T14:41:34.806Z level=INFO fiber=#0 message="🔹 Retrieving all mempool transactions..."
timestamp=2026-06-01T14:41:34.840Z level=INFO fiber=#0 message="🏦 Running commit-time deposit ingestion barrier up to 2026-06-01T14:41:34.840Z."
[14:41:35.143] INFO (#198): 🔸 Skipping merge while block commitment is unresolved (submitted_tx=3f0e5516596846e9cb4d547dbdfc20f1c2bed07571e3dbb464f25166a6585b01,local_finalization_pending=true).
timestamp=2026-06-01T14:41:35.455Z level=INFO fiber=#0 message="🏦 2 deposit UTxOs found."
timestamp=2026-06-01T14:41:35.472Z level=INFO fiber=#0 message="🏦 Commit-time deposit barrier reconciled 2 deposit UTxO(s); fetch completed at 2026-06-01T14:41:35.472Z and locked the visibility barrier at 2026-06-01T14:41:34.840Z."
timestamp=2026-06-01T14:41:35.472Z level=INFO fiber=#0 message="Running commit-time withdrawal ingestion barrier up to 2026-06-01T14:41:34.840Z."
timestamp=2026-06-01T14:41:35.527Z level=INFO fiber=#0 message="Commit-time withdrawal barrier reconciled 0 withdrawal UTxO(s); fetch completed at 2026-06-01T14:41:35.527Z and locked the visibility barrier at 2026-06-01T14:41:34.840Z."
timestamp=2026-06-01T14:41:35.527Z level=INFO fiber=#0 message="🔹 Local finalization pending and no recoverable confirmed block is available yet; deferring new submission."
timestamp=2026-06-01T14:41:35.539Z level=INFO fiber=#26 message="👷 Block commitment work completed ({\"type\":\"NothingToCommitOutput\"})."
[14:41:36.057] INFO (#194): 🏦 2 deposit UTxOs found.
[14:41:36.067] INFO (#194): 🏦 Reconciled 2 visible deposit UTxO(s) into deposits_utxos.
[14:41:36.542] INFO (#192): 🔹 New block commitment process started.
[14:41:36.552] INFO (#192): Acquired state-queue mutation lease token=block_commitment:8b96a3de-a59f-452a-9f91-ef99240d23cf,holder=block_commitment,expires_at=2026-06-01T14:51:36.544Z
timestamp=2026-06-01T14:41:36.552Z level=INFO fiber=#1084 message="👷 Starting block commitment worker..."
timestamp=2026-06-01T14:41:38.097Z level=INFO fiber=#0 message="Initializing Lucid..."
timestamp=2026-06-01T14:41:38.387Z level=INFO fiber=#0 message="Lucid built successfully."
timestamp=2026-06-01T14:41:38.481Z level=INFO fiber=#0 message="📚 Opening connection to db..."
timestamp=2026-06-01T14:41:39.162Z level=INFO fiber=#0 message="🔐 Contract source selected: state_queue=real, hub_oracle=real, deposit=real, tx_order=real, withdrawal=real, settlement=real, reserve=real, payout=real, registered_operators=real, active_operators=real, retired_operators=real, scheduler=real, fraud_proofs.double_spend=real"
timestamp=2026-06-01T14:41:39.163Z level=INFO fiber=#0 message="🔹 Retrieving all mempool transactions..."
timestamp=2026-06-01T14:41:39.193Z level=INFO fiber=#0 message="🏦 Running commit-time deposit ingestion barrier up to 2026-06-01T14:41:39.193Z."
timestamp=2026-06-01T14:41:39.818Z level=INFO fiber=#0 message="🏦 2 deposit UTxOs found."
timestamp=2026-06-01T14:41:39.826Z level=INFO fiber=#0 message="🏦 Commit-time deposit barrier reconciled 2 deposit UTxO(s); fetch completed at 2026-06-01T14:41:39.826Z and locked the visibility barrier at 2026-06-01T14:41:39.193Z."
timestamp=2026-06-01T14:41:39.827Z level=INFO fiber=#0 message="Running commit-time withdrawal ingestion barrier up to 2026-06-01T14:41:39.193Z."
timestamp=2026-06-01T14:41:39.888Z level=INFO fiber=#0 message="Commit-time withdrawal barrier reconciled 0 withdrawal UTxO(s); fetch completed at 2026-06-01T14:41:39.888Z and locked the visibility barrier at 2026-06-01T14:41:39.193Z."
timestamp=2026-06-01T14:41:39.888Z level=INFO fiber=#0 message="🔹 Local finalization pending and no recoverable confirmed block is available yet; deferring new submission."
timestamp=2026-06-01T14:41:39.900Z level=INFO fiber=#26 message="👷 Block commitment work completed ({\"type\":\"NothingToCommitOutput\"})."
[14:41:40.905] INFO (#192): 🔹 New block commitment process started.
[14:41:40.915] INFO (#192): Acquired state-queue mutation lease token=block_commitment:aebbbf48-f705-4454-9a64-63962f5d9866,holder=block_commitment,expires_at=2026-06-01T14:51:40.907Z
timestamp=2026-06-01T14:41:40.915Z level=INFO fiber=#1086 message="👷 Starting block commitment worker..."
timestamp=2026-06-01T14:41:42.348Z level=INFO fiber=#0 message="Initializing Lucid..."
timestamp=2026-06-01T14:41:42.667Z level=INFO fiber=#0 message="Lucid built successfully."
timestamp=2026-06-01T14:41:42.759Z level=INFO fiber=#0 message="📚 Opening connection to db..."
timestamp=2026-06-01T14:41:43.380Z level=INFO fiber=#0 message="🔐 Contract source selected: state_queue=real, hub_oracle=real, deposit=real, tx_order=real, withdrawal=real, settlement=real, reserve=real, payout=real, registered_operators=real, active_operators=real, retired_operators=real, scheduler=real, fraud_proofs.double_spend=real"
timestamp=2026-06-01T14:41:43.380Z level=INFO fiber=#0 message="🔹 Retrieving all mempool transactions..."
timestamp=2026-06-01T14:41:43.411Z level=INFO fiber=#0 message="🏦 Running commit-time deposit ingestion barrier up to 2026-06-01T14:41:43.411Z."
timestamp=2026-06-01T14:41:44.017Z level=INFO fiber=#0 message="🏦 2 deposit UTxOs found."
timestamp=2026-06-01T14:41:44.031Z level=INFO fiber=#0 message="🏦 Commit-time deposit barrier reconciled 2 deposit UTxO(s); fetch completed at 2026-06-01T14:41:44.031Z and locked the visibility barrier at 2026-06-01T14:41:43.411Z."
timestamp=2026-06-01T14:41:44.032Z level=INFO fiber=#0 message="Running commit-time withdrawal ingestion barrier up to 2026-06-01T14:41:43.411Z."
timestamp=2026-06-01T14:41:44.080Z level=INFO fiber=#0 message="Commit-time withdrawal barrier reconciled 0 withdrawal UTxO(s); fetch completed at 2026-06-01T14:41:44.080Z and locked the visibility barrier at 2026-06-01T14:41:43.411Z."
timestamp=2026-06-01T14:41:44.080Z level=INFO fiber=#0 message="🔹 Local finalization pending and no recoverable confirmed block is available yet; deferring new submission."
timestamp=2026-06-01T14:41:44.092Z level=INFO fiber=#26 message="👷 Block commitment work completed ({\"type\":\"NothingToCommitOutput\"})."
[14:41:45.096] INFO (#192): 🔹 New block commitment process started.
[14:41:45.106] INFO (#192): Acquired state-queue mutation lease token=block_commitment:c999669a-16c8-4968-ac12-9052501d0631,holder=block_commitment,expires_at=2026-06-01T14:51:45.098Z
timestamp=2026-06-01T14:41:45.106Z level=INFO fiber=#1089 message="👷 Starting block commitment worker..."
[14:41:45.144] INFO (#198): 🔸 Skipping merge while block commitment is unresolved (submitted_tx=3f0e5516596846e9cb4d547dbdfc20f1c2bed07571e3dbb464f25166a6585b01,local_finalization_pending=true).
timestamp=2026-06-01T14:41:45.577Z level=WARN fiber=#0 message="🔍 Pending block header 9e3a2438007f581cd5eec4ca34b624617db1d5490b553190ecfcd399 not resolved yet (submitted_tx=3f0e5516596846e9cb4d547dbdfc20f1c2bed07571e3dbb464f25166a6585b01, age_ms=10232, timeout_ms=12000)."
timestamp=2026-06-01T14:41:45.581Z level=INFO fiber=#19 message="🔍 Confirmation work completed ({\"type\":\"NoTxForConfirmationOutput\"})."
timestamp=2026-06-01T14:41:46.578Z level=INFO fiber=#0 message="Initializing Lucid..."
[14:41:46.673] INFO (#194): 🏦 2 deposit UTxOs found.
[14:41:46.682] INFO (#194): 🏦 Reconciled 2 visible deposit UTxO(s) into deposits_utxos.
timestamp=2026-06-01T14:41:46.870Z level=INFO fiber=#0 message="Lucid built successfully."
timestamp=2026-06-01T14:41:46.965Z level=INFO fiber=#0 message="📚 Opening connection to db..."
timestamp=2026-06-01T14:41:47.622Z level=INFO fiber=#0 message="🔐 Contract source selected: state_queue=real, hub_oracle=real, deposit=real, tx_order=real, withdrawal=real, settlement=real, reserve=real, payout=real, registered_operators=real, active_operators=real, retired_operators=real, scheduler=real, fraud_proofs.double_spend=real"
timestamp=2026-06-01T14:41:47.623Z level=INFO fiber=#0 message="🔹 Retrieving all mempool transactions..."
timestamp=2026-06-01T14:41:47.654Z level=INFO fiber=#0 message="🏦 Running commit-time deposit ingestion barrier up to 2026-06-01T14:41:47.654Z."
timestamp=2026-06-01T14:41:48.260Z level=INFO fiber=#0 message="🏦 2 deposit UTxOs found."
timestamp=2026-06-01T14:41:48.273Z level=INFO fiber=#0 message="🏦 Commit-time deposit barrier reconciled 2 deposit UTxO(s); fetch completed at 2026-06-01T14:41:48.273Z and locked the visibility barrier at 2026-06-01T14:41:47.654Z."
timestamp=2026-06-01T14:41:48.274Z level=INFO fiber=#0 message="Running commit-time withdrawal ingestion barrier up to 2026-06-01T14:41:47.654Z."
timestamp=2026-06-01T14:41:48.340Z level=INFO fiber=#0 message="Commit-time withdrawal barrier reconciled 0 withdrawal UTxO(s); fetch completed at 2026-06-01T14:41:48.340Z and locked the visibility barrier at 2026-06-01T14:41:47.654Z."
timestamp=2026-06-01T14:41:48.341Z level=INFO fiber=#0 message="🔹 Local finalization pending and no recoverable confirmed block is available yet; deferring new submission."
timestamp=2026-06-01T14:41:48.353Z level=INFO fiber=#26 message="👷 Block commitment work completed ({\"type\":\"NothingToCommitOutput\"})."
[14:41:49.359] INFO (#192): 🔹 New block commitment process started.
[14:41:49.368] INFO (#192): Acquired state-queue mutation lease token=block_commitment:8c8ad8bd-738c-4010-aa05-630267c7af3e,holder=block_commitment,expires_at=2026-06-01T14:51:49.360Z
timestamp=2026-06-01T14:41:49.368Z level=INFO fiber=#1095 message="👷 Starting block commitment worker..."
timestamp=2026-06-01T14:41:50.809Z level=INFO fiber=#0 message="Initializing Lucid..."
timestamp=2026-06-01T14:41:51.096Z level=INFO fiber=#0 message="Lucid built successfully."
timestamp=2026-06-01T14:41:51.190Z level=INFO fiber=#0 message="📚 Opening connection to db..."
timestamp=2026-06-01T14:41:51.824Z level=INFO fiber=#0 message="🔐 Contract source selected: state_queue=real, hub_oracle=real, deposit=real, tx_order=real, withdrawal=real, settlement=real, reserve=real, payout=real, registered_operators=real, active_operators=real, retired_operators=real, scheduler=real, fraud_proofs.double_spend=real"
timestamp=2026-06-01T14:41:51.825Z level=INFO fiber=#0 message="🔹 Retrieving all mempool transactions..."
timestamp=2026-06-01T14:41:51.858Z level=INFO fiber=#0 message="🏦 Running commit-time deposit ingestion barrier up to 2026-06-01T14:41:51.858Z."
timestamp=2026-06-01T14:41:52.477Z level=INFO fiber=#0 message="🏦 2 deposit UTxOs found."
timestamp=2026-06-01T14:41:52.485Z level=INFO fiber=#0 message="🏦 Commit-time deposit barrier reconciled 2 deposit UTxO(s); fetch completed at 2026-06-01T14:41:52.485Z and locked the visibility barrier at 2026-06-01T14:41:51.858Z."
timestamp=2026-06-01T14:41:52.486Z level=INFO fiber=#0 message="Running commit-time withdrawal ingestion barrier up to 2026-06-01T14:41:51.858Z."
timestamp=2026-06-01T14:41:52.546Z level=INFO fiber=#0 message="Commit-time withdrawal barrier reconciled 0 withdrawal UTxO(s); fetch completed at 2026-06-01T14:41:52.546Z and locked the visibility barrier at 2026-06-01T14:41:51.858Z."
timestamp=2026-06-01T14:41:52.546Z level=INFO fiber=#0 message="🔹 Local finalization pending and no recoverable confirmed block is available yet; deferring new submission."
timestamp=2026-06-01T14:41:52.558Z level=INFO fiber=#26 message="👷 Block commitment work completed ({\"type\":\"NothingToCommitOutput\"})."
[14:41:53.562] INFO (#192): 🔹 New block commitment process started.
[14:41:53.571] INFO (#192): Acquired state-queue mutation lease token=block_commitment:d903710b-0a22-4170-a90e-b97d3193aeed,holder=block_commitment,expires_at=2026-06-01T14:51:53.564Z
timestamp=2026-06-01T14:41:53.572Z level=INFO fiber=#1097 message="👷 Starting block commitment worker..."
timestamp=2026-06-01T14:41:55.033Z level=INFO fiber=#0 message="Initializing Lucid..."
[14:41:55.146] INFO (#198): 🔸 Skipping merge while block commitment is unresolved (submitted_tx=3f0e5516596846e9cb4d547dbdfc20f1c2bed07571e3dbb464f25166a6585b01,local_finalization_pending=true).
timestamp=2026-06-01T14:41:55.344Z level=INFO fiber=#0 message="Lucid built successfully."
timestamp=2026-06-01T14:41:55.437Z level=INFO fiber=#0 message="📚 Opening connection to db..."
[14:41:55.585] INFO (#193): 🔍 New block confirmation process started.
timestamp=2026-06-01T14:41:55.585Z level=INFO fiber=#1106 message="🔍 Starting block confirmation worker..."
timestamp=2026-06-01T14:41:56.180Z level=INFO fiber=#0 message="🔐 Contract source selected: state_queue=real, hub_oracle=real, deposit=real, tx_order=real, withdrawal=real, settlement=real, reserve=real, payout=real, registered_operators=real, active_operators=real, retired_operators=real, scheduler=real, fraud_proofs.double_spend=real"
timestamp=2026-06-01T14:41:56.181Z level=INFO fiber=#0 message="🔹 Retrieving all mempool transactions..."
timestamp=2026-06-01T14:41:56.213Z level=INFO fiber=#0 message="🏦 Running commit-time deposit ingestion barrier up to 2026-06-01T14:41:56.212Z."
timestamp=2026-06-01T14:41:56.831Z level=INFO fiber=#0 message="🏦 2 deposit UTxOs found."
timestamp=2026-06-01T14:41:56.844Z level=INFO fiber=#0 message="🏦 Commit-time deposit barrier reconciled 2 deposit UTxO(s); fetch completed at 2026-06-01T14:41:56.844Z and locked the visibility barrier at 2026-06-01T14:41:56.212Z."
timestamp=2026-06-01T14:41:56.845Z level=INFO fiber=#0 message="Running commit-time withdrawal ingestion barrier up to 2026-06-01T14:41:56.212Z."
timestamp=2026-06-01T14:41:56.901Z level=INFO fiber=#0 message="Commit-time withdrawal barrier reconciled 0 withdrawal UTxO(s); fetch completed at 2026-06-01T14:41:56.901Z and locked the visibility barrier at 2026-06-01T14:41:56.212Z."
timestamp=2026-06-01T14:41:56.902Z level=INFO fiber=#0 message="🔹 Local finalization pending and no recoverable confirmed block is available yet; deferring new submission."
timestamp=2026-06-01T14:41:56.914Z level=INFO fiber=#26 message="👷 Block commitment work completed ({\"type\":\"NothingToCommitOutput\"})."
timestamp=2026-06-01T14:41:57.012Z level=INFO fiber=#0 message="Initializing Lucid..."
[14:41:57.296] INFO (#194): 🏦 2 deposit UTxOs found.
[14:41:57.305] INFO (#194): 🏦 Reconciled 2 visible deposit UTxO(s) into deposits_utxos.
timestamp=2026-06-01T14:41:57.349Z level=INFO fiber=#0 message="Lucid built successfully."
[14:41:57.919] INFO (#192): 🔹 New block commitment process started.
[14:41:57.923] INFO (#192): Acquired state-queue mutation lease token=block_commitment:ea72da30-3671-4ec4-acc4-c5dbe28d797b,holder=block_commitment,expires_at=2026-06-01T14:51:57.920Z
timestamp=2026-06-01T14:41:57.923Z level=INFO fiber=#1109 message="👷 Starting block commitment worker..."
timestamp=2026-06-01T14:41:57.977Z level=INFO fiber=#0 message="🔐 Contract source selected: state_queue=real, hub_oracle=real, deposit=real, tx_order=real, withdrawal=real, settlement=real, reserve=real, payout=real, registered_operators=real, active_operators=real, retired_operators=real, scheduler=real, fraud_proofs.double_spend=real"
timestamp=2026-06-01T14:41:57.978Z level=INFO fiber=#0 message="🔍 Resolving pending block header 9e3a2438007f581cd5eec4ca34b624617db1d5490b553190ecfcd399 (submitted_tx=3f0e5516596846e9cb4d547dbdfc20f1c2bed07571e3dbb464f25166a6585b01, age_ms=35716)."
timestamp=2026-06-01T14:41:59.408Z level=INFO fiber=#0 message="Initializing Lucid..."
timestamp=2026-06-01T14:41:59.709Z level=INFO fiber=#0 message="Lucid built successfully."
timestamp=2026-06-01T14:41:59.801Z level=INFO fiber=#0 message="📚 Opening connection to db..."
timestamp=2026-06-01T14:42:00.444Z level=INFO fiber=#0 message="🔐 Contract source selected: state_queue=real, hub_oracle=real, deposit=real, tx_order=real, withdrawal=real, settlement=real, reserve=real, payout=real, registered_operators=real, active_operators=real, retired_operators=real, scheduler=real, fraud_proofs.double_spend=real"
timestamp=2026-06-01T14:42:00.445Z level=INFO fiber=#0 message="🔹 Retrieving all mempool transactions..."
timestamp=2026-06-01T14:42:00.472Z level=INFO fiber=#0 message="🏦 Running commit-time deposit ingestion barrier up to 2026-06-01T14:42:00.471Z."
timestamp=2026-06-01T14:42:01.076Z level=INFO fiber=#0 message="🏦 2 deposit UTxOs found."
timestamp=2026-06-01T14:42:01.091Z level=INFO fiber=#0 message="🏦 Commit-time deposit barrier reconciled 2 deposit UTxO(s); fetch completed at 2026-06-01T14:42:01.091Z and locked the visibility barrier at 2026-06-01T14:42:00.471Z."
timestamp=2026-06-01T14:42:01.092Z level=INFO fiber=#0 message="Running commit-time withdrawal ingestion barrier up to 2026-06-01T14:42:00.471Z."
timestamp=2026-06-01T14:42:01.154Z level=INFO fiber=#0 message="Commit-time withdrawal barrier reconciled 0 withdrawal UTxO(s); fetch completed at 2026-06-01T14:42:01.154Z and locked the visibility barrier at 2026-06-01T14:42:00.471Z."
timestamp=2026-06-01T14:42:01.154Z level=INFO fiber=#0 message="🔹 Local finalization pending and no recoverable confirmed block is available yet; deferring new submission."
timestamp=2026-06-01T14:42:01.167Z level=INFO fiber=#26 message="👷 Block commitment work completed ({\"type\":\"NothingToCommitOutput\"})."
timestamp=2026-06-01T14:42:01.215Z level=INFO fiber=#0 message="🔍 Pending block header 9e3a2438007f581cd5eec4ca34b624617db1d5490b553190ecfcd399 is present in canonical state_queue."
timestamp=2026-06-01T14:42:01.217Z level=INFO fiber=#0 message="🔍 Done."
timestamp=2026-06-01T14:42:01.221Z level=INFO fiber=#16 message="🔍 Confirmation work completed ({\"type\":\"SuccessfulConfirmationOutput\",\"latestBlocksUTxO\":{\"utxo\":\"828258203f0e5516596846e9cb4d547dbdfc20f1c2bed07571e3dbb464f25166a6585b0100a300581d707fd50acc1edaf323530d51904667480281eea167b6ebe922d1b588d701821a004c4b40a1581ce620639d5f8fbbdd1632c8ccc908015ba369edfa63e640512e948bfca158204d424c439e3a2438007f581cd5eec4ca34b624617db1d5490b553190ecfcd39901028201d818590108d8799fd87a9fd8799f582003256ec6d67f943e729973d0e2c464de07debce18719789750982df5f67a13f458200de61b61a0f087811298c7af049af98c7a3de5bc48bb27c26b2adaf1115eeec85820fbad6200e1d70d87e431d80bd734dd5eb7fa4cd83f7943bd59fe1529dac1c6d65820c1031406b7c3c68cf396c19c65ef7321e65527847ebf2e325a35a9262b5b3f8658200e5751c026e543b2e8ab2eb06099daa1d1e5df47778f7787faab45cdf12fe3a81b0000019e83a08e301b0000019e83a35908581c36307326981e1ca0f144d4508bd872fe5edb54b2dea52b798e1aba9b581cec9416c09fdb1d6b92184f13a6c74e6fdb5faf1e2644235a6e7cd1cc00ffffd87a80ff\",\"datum\":\"d8799fd87a9fd8799f582003256ec6d67f943e729973d0e2c464de07debce18719789750982df5f67a13f458200de61b61a0f087811298c7af049af98c7a3de5bc48bb27c26b2adaf1115eeec85820fbad6200e1d70d87e431d80bd734dd5eb7fa4cd83f7943bd59fe1529dac1c6d65820c1031406b7c3c68cf396c19c65ef7321e65527847ebf2e325a35a9262b5b3f8658200e5751c026e543b2e8ab2eb06099daa1d1e5df47778f7787faab45cdf12fe3a81b0000019e83a08e301b0000019e83a35908581c36307326981e1ca0f144d4508bd872fe5edb54b2dea52b798e1aba9b581cec9416c09fdb1d6b92184f13a6c74e6fdb5faf1e2644235a6e7cd1cc00ffffd87a80ff\",\"assetName\":\"4d424c439e3a2438007f581cd5eec4ca34b624617db1d5490b553190ecfcd399\"},\"matchedPendingBlocksUTxO\":{\"utxo\":\"828258203f0e5516596846e9cb4d547dbdfc20f1c2bed07571e3dbb464f25166a6585b0100a300581d707fd50acc1edaf323530d51904667480281eea167b6ebe922d1b588d701821a004c4b40a1581ce620639d5f8fbbdd1632c8ccc908015ba369edfa63e640512e948bfca158204d424c439e3a2438007f581cd5eec4ca34b624617db1d5490b553190ecfcd39901028201d818590108d8799fd87a9fd8799f582003256ec6d67f943e729973d0e2c464de07debce18719789750982df5f67a13f458200de61b61a0f087811298c7af049af98c7a3de5bc48bb27c26b2adaf1115eeec85820fbad6200e1d70d87e431d80bd734dd5eb7fa4cd83f7943bd59fe1529dac1c6d65820c1031406b7c3c68cf396c19c65ef7321e65527847ebf2e325a35a9262b5b3f8658200e5751c026e543b2e8ab2eb06099daa1d1e5df47778f7787faab45cdf12fe3a81b0000019e83a08e301b0000019e83a35908581c36307326981e1ca0f144d4508bd872fe5edb54b2dea52b798e1aba9b581cec9416c09fdb1d6b92184f13a6c74e6fdb5faf1e2644235a6e7cd1cc00ffffd87a80ff\",\"datum\":\"d8799fd87a9fd8799f582003256ec6d67f943e729973d0e2c464de07debce18719789750982df5f67a13f458200de61b61a0f087811298c7af049af98c7a3de5bc48bb27c26b2adaf1115eeec85820fbad6200e1d70d87e431d80bd734dd5eb7fa4cd83f7943bd59fe1529dac1c6d65820c1031406b7c3c68cf396c19c65ef7321e65527847ebf2e325a35a9262b5b3f8658200e5751c026e543b2e8ab2eb06099daa1d1e5df47778f7787faab45cdf12fe3a81b0000019e83a08e301b0000019e83a35908581c36307326981e1ca0f144d4508bd872fe5edb54b2dea52b798e1aba9b581cec9416c09fdb1d6b92184f13a6c74e6fdb5faf1e2644235a6e7cd1cc00ffffd87a80ff\",\"assetName\":\"4d424c439e3a2438007f581cd5eec4ca34b624617db1d5490b553190ecfcd399\"}})."
[14:42:01.230] INFO (#193): 🔍 ☑️  Submitted block confirmed.
[14:42:02.174] INFO (#192): 🔹 New block commitment process started.
[14:42:02.183] INFO (#192): Acquired state-queue mutation lease token=block_commitment:00f90d1c-d669-464c-9011-7f30da1e5ad6,holder=block_commitment,expires_at=2026-06-01T14:52:02.175Z
timestamp=2026-06-01T14:42:02.183Z level=INFO fiber=#1111 message="👷 Starting block commitment worker..."
timestamp=2026-06-01T14:42:03.612Z level=INFO fiber=#0 message="Initializing Lucid..."
timestamp=2026-06-01T14:42:04.037Z level=INFO fiber=#0 message="Lucid built successfully."
timestamp=2026-06-01T14:42:04.131Z level=INFO fiber=#0 message="📚 Opening connection to db..."
timestamp=2026-06-01T14:42:04.779Z level=INFO fiber=#0 message="🔐 Contract source selected: state_queue=real, hub_oracle=real, deposit=real, tx_order=real, withdrawal=real, settlement=real, reserve=real, payout=real, registered_operators=real, active_operators=real, retired_operators=real, scheduler=real, fraud_proofs.double_spend=real"
timestamp=2026-06-01T14:42:04.780Z level=INFO fiber=#0 message="🔹 Retrieving all mempool transactions..."
timestamp=2026-06-01T14:42:04.811Z level=INFO fiber=#0 message="🏦 Running commit-time deposit ingestion barrier up to 2026-06-01T14:42:04.811Z."
[14:42:05.147] INFO (#198): 🔸 Skipping merge while block commitment is unresolved (submitted_tx=none,local_finalization_pending=true).
timestamp=2026-06-01T14:42:05.533Z level=INFO fiber=#0 message="🏦 2 deposit UTxOs found."
timestamp=2026-06-01T14:42:05.548Z level=INFO fiber=#0 message="🏦 Commit-time deposit barrier reconciled 2 deposit UTxO(s); fetch completed at 2026-06-01T14:42:05.548Z and locked the visibility barrier at 2026-06-01T14:42:04.811Z."
timestamp=2026-06-01T14:42:05.549Z level=INFO fiber=#0 message="Running commit-time withdrawal ingestion barrier up to 2026-06-01T14:42:04.811Z."
timestamp=2026-06-01T14:42:05.678Z level=INFO fiber=#0 message="Commit-time withdrawal barrier reconciled 0 withdrawal UTxO(s); fetch completed at 2026-06-01T14:42:05.678Z and locked the visibility barrier at 2026-06-01T14:42:04.811Z."
timestamp=2026-06-01T14:42:05.680Z level=INFO fiber=#0 message="🔹 Attempting local finalization recovery against confirmed block roots..."
timestamp=2026-06-01T14:42:05.713Z level=INFO fiber=#0 message="🔹 Inserting included transactions into ImmutableDB and BlocksDB, clearing included txs from MempoolDB/ProcessedMempoolDB, and resetting the transactions MPF root marker..."
timestamp=2026-06-01T14:42:05.748Z level=INFO fiber=#31 message="👷 Block commitment work completed ({\"type\":\"SuccessfulLocalFinalizationRecoveryOutput\",\"mempoolTxsCount\":1,\"sizeOfBlocksTxs\":337})."
[14:42:05.749] INFO (#192): 🔹 ☑️  Local finalization recovery completed for confirmed block.
[14:42:06.753] INFO (#192): 🔹 New block commitment process started.
[14:42:06.762] INFO (#192): Acquired state-queue mutation lease token=block_commitment:f18bfb93-c27b-4816-97bc-c66980eb9b20,holder=block_commitment,expires_at=2026-06-01T14:52:06.755Z
[14:42:07.421] INFO (#192): 🔹 Using live state-queue tail commit base 3f0e5516596846e9cb4d547dbdfc20f1c2bed07571e3dbb464f25166a6585b01#0 from snapshot commit_preflight:e88f3cb4f2fd29902feb84944f7430f5bb2ac4d21bebbd742a881f357eeccb32#0:3f0e5516596846e9cb4d547dbdfc20f1c2bed07571e3dbb464f25166a6585b01#0:1780324927421.
timestamp=2026-06-01T14:42:07.421Z level=INFO fiber=#1124 message="👷 Starting block commitment worker..."
[14:42:07.984] INFO (#194): 🏦 2 deposit UTxOs found.
[14:42:07.992] INFO (#194): 🏦 Reconciled 2 visible deposit UTxO(s) into deposits_utxos.
timestamp=2026-06-01T14:42:08.928Z level=INFO fiber=#0 message="Initializing Lucid..."
timestamp=2026-06-01T14:42:09.284Z level=INFO fiber=#0 message="Lucid built successfully."
timestamp=2026-06-01T14:42:09.378Z level=INFO fiber=#0 message="📚 Opening connection to db..."
timestamp=2026-06-01T14:42:10.015Z level=INFO fiber=#0 message="🔐 Contract source selected: state_queue=real, hub_oracle=real, deposit=real, tx_order=real, withdrawal=real, settlement=real, reserve=real, payout=real, registered_operators=real, active_operators=real, retired_operators=real, scheduler=real, fraud_proofs.double_spend=real"
timestamp=2026-06-01T14:42:10.016Z level=INFO fiber=#0 message="🔹 Retrieving all mempool transactions..."
timestamp=2026-06-01T14:42:10.046Z level=INFO fiber=#0 message="🏦 Running commit-time deposit ingestion barrier up to 2026-06-01T14:42:10.046Z."
timestamp=2026-06-01T14:42:10.721Z level=INFO fiber=#0 message="🏦 2 deposit UTxOs found."
timestamp=2026-06-01T14:42:10.735Z level=INFO fiber=#0 message="🏦 Commit-time deposit barrier reconciled 2 deposit UTxO(s); fetch completed at 2026-06-01T14:42:10.735Z and locked the visibility barrier at 2026-06-01T14:42:10.046Z."
timestamp=2026-06-01T14:42:10.736Z level=INFO fiber=#0 message="Running commit-time withdrawal ingestion barrier up to 2026-06-01T14:42:10.046Z."
timestamp=2026-06-01T14:42:10.826Z level=INFO fiber=#0 message="Commit-time withdrawal barrier reconciled 0 withdrawal UTxO(s); fetch completed at 2026-06-01T14:42:10.826Z and locked the visibility barrier at 2026-06-01T14:42:10.046Z."
timestamp=2026-06-01T14:42:10.828Z level=INFO fiber=#0 message="🔹 Going through mempool txs and finding roots..."
timestamp=2026-06-01T14:42:10.842Z level=INFO fiber=#0 message="🔹 New transaction root found: 0e5751c026e543b2e8ab2eb06099daa1d1e5df47778f7787faab45cdf12fe3a8"
timestamp=2026-06-01T14:42:10.842Z level=INFO fiber=#0 message="🔹 New UTxO root found: 0de61b61a0f087811298c7af049af98c7a3de5bc48bb27c26b2adaf1115eeec8"
timestamp=2026-06-01T14:42:10.842Z level=INFO fiber=#0 message="🔹 No transactions were found in MempoolDB, checking ProcessedMempoolDB..."
timestamp=2026-06-01T14:42:10.844Z level=INFO fiber=#0 message="🔹 Previous submitted block is now confirmed, deserializing..."
timestamp=2026-06-01T14:42:10.846Z level=INFO fiber=#0 message="🔹 Checking for user events... (no tx requests in queue)"
timestamp=2026-06-01T14:42:10.847Z level=INFO fiber=#0 message="🔹 Nothing to commit."
timestamp=2026-06-01T14:42:10.860Z level=INFO fiber=#29 message="👷 Block commitment work completed ({\"type\":\"NothingToCommitOutput\"})."
[14:42:11.233] INFO (#193): 🔍 New block confirmation process started.
timestamp=2026-06-01T14:42:11.233Z level=INFO fiber=#1125 message="🔍 Starting block confirmation worker..."
[14:42:11.864] INFO (#192): 🔹 New block commitment process started.
[14:42:11.873] INFO (#192): Acquired state-queue mutation lease token=block_commitment:e5eccbb6-39ea-4234-9021-665f02f6cae3,holder=block_commitment,expires_at=2026-06-01T14:52:11.865Z
timestamp=2026-06-01T14:42:12.505Z level=INFO fiber=#0 message="Initializing Lucid..."
[14:42:12.616] INFO (#192): 🔹 Using live state-queue tail commit base 3f0e5516596846e9cb4d547dbdfc20f1c2bed07571e3dbb464f25166a6585b01#0 from snapshot commit_preflight:e88f3cb4f2fd29902feb84944f7430f5bb2ac4d21bebbd742a881f357eeccb32#0:3f0e5516596846e9cb4d547dbdfc20f1c2bed07571e3dbb464f25166a6585b01#0:1780324932616.
timestamp=2026-06-01T14:42:12.616Z level=INFO fiber=#1133 message="👷 Starting block commitment worker..."
timestamp=2026-06-01T14:42:12.853Z level=INFO fiber=#0 message="Lucid built successfully."
timestamp=2026-06-01T14:42:14.166Z level=INFO fiber=#0 message="Initializing Lucid..."
timestamp=2026-06-01T14:42:14.580Z level=INFO fiber=#0 message="Lucid built successfully."
timestamp=2026-06-01T14:42:14.671Z level=INFO fiber=#0 message="📚 Opening connection to db..."
[14:42:15.151] INFO (#198): 🔸 Skipping merge because the state-queue mutation lease is busy (active_holder=block_commitment,active_token=block_commitment:e5eccbb6-39ea-4234-9021-665f02f6cae3,active_expires_at=2026-06-01T14:52:11.865Z).
timestamp=2026-06-01T14:42:15.293Z level=INFO fiber=#0 message="🔐 Contract source selected: state_queue=real, hub_oracle=real, deposit=real, tx_order=real, withdrawal=real, settlement=real, reserve=real, payout=real, registered_operators=real, active_operators=real, retired_operators=real, scheduler=real, fraud_proofs.double_spend=real"
timestamp=2026-06-01T14:42:15.293Z level=INFO fiber=#0 message="🔹 Retrieving all mempool transactions..."
timestamp=2026-06-01T14:42:15.321Z level=INFO fiber=#0 message="🏦 Running commit-time deposit ingestion barrier up to 2026-06-01T14:42:15.321Z."
timestamp=2026-06-01T14:42:16.031Z level=INFO fiber=#0 message="🏦 2 deposit UTxOs found."
timestamp=2026-06-01T14:42:16.045Z level=INFO fiber=#0 message="🏦 Commit-time deposit barrier reconciled 2 deposit UTxO(s); fetch completed at 2026-06-01T14:42:16.045Z and locked the visibility barrier at 2026-06-01T14:42:15.321Z."
timestamp=2026-06-01T14:42:16.045Z level=INFO fiber=#0 message="Running commit-time withdrawal ingestion barrier up to 2026-06-01T14:42:15.321Z."
timestamp=2026-06-01T14:42:16.169Z level=INFO fiber=#0 message="Commit-time withdrawal barrier reconciled 0 withdrawal UTxO(s); fetch completed at 2026-06-01T14:42:16.169Z and locked the visibility barrier at 2026-06-01T14:42:15.321Z."
timestamp=2026-06-01T14:42:16.171Z level=INFO fiber=#0 message="🔹 Going through mempool txs and finding roots..."
timestamp=2026-06-01T14:42:16.183Z level=INFO fiber=#0 message="🔹 New transaction root found: 0e5751c026e543b2e8ab2eb06099daa1d1e5df47778f7787faab45cdf12fe3a8"
timestamp=2026-06-01T14:42:16.184Z level=INFO fiber=#0 message="🔹 New UTxO root found: 0de61b61a0f087811298c7af049af98c7a3de5bc48bb27c26b2adaf1115eeec8"
timestamp=2026-06-01T14:42:16.184Z level=INFO fiber=#0 message="🔹 No transactions were found in MempoolDB, checking ProcessedMempoolDB..."
timestamp=2026-06-01T14:42:16.185Z level=INFO fiber=#0 message="🔹 Previous submitted block is now confirmed, deserializing..."
timestamp=2026-06-01T14:42:16.187Z level=INFO fiber=#0 message="🔹 Checking for user events... (no tx requests in queue)"
timestamp=2026-06-01T14:42:16.187Z level=INFO fiber=#0 message="🔹 Nothing to commit."
timestamp=2026-06-01T14:42:16.198Z level=INFO fiber=#29 message="👷 Block commitment work completed ({\"type\":\"NothingToCommitOutput\"})."
[14:42:17.202] INFO (#192): 🔹 New block commitment process started.
[14:42:17.211] INFO (#192): Acquired state-queue mutation lease token=block_commitment:a1ee761b-1573-476e-ad7d-a367382de51f,holder=block_commitment,expires_at=2026-06-01T14:52:17.203Z
[14:42:17.939] INFO (#192): 🔹 Using live state-queue tail commit base 3f0e5516596846e9cb4d547dbdfc20f1c2bed07571e3dbb464f25166a6585b01#0 from snapshot commit_preflight:e88f3cb4f2fd29902feb84944f7430f5bb2ac4d21bebbd742a881f357eeccb32#0:3f0e5516596846e9cb4d547dbdfc20f1c2bed07571e3dbb464f25166a6585b01#0:1780324937939.
timestamp=2026-06-01T14:42:17.939Z level=INFO fiber=#1145 message="👷 Starting block commitment worker..."
[14:42:18.695] INFO (#194): 🏦 2 deposit UTxOs found.
[14:42:18.705] INFO (#194): 🏦 Reconciled 2 visible deposit UTxO(s) into deposits_utxos.
timestamp=2026-06-01T14:42:19.393Z level=INFO fiber=#0 message="Initializing Lucid..."
timestamp=2026-06-01T14:42:19.709Z level=INFO fiber=#0 message="Lucid built successfully."
timestamp=2026-06-01T14:42:19.800Z level=INFO fiber=#0 message="📚 Opening connection to db..."
timestamp=2026-06-01T14:42:20.429Z level=INFO fiber=#0 message="🔐 Contract source selected: state_queue=real, hub_oracle=real, deposit=real, tx_order=real, withdrawal=real, settlement=real, reserve=real, payout=real, registered_operators=real, active_operators=real, retired_operators=real, scheduler=real, fraud_proofs.double_spend=real"
timestamp=2026-06-01T14:42:20.430Z level=INFO fiber=#0 message="🔹 Retrieving all mempool transactions..."
timestamp=2026-06-01T14:42:20.459Z level=INFO fiber=#0 message="🏦 Running commit-time deposit ingestion barrier up to 2026-06-01T14:42:20.459Z."
timestamp=2026-06-01T14:42:21.180Z level=INFO fiber=#0 message="🏦 2 deposit UTxOs found."
timestamp=2026-06-01T14:42:21.195Z level=INFO fiber=#0 message="🏦 Commit-time deposit barrier reconciled 2 deposit UTxO(s); fetch completed at 2026-06-01T14:42:21.194Z and locked the visibility barrier at 2026-06-01T14:42:20.459Z."
timestamp=2026-06-01T14:42:21.195Z level=INFO fiber=#0 message="Running commit-time withdrawal ingestion barrier up to 2026-06-01T14:42:20.459Z."
timestamp=2026-06-01T14:42:21.293Z level=INFO fiber=#0 message="Commit-time withdrawal barrier reconciled 0 withdrawal UTxO(s); fetch completed at 2026-06-01T14:42:21.293Z and locked the visibility barrier at 2026-06-01T14:42:20.459Z."
timestamp=2026-06-01T14:42:21.294Z level=INFO fiber=#0 message="🔹 Going through mempool txs and finding roots..."
timestamp=2026-06-01T14:42:21.307Z level=INFO fiber=#0 message="🔹 New transaction root found: 0e5751c026e543b2e8ab2eb06099daa1d1e5df47778f7787faab45cdf12fe3a8"
timestamp=2026-06-01T14:42:21.307Z level=INFO fiber=#0 message="🔹 New UTxO root found: 0de61b61a0f087811298c7af049af98c7a3de5bc48bb27c26b2adaf1115eeec8"
timestamp=2026-06-01T14:42:21.308Z level=INFO fiber=#0 message="🔹 No transactions were found in MempoolDB, checking ProcessedMempoolDB..."
timestamp=2026-06-01T14:42:21.310Z level=INFO fiber=#0 message="🔹 Previous submitted block is now confirmed, deserializing..."
timestamp=2026-06-01T14:42:21.312Z level=INFO fiber=#0 message="🔹 Checking for user events... (no tx requests in queue)"
timestamp=2026-06-01T14:42:21.313Z level=INFO fiber=#0 message="🔹 Nothing to commit."
timestamp=2026-06-01T14:42:21.325Z level=INFO fiber=#29 message="👷 Block commitment work completed ({\"type\":\"NothingToCommitOutput\"})."
[14:42:22.329] INFO (#192): 🔹 New block commitment process started.
[14:42:22.333] INFO (#192): Acquired state-queue mutation lease token=block_commitment:5a3a85da-504c-443a-bccc-9adcc4bbfb3a,holder=block_commitment,expires_at=2026-06-01T14:52:22.331Z
[14:42:23.072] INFO (#192): 🔹 Using live state-queue tail commit base 3f0e5516596846e9cb4d547dbdfc20f1c2bed07571e3dbb464f25166a6585b01#0 from snapshot commit_preflight:e88f3cb4f2fd29902feb84944f7430f5bb2ac4d21bebbd742a881f357eeccb32#0:3f0e5516596846e9cb4d547dbdfc20f1c2bed07571e3dbb464f25166a6585b01#0:1780324943072.
timestamp=2026-06-01T14:42:23.072Z level=INFO fiber=#1154 message="👷 Starting block commitment worker..."
[14:42:23.571] INFO (#193): 🔍 New block confirmation process started.
timestamp=2026-06-01T14:42:23.571Z level=INFO fiber=#1155 message="🔍 Starting block confirmation worker..."
timestamp=2026-06-01T14:42:24.678Z level=INFO fiber=#0 message="Initializing Lucid..."
timestamp=2026-06-01T14:42:24.994Z level=INFO fiber=#0 message="Initializing Lucid..."
timestamp=2026-06-01T14:42:25.035Z level=INFO fiber=#0 message="Lucid built successfully."
timestamp=2026-06-01T14:42:25.136Z level=INFO fiber=#0 message="📚 Opening connection to db..."
[14:42:25.155] INFO (#198): 🔸 Skipping merge because the state-queue mutation lease is busy (active_holder=block_commitment,active_token=block_commitment:5a3a85da-504c-443a-bccc-9adcc4bbfb3a,active_expires_at=2026-06-01T14:52:22.331Z).
timestamp=2026-06-01T14:42:25.447Z level=INFO fiber=#0 message="Lucid built successfully."
timestamp=2026-06-01T14:42:25.844Z level=INFO fiber=#0 message="🔐 Contract source selected: state_queue=real, hub_oracle=real, deposit=real, tx_order=real, withdrawal=real, settlement=real, reserve=real, payout=real, registered_operators=real, active_operators=real, retired_operators=real, scheduler=real, fraud_proofs.double_spend=real"
timestamp=2026-06-01T14:42:25.845Z level=INFO fiber=#0 message="🔹 Retrieving all mempool transactions..."
timestamp=2026-06-01T14:42:25.881Z level=INFO fiber=#0 message="🏦 Running commit-time deposit ingestion barrier up to 2026-06-01T14:42:25.881Z."
timestamp=2026-06-01T14:42:26.518Z level=INFO fiber=#0 message="🏦 2 deposit UTxOs found."
timestamp=2026-06-01T14:42:26.527Z level=INFO fiber=#0 message="🏦 Commit-time deposit barrier reconciled 2 deposit UTxO(s); fetch completed at 2026-06-01T14:42:26.527Z and locked the visibility barrier at 2026-06-01T14:42:25.881Z."
timestamp=2026-06-01T14:42:26.527Z level=INFO fiber=#0 message="Running commit-time withdrawal ingestion barrier up to 2026-06-01T14:42:25.881Z."
timestamp=2026-06-01T14:42:26.606Z level=INFO fiber=#0 message="Commit-time withdrawal barrier reconciled 0 withdrawal UTxO(s); fetch completed at 2026-06-01T14:42:26.606Z and locked the visibility barrier at 2026-06-01T14:42:25.881Z."
timestamp=2026-06-01T14:42:26.607Z level=INFO fiber=#0 message="🔹 Going through mempool txs and finding roots..."
timestamp=2026-06-01T14:42:26.620Z level=INFO fiber=#0 message="🔹 New transaction root found: 0e5751c026e543b2e8ab2eb06099daa1d1e5df47778f7787faab45cdf12fe3a8"
timestamp=2026-06-01T14:42:26.620Z level=INFO fiber=#0 message="🔹 New UTxO root found: 0de61b61a0f087811298c7af049af98c7a3de5bc48bb27c26b2adaf1115eeec8"
timestamp=2026-06-01T14:42:26.620Z level=INFO fiber=#0 message="🔹 No transactions were found in MempoolDB, checking ProcessedMempoolDB..."
timestamp=2026-06-01T14:42:26.622Z level=INFO fiber=#0 message="🔹 Previous submitted block is now confirmed, deserializing..."
timestamp=2026-06-01T14:42:26.623Z level=INFO fiber=#0 message="🔹 Checking for user events... (no tx requests in queue)"
timestamp=2026-06-01T14:42:26.624Z level=INFO fiber=#0 message="🔹 Nothing to commit."
timestamp=2026-06-01T14:42:26.635Z level=INFO fiber=#29 message="👷 Block commitment work completed ({\"type\":\"NothingToCommitOutput\"})."
[14:42:27.641] INFO (#192): 🔹 New block commitment process started.
[14:42:27.650] INFO (#192): Acquired state-queue mutation lease token=block_commitment:d54c466b-12be-4886-92ab-ecd4d9484137,holder=block_commitment,expires_at=2026-06-01T14:52:27.643Z
[14:42:28.265] INFO (#192): 🔹 Using live state-queue tail commit base 3f0e5516596846e9cb4d547dbdfc20f1c2bed07571e3dbb464f25166a6585b01#0 from snapshot commit_preflight:e88f3cb4f2fd29902feb84944f7430f5bb2ac4d21bebbd742a881f357eeccb32#0:3f0e5516596846e9cb4d547dbdfc20f1c2bed07571e3dbb464f25166a6585b01#0:1780324948265.
timestamp=2026-06-01T14:42:28.265Z level=INFO fiber=#1167 message="👷 Starting block commitment worker..."
[14:42:29.319] INFO (#194): 🏦 2 deposit UTxOs found.
[14:42:29.328] INFO (#194): 🏦 Reconciled 2 visible deposit UTxO(s) into deposits_utxos.
timestamp=2026-06-01T14:42:29.712Z level=INFO fiber=#0 message="Initializing Lucid..."
timestamp=2026-06-01T14:42:30.026Z level=INFO fiber=#0 message="Lucid built successfully."
timestamp=2026-06-01T14:42:30.118Z level=INFO fiber=#0 message="📚 Opening connection to db..."
timestamp=2026-06-01T14:42:30.751Z level=INFO fiber=#0 message="🔐 Contract source selected: state_queue=real, hub_oracle=real, deposit=real, tx_order=real, withdrawal=real, settlement=real, reserve=real, payout=real, registered_operators=real, active_operators=real, retired_operators=real, scheduler=real, fraud_proofs.double_spend=real"
timestamp=2026-06-01T14:42:30.752Z level=INFO fiber=#0 message="🔹 Retrieving all mempool transactions..."
timestamp=2026-06-01T14:42:30.784Z level=INFO fiber=#0 message="🏦 Running commit-time deposit ingestion barrier up to 2026-06-01T14:42:30.784Z."
timestamp=2026-06-01T14:42:31.411Z level=INFO fiber=#0 message="🏦 2 deposit UTxOs found."
timestamp=2026-06-01T14:42:31.425Z level=INFO fiber=#0 message="🏦 Commit-time deposit barrier reconciled 2 deposit UTxO(s); fetch completed at 2026-06-01T14:42:31.425Z and locked the visibility barrier at 2026-06-01T14:42:30.784Z."
timestamp=2026-06-01T14:42:31.426Z level=INFO fiber=#0 message="Running commit-time withdrawal ingestion barrier up to 2026-06-01T14:42:30.784Z."
timestamp=2026-06-01T14:42:31.491Z level=INFO fiber=#0 message="Commit-time withdrawal barrier reconciled 0 withdrawal UTxO(s); fetch completed at 2026-06-01T14:42:31.491Z and locked the visibility barrier at 2026-06-01T14:42:30.784Z."
timestamp=2026-06-01T14:42:31.492Z level=INFO fiber=#0 message="🔹 Going through mempool txs and finding roots..."
timestamp=2026-06-01T14:42:31.505Z level=INFO fiber=#0 message="🔹 New transaction root found: 0e5751c026e543b2e8ab2eb06099daa1d1e5df47778f7787faab45cdf12fe3a8"
timestamp=2026-06-01T14:42:31.505Z level=INFO fiber=#0 message="🔹 New UTxO root found: 0de61b61a0f087811298c7af049af98c7a3de5bc48bb27c26b2adaf1115eeec8"
timestamp=2026-06-01T14:42:31.505Z level=INFO fiber=#0 message="🔹 No transactions were found in MempoolDB, checking ProcessedMempoolDB..."
timestamp=2026-06-01T14:42:31.506Z level=INFO fiber=#0 message="🔹 Previous submitted block is now confirmed, deserializing..."
timestamp=2026-06-01T14:42:31.508Z level=INFO fiber=#0 message="🔹 Checking for user events... (no tx requests in queue)"
timestamp=2026-06-01T14:42:31.509Z level=INFO fiber=#0 message="🔹 Nothing to commit."
timestamp=2026-06-01T14:42:31.520Z level=INFO fiber=#29 message="👷 Block commitment work completed ({\"type\":\"NothingToCommitOutput\"})."
[14:42:32.524] INFO (#192): 🔹 New block commitment process started.
[14:42:32.528] INFO (#192): Acquired state-queue mutation lease token=block_commitment:42d61522-93dc-48a4-bd69-9fc4b9a518a4,holder=block_commitment,expires_at=2026-06-01T14:52:32.526Z
[14:42:33.133] INFO (#192): 🔹 Using live state-queue tail commit base 3f0e5516596846e9cb4d547dbdfc20f1c2bed07571e3dbb464f25166a6585b01#0 from snapshot commit_preflight:e88f3cb4f2fd29902feb84944f7430f5bb2ac4d21bebbd742a881f357eeccb32#0:3f0e5516596846e9cb4d547dbdfc20f1c2bed07571e3dbb464f25166a6585b01#0:1780324953133.
timestamp=2026-06-01T14:42:33.133Z level=INFO fiber=#1176 message="👷 Starting block commitment worker..."
timestamp=2026-06-01T14:42:34.569Z level=INFO fiber=#0 message="Initializing Lucid..."
timestamp=2026-06-01T14:42:34.897Z level=INFO fiber=#0 message="Lucid built successfully."
timestamp=2026-06-01T14:42:34.992Z level=INFO fiber=#0 message="📚 Opening connection to db..."
[14:42:35.159] INFO (#198): 🔸 Skipping merge because the state-queue mutation lease is busy (active_holder=block_commitment,active_token=block_commitment:42d61522-93dc-48a4-bd69-9fc4b9a518a4,active_expires_at=2026-06-01T14:52:32.526Z).
timestamp=2026-06-01T14:42:35.627Z level=INFO fiber=#0 message="🔐 Contract source selected: state_queue=real, hub_oracle=real, deposit=real, tx_order=real, withdrawal=real, settlement=real, reserve=real, payout=real, registered_operators=real, active_operators=real, retired_operators=real, scheduler=real, fraud_proofs.double_spend=real"
timestamp=2026-06-01T14:42:35.628Z level=INFO fiber=#0 message="🔹 Retrieving all mempool transactions..."
timestamp=2026-06-01T14:42:35.655Z level=INFO fiber=#0 message="🏦 Running commit-time deposit ingestion barrier up to 2026-06-01T14:42:35.655Z."
[14:42:36.136] INFO (#193): 🔍 New block confirmation process started.
timestamp=2026-06-01T14:42:36.136Z level=INFO fiber=#1181 message="🔍 Starting block confirmation worker..."
timestamp=2026-06-01T14:42:36.263Z level=INFO fiber=#0 message="🏦 2 deposit UTxOs found."
timestamp=2026-06-01T14:42:36.277Z level=INFO fiber=#0 message="🏦 Commit-time deposit barrier reconciled 2 deposit UTxO(s); fetch completed at 2026-06-01T14:42:36.277Z and locked the visibility barrier at 2026-06-01T14:42:35.655Z."
timestamp=2026-06-01T14:42:36.277Z level=INFO fiber=#0 message="Running commit-time withdrawal ingestion barrier up to 2026-06-01T14:42:35.655Z."
timestamp=2026-06-01T14:42:36.338Z level=INFO fiber=#0 message="Commit-time withdrawal barrier reconciled 0 withdrawal UTxO(s); fetch completed at 2026-06-01T14:42:36.338Z and locked the visibility barrier at 2026-06-01T14:42:35.655Z."
timestamp=2026-06-01T14:42:36.339Z level=INFO fiber=#0 message="🔹 Going through mempool txs and finding roots..."
timestamp=2026-06-01T14:42:36.351Z level=INFO fiber=#0 message="🔹 New transaction root found: 0e5751c026e543b2e8ab2eb06099daa1d1e5df47778f7787faab45cdf12fe3a8"
timestamp=2026-06-01T14:42:36.351Z level=INFO fiber=#0 message="🔹 New UTxO root found: 0de61b61a0f087811298c7af049af98c7a3de5bc48bb27c26b2adaf1115eeec8"
timestamp=2026-06-01T14:42:36.351Z level=INFO fiber=#0 message="🔹 No transactions were found in MempoolDB, checking ProcessedMempoolDB..."
timestamp=2026-06-01T14:42:36.352Z level=INFO fiber=#0 message="🔹 Previous submitted block is now confirmed, deserializing..."
timestamp=2026-06-01T14:42:36.355Z level=INFO fiber=#0 message="🔹 Checking for user events... (no tx requests in queue)"
timestamp=2026-06-01T14:42:36.356Z level=INFO fiber=#0 message="🔹 Nothing to commit."
timestamp=2026-06-01T14:42:36.371Z level=INFO fiber=#29 message="👷 Block commitment work completed ({\"type\":\"NothingToCommitOutput\"})."
[14:42:37.377] INFO (#192): 🔹 New block commitment process started.
[14:42:37.380] INFO (#192): Acquired state-queue mutation lease token=block_commitment:0ccadc69-a685-4a74-bda1-1417b69a9d3c,holder=block_commitment,expires_at=2026-06-01T14:52:37.378Z
timestamp=2026-06-01T14:42:37.419Z level=INFO fiber=#0 message="Initializing Lucid..."
timestamp=2026-06-01T14:42:37.746Z level=INFO fiber=#0 message="Lucid built successfully."
[14:42:37.992] INFO (#192): 🔹 Using live state-queue tail commit base 3f0e5516596846e9cb4d547dbdfc20f1c2bed07571e3dbb464f25166a6585b01#0 from snapshot commit_preflight:e88f3cb4f2fd29902feb84944f7430f5bb2ac4d21bebbd742a881f357eeccb32#0:3f0e5516596846e9cb4d547dbdfc20f1c2bed07571e3dbb464f25166a6585b01#0:1780324957992.
timestamp=2026-06-01T14:42:37.992Z level=INFO fiber=#1189 message="👷 Starting block commitment worker..."
timestamp=2026-06-01T14:42:39.570Z level=INFO fiber=#0 message="Initializing Lucid..."
timestamp=2026-06-01T14:42:39.892Z level=INFO fiber=#0 message="Lucid built successfully."
[14:42:39.959] INFO (#194): 🏦 2 deposit UTxOs found.
[14:42:39.968] INFO (#194): 🏦 Reconciled 2 visible deposit UTxO(s) into deposits_utxos.
timestamp=2026-06-01T14:42:39.986Z level=INFO fiber=#0 message="📚 Opening connection to db..."
timestamp=2026-06-01T14:42:40.616Z level=INFO fiber=#0 message="🔐 Contract source selected: state_queue=real, hub_oracle=real, deposit=real, tx_order=real, withdrawal=real, settlement=real, reserve=real, payout=real, registered_operators=real, active_operators=real, retired_operators=real, scheduler=real, fraud_proofs.double_spend=real"
timestamp=2026-06-01T14:42:40.617Z level=INFO fiber=#0 message="🔹 Retrieving all mempool transactions..."
timestamp=2026-06-01T14:42:40.645Z level=INFO fiber=#0 message="🏦 Running commit-time deposit ingestion barrier up to 2026-06-01T14:42:40.645Z."
timestamp=2026-06-01T14:42:41.268Z level=INFO fiber=#0 message="🏦 2 deposit UTxOs found."
timestamp=2026-06-01T14:42:41.277Z level=INFO fiber=#0 message="🏦 Commit-time deposit barrier reconciled 2 deposit UTxO(s); fetch completed at 2026-06-01T14:42:41.276Z and locked the visibility barrier at 2026-06-01T14:42:40.645Z."
timestamp=2026-06-01T14:42:41.277Z level=INFO fiber=#0 message="Running commit-time withdrawal ingestion barrier up to 2026-06-01T14:42:40.645Z."
timestamp=2026-06-01T14:42:41.339Z level=INFO fiber=#0 message="Commit-time withdrawal barrier reconciled 0 withdrawal UTxO(s); fetch completed at 2026-06-01T14:42:41.339Z and locked the visibility barrier at 2026-06-01T14:42:40.645Z."
timestamp=2026-06-01T14:42:41.341Z level=INFO fiber=#0 message="🔹 Going through mempool txs and finding roots..."
timestamp=2026-06-01T14:42:41.354Z level=INFO fiber=#0 message="🔹 New transaction root found: 0e5751c026e543b2e8ab2eb06099daa1d1e5df47778f7787faab45cdf12fe3a8"
timestamp=2026-06-01T14:42:41.354Z level=INFO fiber=#0 message="🔹 New UTxO root found: 0de61b61a0f087811298c7af049af98c7a3de5bc48bb27c26b2adaf1115eeec8"
timestamp=2026-06-01T14:42:41.354Z level=INFO fiber=#0 message="🔹 No transactions were found in MempoolDB, checking ProcessedMempoolDB..."
timestamp=2026-06-01T14:42:41.356Z level=INFO fiber=#0 message="🔹 Previous submitted block is now confirmed, deserializing..."
timestamp=2026-06-01T14:42:41.358Z level=INFO fiber=#0 message="🔹 Checking for user events... (no tx requests in queue)"
timestamp=2026-06-01T14:42:41.358Z level=INFO fiber=#0 message="🔹 Nothing to commit."
timestamp=2026-06-01T14:42:41.370Z level=INFO fiber=#29 message="👷 Block commitment work completed ({\"type\":\"NothingToCommitOutput\"})."
[14:42:42.375] INFO (#192): 🔹 New block commitment process started.
[14:42:42.384] INFO (#192): Acquired state-queue mutation lease token=block_commitment:ff609cd3-36d9-4b63-96c0-c3983971f0e0,holder=block_commitment,expires_at=2026-06-01T14:52:42.377Z
[14:42:42.997] INFO (#192): 🔹 Using live state-queue tail commit base 3f0e5516596846e9cb4d547dbdfc20f1c2bed07571e3dbb464f25166a6585b01#0 from snapshot commit_preflight:e88f3cb4f2fd29902feb84944f7430f5bb2ac4d21bebbd742a881f357eeccb32#0:3f0e5516596846e9cb4d547dbdfc20f1c2bed07571e3dbb464f25166a6585b01#0:1780324962997.
timestamp=2026-06-01T14:42:42.997Z level=INFO fiber=#1198 message="👷 Starting block commitment worker..."
timestamp=2026-06-01T14:42:44.429Z level=INFO fiber=#0 message="Initializing Lucid..."
timestamp=2026-06-01T14:42:44.741Z level=INFO fiber=#0 message="Lucid built successfully."
timestamp=2026-06-01T14:42:44.834Z level=INFO fiber=#0 message="📚 Opening connection to db..."
[14:42:45.163] INFO (#198): 🔸 Skipping merge because the state-queue mutation lease is busy (active_holder=block_commitment,active_token=block_commitment:ff609cd3-36d9-4b63-96c0-c3983971f0e0,active_expires_at=2026-06-01T14:52:42.377Z).
timestamp=2026-06-01T14:42:45.457Z level=INFO fiber=#0 message="🔐 Contract source selected: state_queue=real, hub_oracle=real, deposit=real, tx_order=real, withdrawal=real, settlement=real, reserve=real, payout=real, registered_operators=real, active_operators=real, retired_operators=real, scheduler=real, fraud_proofs.double_spend=real"
timestamp=2026-06-01T14:42:45.458Z level=INFO fiber=#0 message="🔹 Retrieving all mempool transactions..."
timestamp=2026-06-01T14:42:45.493Z level=INFO fiber=#0 message="🏦 Running commit-time deposit ingestion barrier up to 2026-06-01T14:42:45.493Z."
timestamp=2026-06-01T14:42:46.104Z level=INFO fiber=#0 message="🏦 2 deposit UTxOs found."
timestamp=2026-06-01T14:42:46.118Z level=INFO fiber=#0 message="🏦 Commit-time deposit barrier reconciled 2 deposit UTxO(s); fetch completed at 2026-06-01T14:42:46.118Z and locked the visibility barrier at 2026-06-01T14:42:45.493Z."
timestamp=2026-06-01T14:42:46.118Z level=INFO fiber=#0 message="Running commit-time withdrawal ingestion barrier up to 2026-06-01T14:42:45.493Z."
timestamp=2026-06-01T14:42:46.177Z level=INFO fiber=#0 message="Commit-time withdrawal barrier reconciled 0 withdrawal UTxO(s); fetch completed at 2026-06-01T14:42:46.177Z and locked the visibility barrier at 2026-06-01T14:42:45.493Z."
timestamp=2026-06-01T14:42:46.178Z level=INFO fiber=#0 message="🔹 Going through mempool txs and finding roots..."
timestamp=2026-06-01T14:42:46.191Z level=INFO fiber=#0 message="🔹 New transaction root found: 0e5751c026e543b2e8ab2eb06099daa1d1e5df47778f7787faab45cdf12fe3a8"
timestamp=2026-06-01T14:42:46.191Z level=INFO fiber=#0 message="🔹 New UTxO root found: 0de61b61a0f087811298c7af049af98c7a3de5bc48bb27c26b2adaf1115eeec8"
timestamp=2026-06-01T14:42:46.191Z level=INFO fiber=#0 message="🔹 No transactions were found in MempoolDB, checking ProcessedMempoolDB..."
timestamp=2026-06-01T14:42:46.193Z level=INFO fiber=#0 message="🔹 Previous submitted block is now confirmed, deserializing..."
timestamp=2026-06-01T14:42:46.195Z level=INFO fiber=#0 message="🔹 Checking for user events... (no tx requests in queue)"
timestamp=2026-06-01T14:42:46.196Z level=INFO fiber=#0 message="🔹 Nothing to commit."
timestamp=2026-06-01T14:42:46.206Z level=INFO fiber=#29 message="👷 Block commitment work completed ({\"type\":\"NothingToCommitOutput\"})."
[14:42:47.211] INFO (#192): 🔹 New block commitment process started.
[14:42:47.219] INFO (#192): Acquired state-queue mutation lease token=block_commitment:9e74b545-254c-4108-8e2d-1b69409a0ea1,holder=block_commitment,expires_at=2026-06-01T14:52:47.212Z
[14:42:47.836] INFO (#192): 🔹 Using live state-queue tail commit base 3f0e5516596846e9cb4d547dbdfc20f1c2bed07571e3dbb464f25166a6585b01#0 from snapshot commit_preflight:e88f3cb4f2fd29902feb84944f7430f5bb2ac4d21bebbd742a881f357eeccb32#0:3f0e5516596846e9cb4d547dbdfc20f1c2bed07571e3dbb464f25166a6585b01#0:1780324967836.
timestamp=2026-06-01T14:42:47.836Z level=INFO fiber=#1210 message="👷 Starting block commitment worker..."
[14:42:48.432] INFO (#193): 🔍 New block confirmation process started.
timestamp=2026-06-01T14:42:48.432Z level=INFO fiber=#1211 message="🔍 Starting block confirmation worker..."
timestamp=2026-06-01T14:42:49.397Z level=INFO fiber=#0 message="Initializing Lucid..."
timestamp=2026-06-01T14:42:49.739Z level=INFO fiber=#0 message="Lucid built successfully."
timestamp=2026-06-01T14:42:49.811Z level=INFO fiber=#0 message="Initializing Lucid..."
timestamp=2026-06-01T14:42:49.849Z level=INFO fiber=#0 message="📚 Opening connection to db..."
timestamp=2026-06-01T14:42:50.152Z level=INFO fiber=#0 message="Lucid built successfully."
[14:42:50.585] INFO (#194): 🏦 2 deposit UTxOs found.
[14:42:50.589] INFO (#194): 🏦 Reconciled 2 visible deposit UTxO(s) into deposits_utxos.
timestamp=2026-06-01T14:42:50.626Z level=INFO fiber=#0 message="🔐 Contract source selected: state_queue=real, hub_oracle=real, deposit=real, tx_order=real, withdrawal=real, settlement=real, reserve=real, payout=real, registered_operators=real, active_operators=real, retired_operators=real, scheduler=real, fraud_proofs.double_spend=real"
timestamp=2026-06-01T14:42:50.627Z level=INFO fiber=#0 message="🔹 Retrieving all mempool transactions..."
timestamp=2026-06-01T14:42:50.663Z level=INFO fiber=#0 message="🏦 Running commit-time deposit ingestion barrier up to 2026-06-01T14:42:50.663Z."
timestamp=2026-06-01T14:42:50.855Z level=INFO fiber=#0 message="🔐 Contract source selected: state_queue=real, hub_oracle=real, deposit=real, tx_order=real, withdrawal=real, settlement=real, reserve=real, payout=real, registered_operators=real, active_operators=real, retired_operators=real, scheduler=real, fraud_proofs.double_spend=real"
timestamp=2026-06-01T14:42:50.859Z level=INFO fiber=#14 message="🔍 Confirmation work completed ({\"type\":\"NoTxForConfirmationOutput\"})."
timestamp=2026-06-01T14:42:51.280Z level=INFO fiber=#0 message="🏦 2 deposit UTxOs found."
timestamp=2026-06-01T14:42:51.294Z level=INFO fiber=#0 message="🏦 Commit-time deposit barrier reconciled 2 deposit UTxO(s); fetch completed at 2026-06-01T14:42:51.294Z and locked the visibility barrier at 2026-06-01T14:42:50.663Z."
timestamp=2026-06-01T14:42:51.295Z level=INFO fiber=#0 message="Running commit-time withdrawal ingestion barrier up to 2026-06-01T14:42:50.663Z."
timestamp=2026-06-01T14:42:51.348Z level=INFO fiber=#0 message="Commit-time withdrawal barrier reconciled 0 withdrawal UTxO(s); fetch completed at 2026-06-01T14:42:51.348Z and locked the visibility barrier at 2026-06-01T14:42:50.663Z."
timestamp=2026-06-01T14:42:51.349Z level=INFO fiber=#0 message="🔹 Going through mempool txs and finding roots..."
timestamp=2026-06-01T14:42:51.361Z level=INFO fiber=#0 message="🔹 New transaction root found: 0e5751c026e543b2e8ab2eb06099daa1d1e5df47778f7787faab45cdf12fe3a8"
timestamp=2026-06-01T14:42:51.361Z level=INFO fiber=#0 message="🔹 New UTxO root found: 0de61b61a0f087811298c7af049af98c7a3de5bc48bb27c26b2adaf1115eeec8"
timestamp=2026-06-01T14:42:51.361Z level=INFO fiber=#0 message="🔹 No transactions were found in MempoolDB, checking ProcessedMempoolDB..."
timestamp=2026-06-01T14:42:51.363Z level=INFO fiber=#0 message="🔹 Previous submitted block is now confirmed, deserializing..."
timestamp=2026-06-01T14:42:51.365Z level=INFO fiber=#0 message="🔹 Checking for user events... (no tx requests in queue)"
timestamp=2026-06-01T14:42:51.366Z level=INFO fiber=#0 message="🔹 Nothing to commit."
timestamp=2026-06-01T14:42:51.379Z level=INFO fiber=#29 message="👷 Block commitment work completed ({\"type\":\"NothingToCommitOutput\"})."
[14:42:52.384] INFO (#192): 🔹 New block commitment process started.
[14:42:52.388] INFO (#192): Acquired state-queue mutation lease token=block_commitment:5252938f-0e8f-403a-8eaa-b926f564b85e,holder=block_commitment,expires_at=2026-06-01T14:52:52.386Z
[14:42:53.003] INFO (#192): 🔹 Using live state-queue tail commit base 3f0e5516596846e9cb4d547dbdfc20f1c2bed07571e3dbb464f25166a6585b01#0 from snapshot commit_preflight:e88f3cb4f2fd29902feb84944f7430f5bb2ac4d21bebbd742a881f357eeccb32#0:3f0e5516596846e9cb4d547dbdfc20f1c2bed07571e3dbb464f25166a6585b01#0:1780324973003.
timestamp=2026-06-01T14:42:53.003Z level=INFO fiber=#1220 message="👷 Starting block commitment worker..."
timestamp=2026-06-01T14:42:54.439Z level=INFO fiber=#0 message="Initializing Lucid..."
timestamp=2026-06-01T14:42:54.735Z level=INFO fiber=#0 message="Lucid built successfully."
timestamp=2026-06-01T14:42:54.827Z level=INFO fiber=#0 message="📚 Opening connection to db..."
[14:42:55.166] INFO (#198): 🔸 Skipping merge because the state-queue mutation lease is busy (active_holder=block_commitment,active_token=block_commitment:5252938f-0e8f-403a-8eaa-b926f564b85e,active_expires_at=2026-06-01T14:52:52.386Z).
timestamp=2026-06-01T14:42:55.494Z level=INFO fiber=#0 message="🔐 Contract source selected: state_queue=real, hub_oracle=real, deposit=real, tx_order=real, withdrawal=real, settlement=real, reserve=real, payout=real, registered_operators=real, active_operators=real, retired_operators=real, scheduler=real, fraud_proofs.double_spend=real"
timestamp=2026-06-01T14:42:55.495Z level=INFO fiber=#0 message="🔹 Retrieving all mempool transactions..."
timestamp=2026-06-01T14:42:55.534Z level=INFO fiber=#0 message="🏦 Running commit-time deposit ingestion barrier up to 2026-06-01T14:42:55.534Z."
timestamp=2026-06-01T14:42:56.156Z level=INFO fiber=#0 message="🏦 2 deposit UTxOs found."
timestamp=2026-06-01T14:42:56.164Z level=INFO fiber=#0 message="🏦 Commit-time deposit barrier reconciled 2 deposit UTxO(s); fetch completed at 2026-06-01T14:42:56.164Z and locked the visibility barrier at 2026-06-01T14:42:55.534Z."
timestamp=2026-06-01T14:42:56.164Z level=INFO fiber=#0 message="Running commit-time withdrawal ingestion barrier up to 2026-06-01T14:42:55.534Z."
timestamp=2026-06-01T14:42:56.232Z level=INFO fiber=#0 message="Commit-time withdrawal barrier reconciled 0 withdrawal UTxO(s); fetch completed at 2026-06-01T14:42:56.232Z and locked the visibility barrier at 2026-06-01T14:42:55.534Z."
timestamp=2026-06-01T14:42:56.233Z level=INFO fiber=#0 message="🔹 Going through mempool txs and finding roots..."
timestamp=2026-06-01T14:42:56.246Z level=INFO fiber=#0 message="🔹 New transaction root found: 0e5751c026e543b2e8ab2eb06099daa1d1e5df47778f7787faab45cdf12fe3a8"
timestamp=2026-06-01T14:42:56.246Z level=INFO fiber=#0 message="🔹 New UTxO root found: 0de61b61a0f087811298c7af049af98c7a3de5bc48bb27c26b2adaf1115eeec8"
timestamp=2026-06-01T14:42:56.246Z level=INFO fiber=#0 message="🔹 No transactions were found in MempoolDB, checking ProcessedMempoolDB..."
timestamp=2026-06-01T14:42:56.248Z level=INFO fiber=#0 message="🔹 Previous submitted block is now confirmed, deserializing..."
timestamp=2026-06-01T14:42:56.250Z level=INFO fiber=#0 message="🔹 Checking for user events... (no tx requests in queue)"
timestamp=2026-06-01T14:42:56.250Z level=INFO fiber=#0 message="🔹 Nothing to commit."
timestamp=2026-06-01T14:42:56.262Z level=INFO fiber=#29 message="👷 Block commitment work completed ({\"type\":\"NothingToCommitOutput\"})."
[14:42:57.269] INFO (#192): 🔹 New block commitment process started.
[14:42:57.278] INFO (#192): Acquired state-queue mutation lease token=block_commitment:26409cc3-f143-43ff-8372-415881e4370d,holder=block_commitment,expires_at=2026-06-01T14:52:57.270Z
[14:42:57.905] INFO (#192): 🔹 Using live state-queue tail commit base 3f0e5516596846e9cb4d547dbdfc20f1c2bed07571e3dbb464f25166a6585b01#0 from snapshot commit_preflight:e88f3cb4f2fd29902feb84944f7430f5bb2ac4d21bebbd742a881f357eeccb32#0:3f0e5516596846e9cb4d547dbdfc20f1c2bed07571e3dbb464f25166a6585b01#0:1780324977905.
timestamp=2026-06-01T14:42:57.905Z level=INFO fiber=#1232 message="👷 Starting block commitment worker..."
timestamp=2026-06-01T14:42:59.341Z level=INFO fiber=#0 message="Initializing Lucid..."
timestamp=2026-06-01T14:42:59.667Z level=INFO fiber=#0 message="Lucid built successfully."
timestamp=2026-06-01T14:42:59.759Z level=INFO fiber=#0 message="📚 Opening connection to db..."
timestamp=2026-06-01T14:43:00.391Z level=INFO fiber=#0 message="🔐 Contract source selected: state_queue=real, hub_oracle=real, deposit=real, tx_order=real, withdrawal=real, settlement=real, reserve=real, payout=real, registered_operators=real, active_operators=real, retired_operators=real, scheduler=real, fraud_proofs.double_spend=real"
timestamp=2026-06-01T14:43:00.392Z level=INFO fiber=#0 message="🔹 Retrieving all mempool transactions..."
timestamp=2026-06-01T14:43:00.421Z level=INFO fiber=#0 message="🏦 Running commit-time deposit ingestion barrier up to 2026-06-01T14:43:00.421Z."
[14:43:00.862] INFO (#193): 🔍 New block confirmation process started.
timestamp=2026-06-01T14:43:00.862Z level=INFO fiber=#1234 message="🔍 Starting block confirmation worker..."
timestamp=2026-06-01T14:43:01.042Z level=INFO fiber=#0 message="🏦 2 deposit UTxOs found."
timestamp=2026-06-01T14:43:01.056Z level=INFO fiber=#0 message="🏦 Commit-time deposit barrier reconciled 2 deposit UTxO(s); fetch completed at 2026-06-01T14:43:01.056Z and locked the visibility barrier at 2026-06-01T14:43:00.421Z."
timestamp=2026-06-01T14:43:01.056Z level=INFO fiber=#0 message="Running commit-time withdrawal ingestion barrier up to 2026-06-01T14:43:00.421Z."
timestamp=2026-06-01T14:43:01.112Z level=INFO fiber=#0 message="Commit-time withdrawal barrier reconciled 0 withdrawal UTxO(s); fetch completed at 2026-06-01T14:43:01.112Z and locked the visibility barrier at 2026-06-01T14:43:00.421Z."
timestamp=2026-06-01T14:43:01.113Z level=INFO fiber=#0 message="🔹 Going through mempool txs and finding roots..."
timestamp=2026-06-01T14:43:01.126Z level=INFO fiber=#0 message="🔹 New transaction root found: 0e5751c026e543b2e8ab2eb06099daa1d1e5df47778f7787faab45cdf12fe3a8"
timestamp=2026-06-01T14:43:01.126Z level=INFO fiber=#0 message="🔹 New UTxO root found: 0de61b61a0f087811298c7af049af98c7a3de5bc48bb27c26b2adaf1115eeec8"
timestamp=2026-06-01T14:43:01.126Z level=INFO fiber=#0 message="🔹 No transactions were found in MempoolDB, checking ProcessedMempoolDB..."
timestamp=2026-06-01T14:43:01.129Z level=INFO fiber=#0 message="🔹 Previous submitted block is now confirmed, deserializing..."
timestamp=2026-06-01T14:43:01.131Z level=INFO fiber=#0 message="🔹 Checking for user events... (no tx requests in queue)"
timestamp=2026-06-01T14:43:01.132Z level=INFO fiber=#0 message="🔹 Nothing to commit."
timestamp=2026-06-01T14:43:01.147Z level=INFO fiber=#29 message="👷 Block commitment work completed ({\"type\":\"NothingToCommitOutput\"})."
[14:43:01.199] INFO (#194): 🏦 2 deposit UTxOs found.
[14:43:01.204] INFO (#194): 🏦 Reconciled 2 visible deposit UTxO(s) into deposits_utxos.
[14:43:02.152] INFO (#192): 🔹 New block commitment process started.
[14:43:02.161] INFO (#192): Acquired state-queue mutation lease token=block_commitment:b1ddec9f-c096-40d3-b783-650e0fb5fefa,holder=block_commitment,expires_at=2026-06-01T14:53:02.154Z
timestamp=2026-06-01T14:43:02.168Z level=INFO fiber=#0 message="Initializing Lucid..."
timestamp=2026-06-01T14:43:02.473Z level=INFO fiber=#0 message="Lucid built successfully."
[14:43:02.788] INFO (#192): 🔹 Using live state-queue tail commit base 3f0e5516596846e9cb4d547dbdfc20f1c2bed07571e3dbb464f25166a6585b01#0 from snapshot commit_preflight:e88f3cb4f2fd29902feb84944f7430f5bb2ac4d21bebbd742a881f357eeccb32#0:3f0e5516596846e9cb4d547dbdfc20f1c2bed07571e3dbb464f25166a6585b01#0:1780324982788.
timestamp=2026-06-01T14:43:02.788Z level=INFO fiber=#1242 message="👷 Starting block commitment worker..."
timestamp=2026-06-01T14:43:04.318Z level=INFO fiber=#0 message="Initializing Lucid..."
timestamp=2026-06-01T14:43:04.639Z level=INFO fiber=#0 message="Lucid built successfully."
timestamp=2026-06-01T14:43:04.733Z level=INFO fiber=#0 message="📚 Opening connection to db..."
[14:43:05.170] INFO (#198): 🔸 Skipping merge because the state-queue mutation lease is busy (active_holder=block_commitment,active_token=block_commitment:b1ddec9f-c096-40d3-b783-650e0fb5fefa,active_expires_at=2026-06-01T14:53:02.154Z).
timestamp=2026-06-01T14:43:05.375Z level=INFO fiber=#0 message="🔐 Contract source selected: state_queue=real, hub_oracle=real, deposit=real, tx_order=real, withdrawal=real, settlement=real, reserve=real, payout=real, registered_operators=real, active_operators=real, retired_operators=real, scheduler=real, fraud_proofs.double_spend=real"
timestamp=2026-06-01T14:43:05.375Z level=INFO fiber=#0 message="🔹 Retrieving all mempool transactions..."
timestamp=2026-06-01T14:43:05.408Z level=INFO fiber=#0 message="🏦 Running commit-time deposit ingestion barrier up to 2026-06-01T14:43:05.408Z."
timestamp=2026-06-01T14:43:06.025Z level=INFO fiber=#0 message="🏦 2 deposit UTxOs found."
timestamp=2026-06-01T14:43:06.039Z level=INFO fiber=#0 message="🏦 Commit-time deposit barrier reconciled 2 deposit UTxO(s); fetch completed at 2026-06-01T14:43:06.039Z and locked the visibility barrier at 2026-06-01T14:43:05.408Z."
timestamp=2026-06-01T14:43:06.040Z level=INFO fiber=#0 message="Running commit-time withdrawal ingestion barrier up to 2026-06-01T14:43:05.408Z."
timestamp=2026-06-01T14:43:06.107Z level=INFO fiber=#0 message="Commit-time withdrawal barrier reconciled 0 withdrawal UTxO(s); fetch completed at 2026-06-01T14:43:06.107Z and locked the visibility barrier at 2026-06-01T14:43:05.408Z."
timestamp=2026-06-01T14:43:06.109Z level=INFO fiber=#0 message="🔹 Going through mempool txs and finding roots..."
timestamp=2026-06-01T14:43:06.122Z level=INFO fiber=#0 message="🔹 New transaction root found: 0e5751c026e543b2e8ab2eb06099daa1d1e5df47778f7787faab45cdf12fe3a8"
timestamp=2026-06-01T14:43:06.123Z level=INFO fiber=#0 message="🔹 New UTxO root found: 0de61b61a0f087811298c7af049af98c7a3de5bc48bb27c26b2adaf1115eeec8"
timestamp=2026-06-01T14:43:06.123Z level=INFO fiber=#0 message="🔹 No transactions were found in MempoolDB, checking ProcessedMempoolDB..."
timestamp=2026-06-01T14:43:06.124Z level=INFO fiber=#0 message="🔹 Previous submitted block is now confirmed, deserializing..."
timestamp=2026-06-01T14:43:06.126Z level=INFO fiber=#0 message="🔹 Checking for user events... (no tx requests in queue)"
timestamp=2026-06-01T14:43:06.126Z level=INFO fiber=#0 message="🔹 Nothing to commit."
timestamp=2026-06-01T14:43:06.137Z level=INFO fiber=#29 message="👷 Block commitment work completed ({\"type\":\"NothingToCommitOutput\"})."
[14:43:07.141] INFO (#192): 🔹 New block commitment process started.
[14:43:07.145] INFO (#192): Acquired state-queue mutation lease token=block_commitment:4cbece76-152a-41b6-9a97-f20d05dc7052,holder=block_commitment,expires_at=2026-06-01T14:53:07.143Z
[14:43:07.774] INFO (#192): 🔹 Using live state-queue tail commit base 3f0e5516596846e9cb4d547dbdfc20f1c2bed07571e3dbb464f25166a6585b01#0 from snapshot commit_preflight:e88f3cb4f2fd29902feb84944f7430f5bb2ac4d21bebbd742a881f357eeccb32#0:3f0e5516596846e9cb4d547dbdfc20f1c2bed07571e3dbb464f25166a6585b01#0:1780324987774.
timestamp=2026-06-01T14:43:07.774Z level=INFO fiber=#1254 message="👷 Starting block commitment worker..."
timestamp=2026-06-01T14:43:09.217Z level=INFO fiber=#0 message="Initializing Lucid..."
timestamp=2026-06-01T14:43:09.489Z level=INFO fiber=#0 message="Lucid built successfully."
timestamp=2026-06-01T14:43:09.581Z level=INFO fiber=#0 message="📚 Opening connection to db..."
timestamp=2026-06-01T14:43:10.215Z level=INFO fiber=#0 message="🔐 Contract source selected: state_queue=real, hub_oracle=real, deposit=real, tx_order=real, withdrawal=real, settlement=real, reserve=real, payout=real, registered_operators=real, active_operators=real, retired_operators=real, scheduler=real, fraud_proofs.double_spend=real"
timestamp=2026-06-01T14:43:10.216Z level=INFO fiber=#0 message="🔹 Retrieving all mempool transactions..."
timestamp=2026-06-01T14:43:10.250Z level=INFO fiber=#0 message="🏦 Running commit-time deposit ingestion barrier up to 2026-06-01T14:43:10.250Z."
timestamp=2026-06-01T14:43:10.873Z level=INFO fiber=#0 message="🏦 2 deposit UTxOs found."
timestamp=2026-06-01T14:43:10.886Z level=INFO fiber=#0 message="🏦 Commit-time deposit barrier reconciled 2 deposit UTxO(s); fetch completed at 2026-06-01T14:43:10.886Z and locked the visibility barrier at 2026-06-01T14:43:10.250Z."
timestamp=2026-06-01T14:43:10.887Z level=INFO fiber=#0 message="Running commit-time withdrawal ingestion barrier up to 2026-06-01T14:43:10.250Z."
timestamp=2026-06-01T14:43:10.944Z level=INFO fiber=#0 message="Commit-time withdrawal barrier reconciled 0 withdrawal UTxO(s); fetch completed at 2026-06-01T14:43:10.944Z and locked the visibility barrier at 2026-06-01T14:43:10.250Z."
timestamp=2026-06-01T14:43:10.945Z level=INFO fiber=#0 message="🔹 Going through mempool txs and finding roots..."
timestamp=2026-06-01T14:43:10.957Z level=INFO fiber=#0 message="🔹 New transaction root found: 0e5751c026e543b2e8ab2eb06099daa1d1e5df47778f7787faab45cdf12fe3a8"
timestamp=2026-06-01T14:43:10.957Z level=INFO fiber=#0 message="🔹 New UTxO root found: 0de61b61a0f087811298c7af049af98c7a3de5bc48bb27c26b2adaf1115eeec8"
timestamp=2026-06-01T14:43:10.957Z level=INFO fiber=#0 message="🔹 No transactions were found in MempoolDB, checking ProcessedMempoolDB..."
timestamp=2026-06-01T14:43:10.959Z level=INFO fiber=#0 message="🔹 Previous submitted block is now confirmed, deserializing..."
timestamp=2026-06-01T14:43:10.961Z level=INFO fiber=#0 message="🔹 Checking for user events... (no tx requests in queue)"
timestamp=2026-06-01T14:43:10.962Z level=INFO fiber=#0 message="🔹 Nothing to commit."
timestamp=2026-06-01T14:43:10.975Z level=INFO fiber=#29 message="👷 Block commitment work completed ({\"type\":\"NothingToCommitOutput\"})."
[14:43:11.820] INFO (#194): 🏦 2 deposit UTxOs found.
[14:43:11.829] INFO (#194): 🏦 Reconciled 2 visible deposit UTxO(s) into deposits_utxos.
[14:43:11.978] INFO (#192): 🔹 New block commitment process started.
[14:43:11.983] INFO (#192): Acquired state-queue mutation lease token=block_commitment:e794f1bc-c31e-4788-9401-52ebdbfa28a5,holder=block_commitment,expires_at=2026-06-01T14:53:11.980Z
[14:43:12.594] INFO (#192): 🔹 Using live state-queue tail commit base 3f0e5516596846e9cb4d547dbdfc20f1c2bed07571e3dbb464f25166a6585b01#0 from snapshot commit_preflight:e88f3cb4f2fd29902feb84944f7430f5bb2ac4d21bebbd742a881f357eeccb32#0:3f0e5516596846e9cb4d547dbdfc20f1c2bed07571e3dbb464f25166a6585b01#0:1780324992594.
timestamp=2026-06-01T14:43:12.595Z level=INFO fiber=#1263 message="👷 Starting block commitment worker..."
[14:43:13.160] INFO (#193): 🔍 New block confirmation process started.
timestamp=2026-06-01T14:43:13.161Z level=INFO fiber=#1264 message="🔍 Starting block confirmation worker..."
timestamp=2026-06-01T14:43:14.209Z level=INFO fiber=#0 message="Initializing Lucid..."
timestamp=2026-06-01T14:43:14.491Z level=INFO fiber=#0 message="Lucid built successfully."
timestamp=2026-06-01T14:43:14.591Z level=INFO fiber=#0 message="Initializing Lucid..."
timestamp=2026-06-01T14:43:14.604Z level=INFO fiber=#0 message="📚 Opening connection to db..."
timestamp=2026-06-01T14:43:14.916Z level=INFO fiber=#0 message="Lucid built successfully."
[14:43:15.174] INFO (#198): 🔸 Skipping merge because the state-queue mutation lease is busy (active_holder=block_commitment,active_token=block_commitment:e794f1bc-c31e-4788-9401-52ebdbfa28a5,active_expires_at=2026-06-01T14:53:11.980Z).
timestamp=2026-06-01T14:43:15.322Z level=INFO fiber=#0 message="🔐 Contract source selected: state_queue=real, hub_oracle=real, deposit=real, tx_order=real, withdrawal=real, settlement=real, reserve=real, payout=real, registered_operators=real, active_operators=real, retired_operators=real, scheduler=real, fraud_proofs.double_spend=real"
timestamp=2026-06-01T14:43:15.322Z level=INFO fiber=#0 message="🔹 Retrieving all mempool transactions..."
timestamp=2026-06-01T14:43:15.358Z level=INFO fiber=#0 message="🏦 Running commit-time deposit ingestion barrier up to 2026-06-01T14:43:15.358Z."
timestamp=2026-06-01T14:43:15.976Z level=INFO fiber=#0 message="🏦 2 deposit UTxOs found."
timestamp=2026-06-01T14:43:15.990Z level=INFO fiber=#0 message="🏦 Commit-time deposit barrier reconciled 2 deposit UTxO(s); fetch completed at 2026-06-01T14:43:15.990Z and locked the visibility barrier at 2026-06-01T14:43:15.358Z."
timestamp=2026-06-01T14:43:15.990Z level=INFO fiber=#0 message="Running commit-time withdrawal ingestion barrier up to 2026-06-01T14:43:15.358Z."
timestamp=2026-06-01T14:43:16.045Z level=INFO fiber=#0 message="Commit-time withdrawal barrier reconciled 0 withdrawal UTxO(s); fetch completed at 2026-06-01T14:43:16.045Z and locked the visibility barrier at 2026-06-01T14:43:15.358Z."
timestamp=2026-06-01T14:43:16.046Z level=INFO fiber=#0 message="🔹 Going through mempool txs and finding roots..."
timestamp=2026-06-01T14:43:16.059Z level=INFO fiber=#0 message="🔹 New transaction root found: 0e5751c026e543b2e8ab2eb06099daa1d1e5df47778f7787faab45cdf12fe3a8"
timestamp=2026-06-01T14:43:16.059Z level=INFO fiber=#0 message="🔹 New UTxO root found: 0de61b61a0f087811298c7af049af98c7a3de5bc48bb27c26b2adaf1115eeec8"
timestamp=2026-06-01T14:43:16.059Z level=INFO fiber=#0 message="🔹 No transactions were found in MempoolDB, checking ProcessedMempoolDB..."
timestamp=2026-06-01T14:43:16.061Z level=INFO fiber=#0 message="🔹 Previous submitted block is now confirmed, deserializing..."
timestamp=2026-06-01T14:43:16.063Z level=INFO fiber=#0 message="🔹 Checking for user events... (no tx requests in queue)"
timestamp=2026-06-01T14:43:16.064Z level=INFO fiber=#0 message="🔹 Nothing to commit."
timestamp=2026-06-01T14:43:16.076Z level=INFO fiber=#29 message="👷 Block commitment work completed ({\"type\":\"NothingToCommitOutput\"})."
[14:43:17.082] INFO (#192): 🔹 New block commitment process started.
[14:43:17.091] INFO (#192): Acquired state-queue mutation lease token=block_commitment:eec46b10-d774-4c70-8ba1-bd4b5c7cba0a,holder=block_commitment,expires_at=2026-06-01T14:53:17.084Z
[14:43:17.703] INFO (#192): 🔹 Using live state-queue tail commit base 3f0e5516596846e9cb4d547dbdfc20f1c2bed07571e3dbb464f25166a6585b01#0 from snapshot commit_preflight:e88f3cb4f2fd29902feb84944f7430f5bb2ac4d21bebbd742a881f357eeccb32#0:3f0e5516596846e9cb4d547dbdfc20f1c2bed07571e3dbb464f25166a6585b01#0:1780324997703.
timestamp=2026-06-01T14:43:17.703Z level=INFO fiber=#1276 message="👷 Starting block commitment worker..."
timestamp=2026-06-01T14:43:19.120Z level=INFO fiber=#0 message="Initializing Lucid..."
timestamp=2026-06-01T14:43:19.388Z level=INFO fiber=#0 message="Lucid built successfully."
timestamp=2026-06-01T14:43:19.479Z level=INFO fiber=#0 message="📚 Opening connection to db..."
timestamp=2026-06-01T14:43:20.111Z level=INFO fiber=#0 message="🔐 Contract source selected: state_queue=real, hub_oracle=real, deposit=real, tx_order=real, withdrawal=real, settlement=real, reserve=real, payout=real, registered_operators=real, active_operators=real, retired_operators=real, scheduler=real, fraud_proofs.double_spend=real"
timestamp=2026-06-01T14:43:20.112Z level=INFO fiber=#0 message="🔹 Retrieving all mempool transactions..."
timestamp=2026-06-01T14:43:20.145Z level=INFO fiber=#0 message="🏦 Running commit-time deposit ingestion barrier up to 2026-06-01T14:43:20.145Z."
timestamp=2026-06-01T14:43:20.761Z level=INFO fiber=#0 message="🏦 2 deposit UTxOs found."
timestamp=2026-06-01T14:43:20.770Z level=INFO fiber=#0 message="🏦 Commit-time deposit barrier reconciled 2 deposit UTxO(s); fetch completed at 2026-06-01T14:43:20.770Z and locked the visibility barrier at 2026-06-01T14:43:20.145Z."
timestamp=2026-06-01T14:43:20.771Z level=INFO fiber=#0 message="Running commit-time withdrawal ingestion barrier up to 2026-06-01T14:43:20.145Z."
timestamp=2026-06-01T14:43:20.830Z level=INFO fiber=#0 message="Commit-time withdrawal barrier reconciled 0 withdrawal UTxO(s); fetch completed at 2026-06-01T14:43:20.830Z and locked the visibility barrier at 2026-06-01T14:43:20.145Z."
timestamp=2026-06-01T14:43:20.832Z level=INFO fiber=#0 message="🔹 Going through mempool txs and finding roots..."
timestamp=2026-06-01T14:43:20.845Z level=INFO fiber=#0 message="🔹 New transaction root found: 0e5751c026e543b2e8ab2eb06099daa1d1e5df47778f7787faab45cdf12fe3a8"
timestamp=2026-06-01T14:43:20.845Z level=INFO fiber=#0 message="🔹 New UTxO root found: 0de61b61a0f087811298c7af049af98c7a3de5bc48bb27c26b2adaf1115eeec8"
timestamp=2026-06-01T14:43:20.845Z level=INFO fiber=#0 message="🔹 No transactions were found in MempoolDB, checking ProcessedMempoolDB..."
timestamp=2026-06-01T14:43:20.847Z level=INFO fiber=#0 message="🔹 Previous submitted block is now confirmed, deserializing..."
timestamp=2026-06-01T14:43:20.849Z level=INFO fiber=#0 message="🔹 Checking for user events... (no tx requests in queue)"
timestamp=2026-06-01T14:43:20.849Z level=INFO fiber=#0 message="🔹 Nothing to commit."
timestamp=2026-06-01T14:43:20.862Z level=INFO fiber=#29 message="👷 Block commitment work completed ({\"type\":\"NothingToCommitOutput\"})."
[14:43:21.866] INFO (#192): 🔹 New block commitment process started.
[14:43:21.874] INFO (#192): Acquired state-queue mutation lease token=block_commitment:79038835-49ab-4c87-879e-908fb161550e,holder=block_commitment,expires_at=2026-06-01T14:53:21.867Z
[14:43:22.488] INFO (#194): 🏦 2 deposit UTxOs found.
[14:43:22.497] INFO (#194): 🏦 Reconciled 2 visible deposit UTxO(s) into deposits_utxos.
[14:43:22.538] INFO (#192): 🔹 Using live state-queue tail commit base 3f0e5516596846e9cb4d547dbdfc20f1c2bed07571e3dbb464f25166a6585b01#0 from snapshot commit_preflight:e88f3cb4f2fd29902feb84944f7430f5bb2ac4d21bebbd742a881f357eeccb32#0:3f0e5516596846e9cb4d547dbdfc20f1c2bed07571e3dbb464f25166a6585b01#0:1780325002538.
timestamp=2026-06-01T14:43:22.539Z level=INFO fiber=#1285 message="👷 Starting block commitment worker..."
timestamp=2026-06-01T14:43:23.966Z level=INFO fiber=#0 message="Initializing Lucid..."
timestamp=2026-06-01T14:43:24.290Z level=INFO fiber=#0 message="Lucid built successfully."
timestamp=2026-06-01T14:43:24.384Z level=INFO fiber=#0 message="📚 Opening connection to db..."
timestamp=2026-06-01T14:43:25.023Z level=INFO fiber=#0 message="🔐 Contract source selected: state_queue=real, hub_oracle=real, deposit=real, tx_order=real, withdrawal=real, settlement=real, reserve=real, payout=real, registered_operators=real, active_operators=real, retired_operators=real, scheduler=real, fraud_proofs.double_spend=real"
timestamp=2026-06-01T14:43:25.023Z level=INFO fiber=#0 message="🔹 Retrieving all mempool transactions..."
timestamp=2026-06-01T14:43:25.056Z level=INFO fiber=#0 message="🏦 Running commit-time deposit ingestion barrier up to 2026-06-01T14:43:25.056Z."
[14:43:25.179] INFO (#198): 🔸 Skipping merge because the state-queue mutation lease is busy (active_holder=block_commitment,active_token=block_commitment:79038835-49ab-4c87-879e-908fb161550e,active_expires_at=2026-06-01T14:53:21.867Z).
[14:43:25.628] INFO (#193): 🔍 New block confirmation process started.
timestamp=2026-06-01T14:43:25.628Z level=INFO fiber=#1290 message="🔍 Starting block confirmation worker..."
timestamp=2026-06-01T14:43:25.686Z level=INFO fiber=#0 message="🏦 2 deposit UTxOs found."
timestamp=2026-06-01T14:43:25.700Z level=INFO fiber=#0 message="🏦 Commit-time deposit barrier reconciled 2 deposit UTxO(s); fetch completed at 2026-06-01T14:43:25.700Z and locked the visibility barrier at 2026-06-01T14:43:25.056Z."
timestamp=2026-06-01T14:43:25.701Z level=INFO fiber=#0 message="Running commit-time withdrawal ingestion barrier up to 2026-06-01T14:43:25.056Z."
timestamp=2026-06-01T14:43:25.764Z level=INFO fiber=#0 message="Commit-time withdrawal barrier reconciled 0 withdrawal UTxO(s); fetch completed at 2026-06-01T14:43:25.764Z and locked the visibility barrier at 2026-06-01T14:43:25.056Z."
timestamp=2026-06-01T14:43:25.765Z level=INFO fiber=#0 message="🔹 Going through mempool txs and finding roots..."
timestamp=2026-06-01T14:43:25.777Z level=INFO fiber=#0 message="🔹 New transaction root found: 0e5751c026e543b2e8ab2eb06099daa1d1e5df47778f7787faab45cdf12fe3a8"
timestamp=2026-06-01T14:43:25.777Z level=INFO fiber=#0 message="🔹 New UTxO root found: 0de61b61a0f087811298c7af049af98c7a3de5bc48bb27c26b2adaf1115eeec8"
timestamp=2026-06-01T14:43:25.777Z level=INFO fiber=#0 message="🔹 No transactions were found in MempoolDB, checking ProcessedMempoolDB..."
timestamp=2026-06-01T14:43:25.779Z level=INFO fiber=#0 message="🔹 Previous submitted block is now confirmed, deserializing..."
timestamp=2026-06-01T14:43:25.781Z level=INFO fiber=#0 message="🔹 Checking for user events... (no tx requests in queue)"
timestamp=2026-06-01T14:43:25.782Z level=INFO fiber=#0 message="🔹 Nothing to commit."
timestamp=2026-06-01T14:43:25.795Z level=INFO fiber=#29 message="👷 Block commitment work completed ({\"type\":\"NothingToCommitOutput\"})."
[14:43:26.800] INFO (#192): 🔹 New block commitment process started.
[14:43:26.809] INFO (#192): Acquired state-queue mutation lease token=block_commitment:94c62628-05ea-492c-91c4-825b97d28533,holder=block_commitment,expires_at=2026-06-01T14:53:26.802Z
timestamp=2026-06-01T14:43:26.933Z level=INFO fiber=#0 message="Initializing Lucid..."
timestamp=2026-06-01T14:43:27.228Z level=INFO fiber=#0 message="Lucid built successfully."
[14:43:27.426] INFO (#192): 🔹 Using live state-queue tail commit base 3f0e5516596846e9cb4d547dbdfc20f1c2bed07571e3dbb464f25166a6585b01#0 from snapshot commit_preflight:e88f3cb4f2fd29902feb84944f7430f5bb2ac4d21bebbd742a881f357eeccb32#0:3f0e5516596846e9cb4d547dbdfc20f1c2bed07571e3dbb464f25166a6585b01#0:1780325007426.
timestamp=2026-06-01T14:43:27.427Z level=INFO fiber=#1298 message="👷 Starting block commitment worker..."
timestamp=2026-06-01T14:43:28.990Z level=INFO fiber=#0 message="Initializing Lucid..."
timestamp=2026-06-01T14:43:29.313Z level=INFO fiber=#0 message="Lucid built successfully."
timestamp=2026-06-01T14:43:29.406Z level=INFO fiber=#0 message="📚 Opening connection to db..."
timestamp=2026-06-01T14:43:30.061Z level=INFO fiber=#0 message="🔐 Contract source selected: state_queue=real, hub_oracle=real, deposit=real, tx_order=real, withdrawal=real, settlement=real, reserve=real, payout=real, registered_operators=real, active_operators=real, retired_operators=real, scheduler=real, fraud_proofs.double_spend=real"
timestamp=2026-06-01T14:43:30.061Z level=INFO fiber=#0 message="🔹 Retrieving all mempool transactions..."
timestamp=2026-06-01T14:43:30.094Z level=INFO fiber=#0 message="🏦 Running commit-time deposit ingestion barrier up to 2026-06-01T14:43:30.093Z."
timestamp=2026-06-01T14:43:30.716Z level=INFO fiber=#0 message="🏦 2 deposit UTxOs found."
timestamp=2026-06-01T14:43:30.730Z level=INFO fiber=#0 message="🏦 Commit-time deposit barrier reconciled 2 deposit UTxO(s); fetch completed at 2026-06-01T14:43:30.730Z and locked the visibility barrier at 2026-06-01T14:43:30.093Z."
timestamp=2026-06-01T14:43:30.731Z level=INFO fiber=#0 message="Running commit-time withdrawal ingestion barrier up to 2026-06-01T14:43:30.093Z."
timestamp=2026-06-01T14:43:30.780Z level=INFO fiber=#0 message="Commit-time withdrawal barrier reconciled 0 withdrawal UTxO(s); fetch completed at 2026-06-01T14:43:30.780Z and locked the visibility barrier at 2026-06-01T14:43:30.093Z."
timestamp=2026-06-01T14:43:30.781Z level=INFO fiber=#0 message="🔹 Going through mempool txs and finding roots..."
timestamp=2026-06-01T14:43:30.794Z level=INFO fiber=#0 message="🔹 New transaction root found: 0e5751c026e543b2e8ab2eb06099daa1d1e5df47778f7787faab45cdf12fe3a8"
timestamp=2026-06-01T14:43:30.794Z level=INFO fiber=#0 message="🔹 New UTxO root found: 0de61b61a0f087811298c7af049af98c7a3de5bc48bb27c26b2adaf1115eeec8"
timestamp=2026-06-01T14:43:30.794Z level=INFO fiber=#0 message="🔹 No transactions were found in MempoolDB, checking ProcessedMempoolDB..."
timestamp=2026-06-01T14:43:30.795Z level=INFO fiber=#0 message="🔹 Previous submitted block is now confirmed, deserializing..."
timestamp=2026-06-01T14:43:30.797Z level=INFO fiber=#0 message="🔹 Checking for user events... (no tx requests in queue)"
timestamp=2026-06-01T14:43:30.797Z level=INFO fiber=#0 message="🔹 Nothing to commit."
timestamp=2026-06-01T14:43:30.809Z level=INFO fiber=#29 message="👷 Block commitment work completed ({\"type\":\"NothingToCommitOutput\"})."
[14:43:31.813] INFO (#192): 🔹 New block commitment process started.
[14:43:31.817] INFO (#192): Acquired state-queue mutation lease token=block_commitment:bae01541-f15e-449c-a5b5-d3dc167de83e,holder=block_commitment,expires_at=2026-06-01T14:53:31.815Z
[14:43:32.486] INFO (#192): 🔹 Using live state-queue tail commit base 3f0e5516596846e9cb4d547dbdfc20f1c2bed07571e3dbb464f25166a6585b01#0 from snapshot commit_preflight:e88f3cb4f2fd29902feb84944f7430f5bb2ac4d21bebbd742a881f357eeccb32#0:3f0e5516596846e9cb4d547dbdfc20f1c2bed07571e3dbb464f25166a6585b01#0:1780325012486.
timestamp=2026-06-01T14:43:32.487Z level=INFO fiber=#1306 message="👷 Starting block commitment worker..."
[14:43:33.108] INFO (#194): 🏦 2 deposit UTxOs found.
[14:43:33.111] INFO (#194): 🏦 Reconciled 2 visible deposit UTxO(s) into deposits_utxos.
timestamp=2026-06-01T14:43:33.942Z level=INFO fiber=#0 message="Initializing Lucid..."
timestamp=2026-06-01T14:43:34.257Z level=INFO fiber=#0 message="Lucid built successfully."
timestamp=2026-06-01T14:43:34.352Z level=INFO fiber=#0 message="📚 Opening connection to db..."
timestamp=2026-06-01T14:43:34.980Z level=INFO fiber=#0 message="🔐 Contract source selected: state_queue=real, hub_oracle=real, deposit=real, tx_order=real, withdrawal=real, settlement=real, reserve=real, payout=real, registered_operators=real, active_operators=real, retired_operators=real, scheduler=real, fraud_proofs.double_spend=real"
timestamp=2026-06-01T14:43:34.981Z level=INFO fiber=#0 message="🔹 Retrieving all mempool transactions..."
timestamp=2026-06-01T14:43:35.013Z level=INFO fiber=#0 message="🏦 Running commit-time deposit ingestion barrier up to 2026-06-01T14:43:35.013Z."
[14:43:35.185] INFO (#198): 🔸 Skipping merge because the state-queue mutation lease is busy (active_holder=block_commitment,active_token=block_commitment:bae01541-f15e-449c-a5b5-d3dc167de83e,active_expires_at=2026-06-01T14:53:31.815Z).
timestamp=2026-06-01T14:43:35.628Z level=INFO fiber=#0 message="🏦 2 deposit UTxOs found."
timestamp=2026-06-01T14:43:35.637Z level=INFO fiber=#0 message="🏦 Commit-time deposit barrier reconciled 2 deposit UTxO(s); fetch completed at 2026-06-01T14:43:35.637Z and locked the visibility barrier at 2026-06-01T14:43:35.013Z."
timestamp=2026-06-01T14:43:35.637Z level=INFO fiber=#0 message="Running commit-time withdrawal ingestion barrier up to 2026-06-01T14:43:35.013Z."
timestamp=2026-06-01T14:43:35.688Z level=INFO fiber=#0 message="Commit-time withdrawal barrier reconciled 0 withdrawal UTxO(s); fetch completed at 2026-06-01T14:43:35.688Z and locked the visibility barrier at 2026-06-01T14:43:35.013Z."
timestamp=2026-06-01T14:43:35.690Z level=INFO fiber=#0 message="🔹 Going through mempool txs and finding roots..."
timestamp=2026-06-01T14:43:35.704Z level=INFO fiber=#0 message="🔹 New transaction root found: 0e5751c026e543b2e8ab2eb06099daa1d1e5df47778f7787faab45cdf12fe3a8"
timestamp=2026-06-01T14:43:35.704Z level=INFO fiber=#0 message="🔹 New UTxO root found: 0de61b61a0f087811298c7af049af98c7a3de5bc48bb27c26b2adaf1115eeec8"
timestamp=2026-06-01T14:43:35.705Z level=INFO fiber=#0 message="🔹 No transactions were found in MempoolDB, checking ProcessedMempoolDB..."
timestamp=2026-06-01T14:43:35.706Z level=INFO fiber=#0 message="🔹 Previous submitted block is now confirmed, deserializing..."
timestamp=2026-06-01T14:43:35.708Z level=INFO fiber=#0 message="🔹 Checking for user events... (no tx requests in queue)"
timestamp=2026-06-01T14:43:35.708Z level=INFO fiber=#0 message="🔹 Nothing to commit."
timestamp=2026-06-01T14:43:35.720Z level=INFO fiber=#29 message="👷 Block commitment work completed ({\"type\":\"NothingToCommitOutput\"})."
[14:43:36.725] INFO (#192): 🔹 New block commitment process started.
[14:43:36.735] INFO (#192): Acquired state-queue mutation lease token=block_commitment:a5c67657-db07-48fb-a9d2-e3798b111e69,holder=block_commitment,expires_at=2026-06-01T14:53:36.727Z
[14:43:37.351] INFO (#192): 🔹 Using live state-queue tail commit base 3f0e5516596846e9cb4d547dbdfc20f1c2bed07571e3dbb464f25166a6585b01#0 from snapshot commit_preflight:e88f3cb4f2fd29902feb84944f7430f5bb2ac4d21bebbd742a881f357eeccb32#0:3f0e5516596846e9cb4d547dbdfc20f1c2bed07571e3dbb464f25166a6585b01#0:1780325017351.
timestamp=2026-06-01T14:43:37.352Z level=INFO fiber=#1319 message="👷 Starting block commitment worker..."
[14:43:37.940] INFO (#193): 🔍 New block confirmation process started.
timestamp=2026-06-01T14:43:37.940Z level=INFO fiber=#1320 message="🔍 Starting block confirmation worker..."
timestamp=2026-06-01T14:43:38.958Z level=INFO fiber=#0 message="Initializing Lucid..."
timestamp=2026-06-01T14:43:39.288Z level=INFO fiber=#0 message="Lucid built successfully."
timestamp=2026-06-01T14:43:39.346Z level=INFO fiber=#0 message="Initializing Lucid..."
timestamp=2026-06-01T14:43:39.400Z level=INFO fiber=#0 message="📚 Opening connection to db..."
timestamp=2026-06-01T14:43:39.632Z level=INFO fiber=#0 message="Lucid built successfully."
timestamp=2026-06-01T14:43:40.135Z level=INFO fiber=#0 message="🔐 Contract source selected: state_queue=real, hub_oracle=real, deposit=real, tx_order=real, withdrawal=real, settlement=real, reserve=real, payout=real, registered_operators=real, active_operators=real, retired_operators=real, scheduler=real, fraud_proofs.double_spend=real"
timestamp=2026-06-01T14:43:40.136Z level=INFO fiber=#0 message="🔹 Retrieving all mempool transactions..."
timestamp=2026-06-01T14:43:40.171Z level=INFO fiber=#0 message="🏦 Running commit-time deposit ingestion barrier up to 2026-06-01T14:43:40.171Z."
timestamp=2026-06-01T14:43:40.790Z level=INFO fiber=#0 message="🏦 2 deposit UTxOs found."
timestamp=2026-06-01T14:43:40.799Z level=INFO fiber=#0 message="🏦 Commit-time deposit barrier reconciled 2 deposit UTxO(s); fetch completed at 2026-06-01T14:43:40.799Z and locked the visibility barrier at 2026-06-01T14:43:40.171Z."
timestamp=2026-06-01T14:43:40.799Z level=INFO fiber=#0 message="Running commit-time withdrawal ingestion barrier up to 2026-06-01T14:43:40.171Z."
timestamp=2026-06-01T14:43:40.859Z level=INFO fiber=#0 message="Commit-time withdrawal barrier reconciled 0 withdrawal UTxO(s); fetch completed at 2026-06-01T14:43:40.858Z and locked the visibility barrier at 2026-06-01T14:43:40.171Z."
timestamp=2026-06-01T14:43:40.860Z level=INFO fiber=#0 message="🔹 Going through mempool txs and finding roots..."
timestamp=2026-06-01T14:43:40.871Z level=INFO fiber=#0 message="🔹 New transaction root found: 0e5751c026e543b2e8ab2eb06099daa1d1e5df47778f7787faab45cdf12fe3a8"
timestamp=2026-06-01T14:43:40.872Z level=INFO fiber=#0 message="🔹 New UTxO root found: 0de61b61a0f087811298c7af049af98c7a3de5bc48bb27c26b2adaf1115eeec8"
timestamp=2026-06-01T14:43:40.872Z level=INFO fiber=#0 message="🔹 No transactions were found in MempoolDB, checking ProcessedMempoolDB..."
timestamp=2026-06-01T14:43:40.874Z level=INFO fiber=#0 message="🔹 Previous submitted block is now confirmed, deserializing..."
timestamp=2026-06-01T14:43:40.876Z level=INFO fiber=#0 message="🔹 Checking for user events... (no tx requests in queue)"
timestamp=2026-06-01T14:43:40.876Z level=INFO fiber=#0 message="🔹 Nothing to commit."
timestamp=2026-06-01T14:43:40.888Z level=INFO fiber=#29 message="👷 Block commitment work completed ({\"type\":\"NothingToCommitOutput\"})."
[14:43:41.893] INFO (#192): 🔹 New block commitment process started.
[14:43:41.902] INFO (#192): Acquired state-queue mutation lease token=block_commitment:24288b82-5ee2-4d31-8c97-9ef2b2cffb7a,holder=block_commitment,expires_at=2026-06-01T14:53:41.895Z
[14:43:42.614] INFO (#192): 🔹 Using live state-queue tail commit base 3f0e5516596846e9cb4d547dbdfc20f1c2bed07571e3dbb464f25166a6585b01#0 from snapshot commit_preflight:e88f3cb4f2fd29902feb84944f7430f5bb2ac4d21bebbd742a881f357eeccb32#0:3f0e5516596846e9cb4d547dbdfc20f1c2bed07571e3dbb464f25166a6585b01#0:1780325022614.
timestamp=2026-06-01T14:43:42.614Z level=INFO fiber=#1328 message="👷 Starting block commitment worker..."
[14:43:43.719] INFO (#194): 🏦 2 deposit UTxOs found.
[14:43:43.728] INFO (#194): 🏦 Reconciled 2 visible deposit UTxO(s) into deposits_utxos.
timestamp=2026-06-01T14:43:44.066Z level=INFO fiber=#0 message="Initializing Lucid..."
timestamp=2026-06-01T14:43:44.347Z level=INFO fiber=#0 message="Lucid built successfully."
timestamp=2026-06-01T14:43:44.440Z level=INFO fiber=#0 message="📚 Opening connection to db..."
timestamp=2026-06-01T14:43:45.077Z level=INFO fiber=#0 message="🔐 Contract source selected: state_queue=real, hub_oracle=real, deposit=real, tx_order=real, withdrawal=real, settlement=real, reserve=real, payout=real, registered_operators=real, active_operators=real, retired_operators=real, scheduler=real, fraud_proofs.double_spend=real"
timestamp=2026-06-01T14:43:45.078Z level=INFO fiber=#0 message="🔹 Retrieving all mempool transactions..."
timestamp=2026-06-01T14:43:45.110Z level=INFO fiber=#0 message="🏦 Running commit-time deposit ingestion barrier up to 2026-06-01T14:43:45.110Z."
[14:43:45.190] INFO (#198): 🔸 Skipping merge because the state-queue mutation lease is busy (active_holder=block_commitment,active_token=block_commitment:24288b82-5ee2-4d31-8c97-9ef2b2cffb7a,active_expires_at=2026-06-01T14:53:41.895Z).
timestamp=2026-06-01T14:43:45.727Z level=INFO fiber=#0 message="🏦 2 deposit UTxOs found."
timestamp=2026-06-01T14:43:45.741Z level=INFO fiber=#0 message="🏦 Commit-time deposit barrier reconciled 2 deposit UTxO(s); fetch completed at 2026-06-01T14:43:45.741Z and locked the visibility barrier at 2026-06-01T14:43:45.110Z."
timestamp=2026-06-01T14:43:45.742Z level=INFO fiber=#0 message="Running commit-time withdrawal ingestion barrier up to 2026-06-01T14:43:45.110Z."
timestamp=2026-06-01T14:43:45.802Z level=INFO fiber=#0 message="Commit-time withdrawal barrier reconciled 0 withdrawal UTxO(s); fetch completed at 2026-06-01T14:43:45.802Z and locked the visibility barrier at 2026-06-01T14:43:45.110Z."
timestamp=2026-06-01T14:43:45.803Z level=INFO fiber=#0 message="🔹 Going through mempool txs and finding roots..."
timestamp=2026-06-01T14:43:45.817Z level=INFO fiber=#0 message="🔹 New transaction root found: 0e5751c026e543b2e8ab2eb06099daa1d1e5df47778f7787faab45cdf12fe3a8"
timestamp=2026-06-01T14:43:45.817Z level=INFO fiber=#0 message="🔹 New UTxO root found: 0de61b61a0f087811298c7af049af98c7a3de5bc48bb27c26b2adaf1115eeec8"
timestamp=2026-06-01T14:43:45.817Z level=INFO fiber=#0 message="🔹 No transactions were found in MempoolDB, checking ProcessedMempoolDB..."
timestamp=2026-06-01T14:43:45.819Z level=INFO fiber=#0 message="🔹 Previous submitted block is now confirmed, deserializing..."
timestamp=2026-06-01T14:43:45.821Z level=INFO fiber=#0 message="🔹 Checking for user events... (no tx requests in queue)"
timestamp=2026-06-01T14:43:45.822Z level=INFO fiber=#0 message="🔹 Nothing to commit."
timestamp=2026-06-01T14:43:45.833Z level=INFO fiber=#29 message="👷 Block commitment work completed ({\"type\":\"NothingToCommitOutput\"})."
[14:43:46.838] INFO (#192): 🔹 New block commitment process started.
[14:43:46.847] INFO (#192): Acquired state-queue mutation lease token=block_commitment:6dd4f5d5-26c9-446a-bfbd-709484103fb8,holder=block_commitment,expires_at=2026-06-01T14:53:46.840Z
[14:43:47.450] INFO (#192): 🔹 Using live state-queue tail commit base 3f0e5516596846e9cb4d547dbdfc20f1c2bed07571e3dbb464f25166a6585b01#0 from snapshot commit_preflight:e88f3cb4f2fd29902feb84944f7430f5bb2ac4d21bebbd742a881f357eeccb32#0:3f0e5516596846e9cb4d547dbdfc20f1c2bed07571e3dbb464f25166a6585b01#0:1780325027450.
timestamp=2026-06-01T14:43:47.450Z level=INFO fiber=#1341 message="👷 Starting block commitment worker..."
timestamp=2026-06-01T14:43:48.873Z level=INFO fiber=#0 message="Initializing Lucid..."
timestamp=2026-06-01T14:43:49.141Z level=INFO fiber=#0 message="Lucid built successfully."
timestamp=2026-06-01T14:43:49.231Z level=INFO fiber=#0 message="📚 Opening connection to db..."
timestamp=2026-06-01T14:43:49.855Z level=INFO fiber=#0 message="🔐 Contract source selected: state_queue=real, hub_oracle=real, deposit=real, tx_order=real, withdrawal=real, settlement=real, reserve=real, payout=real, registered_operators=real, active_operators=real, retired_operators=real, scheduler=real, fraud_proofs.double_spend=real"
timestamp=2026-06-01T14:43:49.855Z level=INFO fiber=#0 message="🔹 Retrieving all mempool transactions..."
timestamp=2026-06-01T14:43:49.882Z level=INFO fiber=#0 message="🏦 Running commit-time deposit ingestion barrier up to 2026-06-01T14:43:49.882Z."
[14:43:50.336] INFO (#193): 🔍 New block confirmation process started.
timestamp=2026-06-01T14:43:50.337Z level=INFO fiber=#1342 message="🔍 Starting block confirmation worker..."
timestamp=2026-06-01T14:43:50.494Z level=INFO fiber=#0 message="🏦 2 deposit UTxOs found."
timestamp=2026-06-01T14:43:50.507Z level=INFO fiber=#0 message="🏦 Commit-time deposit barrier reconciled 2 deposit UTxO(s); fetch completed at 2026-06-01T14:43:50.507Z and locked the visibility barrier at 2026-06-01T14:43:49.882Z."
timestamp=2026-06-01T14:43:50.508Z level=INFO fiber=#0 message="Running commit-time withdrawal ingestion barrier up to 2026-06-01T14:43:49.882Z."
timestamp=2026-06-01T14:43:50.572Z level=INFO fiber=#0 message="Commit-time withdrawal barrier reconciled 0 withdrawal UTxO(s); fetch completed at 2026-06-01T14:43:50.572Z and locked the visibility barrier at 2026-06-01T14:43:49.882Z."
timestamp=2026-06-01T14:43:50.573Z level=INFO fiber=#0 message="🔹 Going through mempool txs and finding roots..."
timestamp=2026-06-01T14:43:50.586Z level=INFO fiber=#0 message="🔹 New transaction root found: 0e5751c026e543b2e8ab2eb06099daa1d1e5df47778f7787faab45cdf12fe3a8"
timestamp=2026-06-01T14:43:50.586Z level=INFO fiber=#0 message="🔹 New UTxO root found: 0de61b61a0f087811298c7af049af98c7a3de5bc48bb27c26b2adaf1115eeec8"
timestamp=2026-06-01T14:43:50.587Z level=INFO fiber=#0 message="🔹 No transactions were found in MempoolDB, checking ProcessedMempoolDB..."
timestamp=2026-06-01T14:43:50.588Z level=INFO fiber=#0 message="🔹 Previous submitted block is now confirmed, deserializing..."
timestamp=2026-06-01T14:43:50.590Z level=INFO fiber=#0 message="🔹 Checking for user events... (no tx requests in queue)"
timestamp=2026-06-01T14:43:50.590Z level=INFO fiber=#0 message="🔹 Nothing to commit."
timestamp=2026-06-01T14:43:50.603Z level=INFO fiber=#29 message="👷 Block commitment work completed ({\"type\":\"NothingToCommitOutput\"})."
timestamp=2026-06-01T14:43:51.590Z level=INFO fiber=#0 message="Initializing Lucid..."
[14:43:51.607] INFO (#192): 🔹 New block commitment process started.
[14:43:51.616] INFO (#192): Acquired state-queue mutation lease token=block_commitment:804059de-56f9-465e-872e-bee61b1868e4,holder=block_commitment,expires_at=2026-06-01T14:53:51.608Z
timestamp=2026-06-01T14:43:51.871Z level=INFO fiber=#0 message="Lucid built successfully."
[14:43:52.297] INFO (#192): 🔹 Using live state-queue tail commit base 3f0e5516596846e9cb4d547dbdfc20f1c2bed07571e3dbb464f25166a6585b01#0 from snapshot commit_preflight:e88f3cb4f2fd29902feb84944f7430f5bb2ac4d21bebbd742a881f357eeccb32#0:3f0e5516596846e9cb4d547dbdfc20f1c2bed07571e3dbb464f25166a6585b01#0:1780325032297.
timestamp=2026-06-01T14:43:52.297Z level=INFO fiber=#1350 message="👷 Starting block commitment worker..."
timestamp=2026-06-01T14:43:53.789Z level=INFO fiber=#0 message="Initializing Lucid..."
timestamp=2026-06-01T14:43:54.097Z level=INFO fiber=#0 message="Lucid built successfully."
timestamp=2026-06-01T14:43:54.190Z level=INFO fiber=#0 message="📚 Opening connection to db..."
[14:43:54.336] INFO (#194): 🏦 2 deposit UTxOs found.
[14:43:54.345] INFO (#194): 🏦 Reconciled 2 visible deposit UTxO(s) into deposits_utxos.
timestamp=2026-06-01T14:43:54.834Z level=INFO fiber=#0 message="🔐 Contract source selected: state_queue=real, hub_oracle=real, deposit=real, tx_order=real, withdrawal=real, settlement=real, reserve=real, payout=real, registered_operators=real, active_operators=real, retired_operators=real, scheduler=real, fraud_proofs.double_spend=real"
timestamp=2026-06-01T14:43:54.834Z level=INFO fiber=#0 message="🔹 Retrieving all mempool transactions..."
timestamp=2026-06-01T14:43:54.863Z level=INFO fiber=#0 message="🏦 Running commit-time deposit ingestion barrier up to 2026-06-01T14:43:54.862Z."
[14:43:55.195] INFO (#198): 🔸 Skipping merge because the state-queue mutation lease is busy (active_holder=block_commitment,active_token=block_commitment:804059de-56f9-465e-872e-bee61b1868e4,active_expires_at=2026-06-01T14:53:51.608Z).
timestamp=2026-06-01T14:43:55.484Z level=INFO fiber=#0 message="🏦 2 deposit UTxOs found."
timestamp=2026-06-01T14:43:55.497Z level=INFO fiber=#0 message="🏦 Commit-time deposit barrier reconciled 2 deposit UTxO(s); fetch completed at 2026-06-01T14:43:55.497Z and locked the visibility barrier at 2026-06-01T14:43:54.862Z."
timestamp=2026-06-01T14:43:55.498Z level=INFO fiber=#0 message="Running commit-time withdrawal ingestion barrier up to 2026-06-01T14:43:54.862Z."
timestamp=2026-06-01T14:43:55.551Z level=INFO fiber=#0 message="Commit-time withdrawal barrier reconciled 0 withdrawal UTxO(s); fetch completed at 2026-06-01T14:43:55.551Z and locked the visibility barrier at 2026-06-01T14:43:54.862Z."
timestamp=2026-06-01T14:43:55.552Z level=INFO fiber=#0 message="🔹 Going through mempool txs and finding roots..."
timestamp=2026-06-01T14:43:55.565Z level=INFO fiber=#0 message="🔹 New transaction root found: 0e5751c026e543b2e8ab2eb06099daa1d1e5df47778f7787faab45cdf12fe3a8"
timestamp=2026-06-01T14:43:55.565Z level=INFO fiber=#0 message="🔹 New UTxO root found: 0de61b61a0f087811298c7af049af98c7a3de5bc48bb27c26b2adaf1115eeec8"
timestamp=2026-06-01T14:43:55.566Z level=INFO fiber=#0 message="🔹 No transactions were found in MempoolDB, checking ProcessedMempoolDB..."
timestamp=2026-06-01T14:43:55.567Z level=INFO fiber=#0 message="🔹 Previous submitted block is now confirmed, deserializing..."
timestamp=2026-06-01T14:43:55.569Z level=INFO fiber=#0 message="🔹 Checking for user events... (no tx requests in queue)"
timestamp=2026-06-01T14:43:55.570Z level=INFO fiber=#0 message="🔹 Nothing to commit."
timestamp=2026-06-01T14:43:55.581Z level=INFO fiber=#29 message="👷 Block commitment work completed ({\"type\":\"NothingToCommitOutput\"})."
[14:43:56.585] INFO (#192): 🔹 New block commitment process started.
[14:43:56.595] INFO (#192): Acquired state-queue mutation lease token=block_commitment:8be6affd-56b4-49ea-ae1f-9f0a8d037145,holder=block_commitment,expires_at=2026-06-01T14:53:56.588Z
[14:43:57.208] INFO (#192): 🔹 Using live state-queue tail commit base 3f0e5516596846e9cb4d547dbdfc20f1c2bed07571e3dbb464f25166a6585b01#0 from snapshot commit_preflight:e88f3cb4f2fd29902feb84944f7430f5bb2ac4d21bebbd742a881f357eeccb32#0:3f0e5516596846e9cb4d547dbdfc20f1c2bed07571e3dbb464f25166a6585b01#0:1780325037208.
timestamp=2026-06-01T14:43:57.208Z level=INFO fiber=#1363 message="👷 Starting block commitment worker..."
timestamp=2026-06-01T14:43:58.641Z level=INFO fiber=#0 message="Initializing Lucid..."
timestamp=2026-06-01T14:43:58.941Z level=INFO fiber=#0 message="Lucid built successfully."
timestamp=2026-06-01T14:43:59.039Z level=INFO fiber=#0 message="📚 Opening connection to db..."
timestamp=2026-06-01T14:43:59.803Z level=INFO fiber=#0 message="🔐 Contract source selected: state_queue=real, hub_oracle=real, deposit=real, tx_order=real, withdrawal=real, settlement=real, reserve=real, payout=real, registered_operators=real, active_operators=real, retired_operators=real, scheduler=real, fraud_proofs.double_spend=real"
timestamp=2026-06-01T14:43:59.803Z level=INFO fiber=#0 message="🔹 Retrieving all mempool transactions..."
timestamp=2026-06-01T14:43:59.837Z level=INFO fiber=#0 message="🏦 Running commit-time deposit ingestion barrier up to 2026-06-01T14:43:59.837Z."
timestamp=2026-06-01T14:44:00.450Z level=INFO fiber=#0 message="🏦 2 deposit UTxOs found."
timestamp=2026-06-01T14:44:00.458Z level=INFO fiber=#0 message="🏦 Commit-time deposit barrier reconciled 2 deposit UTxO(s); fetch completed at 2026-06-01T14:44:00.458Z and locked the visibility barrier at 2026-06-01T14:43:59.837Z."
timestamp=2026-06-01T14:44:00.458Z level=INFO fiber=#0 message="Running commit-time withdrawal ingestion barrier up to 2026-06-01T14:43:59.837Z."
timestamp=2026-06-01T14:44:00.516Z level=INFO fiber=#0 message="Commit-time withdrawal barrier reconciled 0 withdrawal UTxO(s); fetch completed at 2026-06-01T14:44:00.516Z and locked the visibility barrier at 2026-06-01T14:43:59.837Z."
timestamp=2026-06-01T14:44:00.517Z level=INFO fiber=#0 message="🔹 Going through mempool txs and finding roots..."
timestamp=2026-06-01T14:44:00.530Z level=INFO fiber=#0 message="🔹 New transaction root found: 0e5751c026e543b2e8ab2eb06099daa1d1e5df47778f7787faab45cdf12fe3a8"
timestamp=2026-06-01T14:44:00.530Z level=INFO fiber=#0 message="🔹 New UTxO root found: 0de61b61a0f087811298c7af049af98c7a3de5bc48bb27c26b2adaf1115eeec8"
timestamp=2026-06-01T14:44:00.531Z level=INFO fiber=#0 message="🔹 No transactions were found in MempoolDB, checking ProcessedMempoolDB..."
timestamp=2026-06-01T14:44:00.532Z level=INFO fiber=#0 message="🔹 Previous submitted block is now confirmed, deserializing..."
timestamp=2026-06-01T14:44:00.534Z level=INFO fiber=#0 message="🔹 Checking for user events... (no tx requests in queue)"
timestamp=2026-06-01T14:44:00.535Z level=INFO fiber=#0 message="🔹 Nothing to commit."
timestamp=2026-06-01T14:44:00.547Z level=INFO fiber=#29 message="👷 Block commitment work completed ({\"type\":\"NothingToCommitOutput\"})."
[14:44:01.552] INFO (#192): 🔹 New block commitment process started.
[14:44:01.556] INFO (#192): Acquired state-queue mutation lease token=block_commitment:0105389d-8459-4079-a199-8325c054b824,holder=block_commitment,expires_at=2026-06-01T14:54:01.553Z
[14:44:02.232] INFO (#192): 🔹 Using live state-queue tail commit base 3f0e5516596846e9cb4d547dbdfc20f1c2bed07571e3dbb464f25166a6585b01#0 from snapshot commit_preflight:e88f3cb4f2fd29902feb84944f7430f5bb2ac4d21bebbd742a881f357eeccb32#0:3f0e5516596846e9cb4d547dbdfc20f1c2bed07571e3dbb464f25166a6585b01#0:1780325042232.
timestamp=2026-06-01T14:44:02.233Z level=INFO fiber=#1371 message="👷 Starting block commitment worker..."
[14:44:02.521] INFO (#193): 🔍 New block confirmation process started.
timestamp=2026-06-01T14:44:02.521Z level=INFO fiber=#1372 message="🔍 Starting block confirmation worker..."
timestamp=2026-06-01T14:44:04.248Z level=INFO fiber=#0 message="Initializing Lucid..."
timestamp=2026-06-01T14:44:04.310Z level=INFO fiber=#0 message="Initializing Lucid..."
timestamp=2026-06-01T14:44:04.520Z level=INFO fiber=#0 message="Lucid built successfully."
timestamp=2026-06-01T14:44:04.607Z level=INFO fiber=#0 message="Lucid built successfully."
timestamp=2026-06-01T14:44:04.629Z level=INFO fiber=#0 message="📚 Opening connection to db..."
[14:44:04.957] INFO (#194): 🏦 2 deposit UTxOs found.
[14:44:04.965] INFO (#194): 🏦 Reconciled 2 visible deposit UTxO(s) into deposits_utxos.
[14:44:05.203] INFO (#198): 🔸 Skipping merge because the state-queue mutation lease is busy (active_holder=block_commitment,active_token=block_commitment:0105389d-8459-4079-a199-8325c054b824,active_expires_at=2026-06-01T14:54:01.553Z).
timestamp=2026-06-01T14:44:05.598Z level=INFO fiber=#0 message="🔐 Contract source selected: state_queue=real, hub_oracle=real, deposit=real, tx_order=real, withdrawal=real, settlement=real, reserve=real, payout=real, registered_operators=real, active_operators=real, retired_operators=real, scheduler=real, fraud_proofs.double_spend=real"
timestamp=2026-06-01T14:44:05.599Z level=INFO fiber=#0 message="🔹 Retrieving all mempool transactions..."
timestamp=2026-06-01T14:44:05.627Z level=INFO fiber=#0 message="🏦 Running commit-time deposit ingestion barrier up to 2026-06-01T14:44:05.627Z."
timestamp=2026-06-01T14:44:06.235Z level=INFO fiber=#0 message="🏦 2 deposit UTxOs found."
timestamp=2026-06-01T14:44:06.249Z level=INFO fiber=#0 message="🏦 Commit-time deposit barrier reconciled 2 deposit UTxO(s); fetch completed at 2026-06-01T14:44:06.248Z and locked the visibility barrier at 2026-06-01T14:44:05.627Z."
timestamp=2026-06-01T14:44:06.249Z level=INFO fiber=#0 message="Running commit-time withdrawal ingestion barrier up to 2026-06-01T14:44:05.627Z."
timestamp=2026-06-01T14:44:06.303Z level=INFO fiber=#0 message="Commit-time withdrawal barrier reconciled 0 withdrawal UTxO(s); fetch completed at 2026-06-01T14:44:06.303Z and locked the visibility barrier at 2026-06-01T14:44:05.627Z."
timestamp=2026-06-01T14:44:06.304Z level=INFO fiber=#0 message="🔹 Going through mempool txs and finding roots..."
timestamp=2026-06-01T14:44:06.316Z level=INFO fiber=#0 message="🔹 New transaction root found: 0e5751c026e543b2e8ab2eb06099daa1d1e5df47778f7787faab45cdf12fe3a8"
timestamp=2026-06-01T14:44:06.317Z level=INFO fiber=#0 message="🔹 New UTxO root found: 0de61b61a0f087811298c7af049af98c7a3de5bc48bb27c26b2adaf1115eeec8"
timestamp=2026-06-01T14:44:06.317Z level=INFO fiber=#0 message="🔹 No transactions were found in MempoolDB, checking ProcessedMempoolDB..."
timestamp=2026-06-01T14:44:06.318Z level=INFO fiber=#0 message="🔹 Previous submitted block is now confirmed, deserializing..."
timestamp=2026-06-01T14:44:06.321Z level=INFO fiber=#0 message="🔹 Checking for user events... (no tx requests in queue)"
timestamp=2026-06-01T14:44:06.321Z level=INFO fiber=#0 message="🔹 Nothing to commit."
timestamp=2026-06-01T14:44:06.332Z level=INFO fiber=#29 message="👷 Block commitment work completed ({\"type\":\"NothingToCommitOutput\"})."
[14:44:07.337] INFO (#192): 🔹 New block commitment process started.
[14:44:07.346] INFO (#192): Acquired state-queue mutation lease token=block_commitment:0df71c13-88a7-411b-aad4-0af4c5a58a85,holder=block_commitment,expires_at=2026-06-01T14:54:07.339Z
[14:44:07.961] INFO (#192): 🔹 Using live state-queue tail commit base 3f0e5516596846e9cb4d547dbdfc20f1c2bed07571e3dbb464f25166a6585b01#0 from snapshot commit_preflight:e88f3cb4f2fd29902feb84944f7430f5bb2ac4d21bebbd742a881f357eeccb32#0:3f0e5516596846e9cb4d547dbdfc20f1c2bed07571e3dbb464f25166a6585b01#0:1780325047961.
timestamp=2026-06-01T14:44:07.961Z level=INFO fiber=#1385 message="👷 Starting block commitment worker..."
timestamp=2026-06-01T14:44:09.672Z level=INFO fiber=#0 message="Initializing Lucid..."
timestamp=2026-06-01T14:44:09.962Z level=INFO fiber=#0 message="Lucid built successfully."
timestamp=2026-06-01T14:44:10.056Z level=INFO fiber=#0 message="📚 Opening connection to db..."
timestamp=2026-06-01T14:44:10.836Z level=INFO fiber=#0 message="🔐 Contract source selected: state_queue=real, hub_oracle=real, deposit=real, tx_order=real, withdrawal=real, settlement=real, reserve=real, payout=real, registered_operators=real, active_operators=real, retired_operators=real, scheduler=real, fraud_proofs.double_spend=real"
timestamp=2026-06-01T14:44:10.837Z level=INFO fiber=#0 message="🔹 Retrieving all mempool transactions..."
timestamp=2026-06-01T14:44:10.873Z level=INFO fiber=#0 message="🏦 Running commit-time deposit ingestion barrier up to 2026-06-01T14:44:10.873Z."
timestamp=2026-06-01T14:44:11.493Z level=INFO fiber=#0 message="🏦 2 deposit UTxOs found."
timestamp=2026-06-01T14:44:11.510Z level=INFO fiber=#0 message="🏦 Commit-time deposit barrier reconciled 2 deposit UTxO(s); fetch completed at 2026-06-01T14:44:11.509Z and locked the visibility barrier at 2026-06-01T14:44:10.873Z."
timestamp=2026-06-01T14:44:11.511Z level=INFO fiber=#0 message="Running commit-time withdrawal ingestion barrier up to 2026-06-01T14:44:10.873Z."
timestamp=2026-06-01T14:44:11.570Z level=INFO fiber=#0 message="Commit-time withdrawal barrier reconciled 0 withdrawal UTxO(s); fetch completed at 2026-06-01T14:44:11.570Z and locked the visibility barrier at 2026-06-01T14:44:10.873Z."
timestamp=2026-06-01T14:44:11.573Z level=INFO fiber=#0 message="🔹 Going through mempool txs and finding roots..."
timestamp=2026-06-01T14:44:11.599Z level=INFO fiber=#0 message="🔹 New transaction root found: 0e5751c026e543b2e8ab2eb06099daa1d1e5df47778f7787faab45cdf12fe3a8"
timestamp=2026-06-01T14:44:11.600Z level=INFO fiber=#0 message="🔹 New UTxO root found: 0de61b61a0f087811298c7af049af98c7a3de5bc48bb27c26b2adaf1115eeec8"
timestamp=2026-06-01T14:44:11.600Z level=INFO fiber=#0 message="🔹 No transactions were found in MempoolDB, checking ProcessedMempoolDB..."
timestamp=2026-06-01T14:44:11.603Z level=INFO fiber=#0 message="🔹 Previous submitted block is now confirmed, deserializing..."
timestamp=2026-06-01T14:44:11.608Z level=INFO fiber=#0 message="🔹 Checking for user events... (no tx requests in queue)"
timestamp=2026-06-01T14:44:11.609Z level=INFO fiber=#0 message="🔹 Nothing to commit."
timestamp=2026-06-01T14:44:11.633Z level=INFO fiber=#29 message="👷 Block commitment work completed ({\"type\":\"NothingToCommitOutput\"})."
[14:44:12.639] INFO (#192): 🔹 New block commitment process started.
[14:44:12.649] INFO (#192): Acquired state-queue mutation lease token=block_commitment:2a402c9b-b7f5-46ee-b983-faeb7b275910,holder=block_commitment,expires_at=2026-06-01T14:54:12.641Z
[14:44:13.314] INFO (#192): 🔹 Using live state-queue tail commit base 3f0e5516596846e9cb4d547dbdfc20f1c2bed07571e3dbb464f25166a6585b01#0 from snapshot commit_preflight:e88f3cb4f2fd29902feb84944f7430f5bb2ac4d21bebbd742a881f357eeccb32#0:3f0e5516596846e9cb4d547dbdfc20f1c2bed07571e3dbb464f25166a6585b01#0:1780325053314.
timestamp=2026-06-01T14:44:13.314Z level=INFO fiber=#1393 message="👷 Starting block commitment worker..."
timestamp=2026-06-01T14:44:15.108Z level=INFO fiber=#0 message="Initializing Lucid..."
[14:44:15.207] INFO (#198): 🔸 Skipping merge because the state-queue mutation lease is busy (active_holder=block_commitment,active_token=block_commitment:2a402c9b-b7f5-46ee-b983-faeb7b275910,active_expires_at=2026-06-01T14:54:12.641Z).
timestamp=2026-06-01T14:44:15.435Z level=INFO fiber=#0 message="Lucid built successfully."
timestamp=2026-06-01T14:44:15.529Z level=INFO fiber=#0 message="📚 Opening connection to db..."
[14:44:15.539] INFO (#193): 🔍 New block confirmation process started.
timestamp=2026-06-01T14:44:15.539Z level=INFO fiber=#1399 message="🔍 Starting block confirmation worker..."
[14:44:15.580] INFO (#194): 🏦 2 deposit UTxOs found.
[14:44:15.588] INFO (#194): 🏦 Reconciled 2 visible deposit UTxO(s) into deposits_utxos.
timestamp=2026-06-01T14:44:16.618Z level=INFO fiber=#0 message="🔐 Contract source selected: state_queue=real, hub_oracle=real, deposit=real, tx_order=real, withdrawal=real, settlement=real, reserve=real, payout=real, registered_operators=real, active_operators=real, retired_operators=real, scheduler=real, fraud_proofs.double_spend=real"
timestamp=2026-06-01T14:44:16.619Z level=INFO fiber=#0 message="🔹 Retrieving all mempool transactions..."
timestamp=2026-06-01T14:44:16.656Z level=INFO fiber=#0 message="🏦 Running commit-time deposit ingestion barrier up to 2026-06-01T14:44:16.656Z."
timestamp=2026-06-01T14:44:17.265Z level=INFO fiber=#0 message="🏦 2 deposit UTxOs found."
timestamp=2026-06-01T14:44:17.278Z level=INFO fiber=#0 message="🏦 Commit-time deposit barrier reconciled 2 deposit UTxO(s); fetch completed at 2026-06-01T14:44:17.278Z and locked the visibility barrier at 2026-06-01T14:44:16.656Z."
timestamp=2026-06-01T14:44:17.279Z level=INFO fiber=#0 message="Running commit-time withdrawal ingestion barrier up to 2026-06-01T14:44:16.656Z."
timestamp=2026-06-01T14:44:17.348Z level=INFO fiber=#0 message="Commit-time withdrawal barrier reconciled 0 withdrawal UTxO(s); fetch completed at 2026-06-01T14:44:17.348Z and locked the visibility barrier at 2026-06-01T14:44:16.656Z."
timestamp=2026-06-01T14:44:17.349Z level=INFO fiber=#0 message="🔹 Going through mempool txs and finding roots..."
timestamp=2026-06-01T14:44:17.368Z level=INFO fiber=#0 message="🔹 New transaction root found: 0e5751c026e543b2e8ab2eb06099daa1d1e5df47778f7787faab45cdf12fe3a8"
timestamp=2026-06-01T14:44:17.368Z level=INFO fiber=#0 message="🔹 New UTxO root found: 0de61b61a0f087811298c7af049af98c7a3de5bc48bb27c26b2adaf1115eeec8"
timestamp=2026-06-01T14:44:17.368Z level=INFO fiber=#0 message="🔹 No transactions were found in MempoolDB, checking ProcessedMempoolDB..."
timestamp=2026-06-01T14:44:17.370Z level=INFO fiber=#0 message="🔹 Previous submitted block is now confirmed, deserializing..."
timestamp=2026-06-01T14:44:17.373Z level=INFO fiber=#0 message="🔹 Checking for user events... (no tx requests in queue)"
timestamp=2026-06-01T14:44:17.375Z level=INFO fiber=#0 message="🔹 Nothing to commit."
timestamp=2026-06-01T14:44:17.384Z level=INFO fiber=#0 message="Initializing Lucid..."
timestamp=2026-06-01T14:44:17.392Z level=INFO fiber=#29 message="👷 Block commitment work completed ({\"type\":\"NothingToCommitOutput\"})."
timestamp=2026-06-01T14:44:17.725Z level=INFO fiber=#0 message="Lucid built successfully."
[14:44:18.398] INFO (#192): 🔹 New block commitment process started.
timestamp=2026-06-01T14:44:18.395Z level=INFO fiber=#0 message="🔐 Contract source selected: state_queue=real, hub_oracle=real, deposit=real, tx_order=real, withdrawal=real, settlement=real, reserve=real, payout=real, registered_operators=real, active_operators=real, retired_operators=real, scheduler=real, fraud_proofs.double_spend=real"
timestamp=2026-06-01T14:44:18.399Z level=INFO fiber=#14 message="🔍 Confirmation work completed ({\"type\":\"NoTxForConfirmationOutput\"})."
[14:44:18.404] INFO (#192): Acquired state-queue mutation lease token=block_commitment:c4d27ef8-a382-4993-9ec7-2f5d1065c582,holder=block_commitment,expires_at=2026-06-01T14:54:18.399Z
[14:44:19.017] INFO (#192): 🔹 Using live state-queue tail commit base 3f0e5516596846e9cb4d547dbdfc20f1c2bed07571e3dbb464f25166a6585b01#0 from snapshot commit_preflight:e88f3cb4f2fd29902feb84944f7430f5bb2ac4d21bebbd742a881f357eeccb32#0:3f0e5516596846e9cb4d547dbdfc20f1c2bed07571e3dbb464f25166a6585b01#0:1780325059017.
timestamp=2026-06-01T14:44:19.017Z level=INFO fiber=#1407 message="👷 Starting block commitment worker..."
timestamp=2026-06-01T14:44:20.742Z level=INFO fiber=#0 message="Initializing Lucid..."
timestamp=2026-06-01T14:44:21.055Z level=INFO fiber=#0 message="Lucid built successfully."
timestamp=2026-06-01T14:44:21.146Z level=INFO fiber=#0 message="📚 Opening connection to db..."
timestamp=2026-06-01T14:44:21.817Z level=INFO fiber=#0 message="🔐 Contract source selected: state_queue=real, hub_oracle=real, deposit=real, tx_order=real, withdrawal=real, settlement=real, reserve=real, payout=real, registered_operators=real, active_operators=real, retired_operators=real, scheduler=real, fraud_proofs.double_spend=real"
timestamp=2026-06-01T14:44:21.817Z level=INFO fiber=#0 message="🔹 Retrieving all mempool transactions..."
timestamp=2026-06-01T14:44:21.843Z level=INFO fiber=#0 message="🏦 Running commit-time deposit ingestion barrier up to 2026-06-01T14:44:21.843Z."
timestamp=2026-06-01T14:44:22.470Z level=INFO fiber=#0 message="🏦 2 deposit UTxOs found."
timestamp=2026-06-01T14:44:22.483Z level=INFO fiber=#0 message="🏦 Commit-time deposit barrier reconciled 2 deposit UTxO(s); fetch completed at 2026-06-01T14:44:22.483Z and locked the visibility barrier at 2026-06-01T14:44:21.843Z."
timestamp=2026-06-01T14:44:22.483Z level=INFO fiber=#0 message="Running commit-time withdrawal ingestion barrier up to 2026-06-01T14:44:21.843Z."
timestamp=2026-06-01T14:44:22.538Z level=INFO fiber=#0 message="Commit-time withdrawal barrier reconciled 0 withdrawal UTxO(s); fetch completed at 2026-06-01T14:44:22.538Z and locked the visibility barrier at 2026-06-01T14:44:21.843Z."
timestamp=2026-06-01T14:44:22.539Z level=INFO fiber=#0 message="🔹 Going through mempool txs and finding roots..."
timestamp=2026-06-01T14:44:22.552Z level=INFO fiber=#0 message="🔹 New transaction root found: 0e5751c026e543b2e8ab2eb06099daa1d1e5df47778f7787faab45cdf12fe3a8"
timestamp=2026-06-01T14:44:22.552Z level=INFO fiber=#0 message="🔹 New UTxO root found: 0de61b61a0f087811298c7af049af98c7a3de5bc48bb27c26b2adaf1115eeec8"
timestamp=2026-06-01T14:44:22.552Z level=INFO fiber=#0 message="🔹 No transactions were found in MempoolDB, checking ProcessedMempoolDB..."
timestamp=2026-06-01T14:44:22.553Z level=INFO fiber=#0 message="🔹 Previous submitted block is now confirmed, deserializing..."
timestamp=2026-06-01T14:44:22.555Z level=INFO fiber=#0 message="🔹 Checking for user events... (no tx requests in queue)"
timestamp=2026-06-01T14:44:22.555Z level=INFO fiber=#0 message="🔹 Nothing to commit."
timestamp=2026-06-01T14:44:22.566Z level=INFO fiber=#29 message="👷 Block commitment work completed ({\"type\":\"NothingToCommitOutput\"})."
[14:44:23.570] INFO (#192): 🔹 New block commitment process started.
[14:44:23.579] INFO (#192): Acquired state-queue mutation lease token=block_commitment:00d5d719-67ba-45c5-ad03-bf4b89c91a57,holder=block_commitment,expires_at=2026-06-01T14:54:23.571Z
[14:44:24.233] INFO (#192): 🔹 Using live state-queue tail commit base 3f0e5516596846e9cb4d547dbdfc20f1c2bed07571e3dbb464f25166a6585b01#0 from snapshot commit_preflight:e88f3cb4f2fd29902feb84944f7430f5bb2ac4d21bebbd742a881f357eeccb32#0:3f0e5516596846e9cb4d547dbdfc20f1c2bed07571e3dbb464f25166a6585b01#0:1780325064233.
timestamp=2026-06-01T14:44:24.233Z level=INFO fiber=#1415 message="👷 Starting block commitment worker..."
[14:44:25.211] INFO (#198): 🔸 Skipping merge because the state-queue mutation lease is busy (active_holder=block_commitment,active_token=block_commitment:00d5d719-67ba-45c5-ad03-bf4b89c91a57,active_expires_at=2026-06-01T14:54:23.571Z).
timestamp=2026-06-01T14:44:26.018Z level=INFO fiber=#0 message="Initializing Lucid..."
[14:44:26.191] INFO (#194): 🏦 2 deposit UTxOs found.
[14:44:26.195] INFO (#194): 🏦 Reconciled 2 visible deposit UTxO(s) into deposits_utxos.
timestamp=2026-06-01T14:44:26.299Z level=INFO fiber=#0 message="Lucid built successfully."
timestamp=2026-06-01T14:44:26.391Z level=INFO fiber=#0 message="📚 Opening connection to db..."
timestamp=2026-06-01T14:44:27.064Z level=INFO fiber=#0 message="🔐 Contract source selected: state_queue=real, hub_oracle=real, deposit=real, tx_order=real, withdrawal=real, settlement=real, reserve=real, payout=real, registered_operators=real, active_operators=real, retired_operators=real, scheduler=real, fraud_proofs.double_spend=real"
timestamp=2026-06-01T14:44:27.065Z level=INFO fiber=#0 message="🔹 Retrieving all mempool transactions..."
timestamp=2026-06-01T14:44:27.097Z level=INFO fiber=#0 message="🏦 Running commit-time deposit ingestion barrier up to 2026-06-01T14:44:27.097Z."
timestamp=2026-06-01T14:44:27.724Z level=INFO fiber=#0 message="🏦 2 deposit UTxOs found."
timestamp=2026-06-01T14:44:27.738Z level=INFO fiber=#0 message="🏦 Commit-time deposit barrier reconciled 2 deposit UTxO(s); fetch completed at 2026-06-01T14:44:27.738Z and locked the visibility barrier at 2026-06-01T14:44:27.097Z."
timestamp=2026-06-01T14:44:27.739Z level=INFO fiber=#0 message="Running commit-time withdrawal ingestion barrier up to 2026-06-01T14:44:27.097Z."
timestamp=2026-06-01T14:44:27.807Z level=INFO fiber=#0 message="Commit-time withdrawal barrier reconciled 0 withdrawal UTxO(s); fetch completed at 2026-06-01T14:44:27.807Z and locked the visibility barrier at 2026-06-01T14:44:27.097Z."
timestamp=2026-06-01T14:44:27.809Z level=INFO fiber=#0 message="🔹 Going through mempool txs and finding roots..."
timestamp=2026-06-01T14:44:27.821Z level=INFO fiber=#0 message="🔹 New transaction root found: 0e5751c026e543b2e8ab2eb06099daa1d1e5df47778f7787faab45cdf12fe3a8"
timestamp=2026-06-01T14:44:27.821Z level=INFO fiber=#0 message="🔹 New UTxO root found: 0de61b61a0f087811298c7af049af98c7a3de5bc48bb27c26b2adaf1115eeec8"
timestamp=2026-06-01T14:44:27.821Z level=INFO fiber=#0 message="🔹 No transactions were found in MempoolDB, checking ProcessedMempoolDB..."
timestamp=2026-06-01T14:44:27.822Z level=INFO fiber=#0 message="🔹 Previous submitted block is now confirmed, deserializing..."
timestamp=2026-06-01T14:44:27.824Z level=INFO fiber=#0 message="🔹 Checking for user events... (no tx requests in queue)"
timestamp=2026-06-01T14:44:27.824Z level=INFO fiber=#0 message="🔹 Nothing to commit."
timestamp=2026-06-01T14:44:27.835Z level=INFO fiber=#29 message="👷 Block commitment work completed ({\"type\":\"NothingToCommitOutput\"})."
[14:44:28.402] INFO (#193): 🔍 New block confirmation process started.
timestamp=2026-06-01T14:44:28.402Z level=INFO fiber=#1421 message="🔍 Starting block confirmation worker..."
[14:44:28.840] INFO (#192): 🔹 New block commitment process started.
[14:44:28.845] INFO (#192): Acquired state-queue mutation lease token=block_commitment:44399ad9-9f7f-4322-9385-ebc0a68018e9,holder=block_commitment,expires_at=2026-06-01T14:54:28.843Z
[14:44:29.443] INFO (#192): 🔹 Using live state-queue tail commit base 3f0e5516596846e9cb4d547dbdfc20f1c2bed07571e3dbb464f25166a6585b01#0 from snapshot commit_preflight:e88f3cb4f2fd29902feb84944f7430f5bb2ac4d21bebbd742a881f357eeccb32#0:3f0e5516596846e9cb4d547dbdfc20f1c2bed07571e3dbb464f25166a6585b01#0:1780325069443.
timestamp=2026-06-01T14:44:29.443Z level=INFO fiber=#1429 message="👷 Starting block commitment worker..."
timestamp=2026-06-01T14:44:29.785Z level=INFO fiber=#0 message="Initializing Lucid..."
timestamp=2026-06-01T14:44:30.298Z level=INFO fiber=#0 message="Lucid built successfully."
timestamp=2026-06-01T14:44:31.324Z level=INFO fiber=#0 message="Initializing Lucid..."
timestamp=2026-06-01T14:44:31.799Z level=INFO fiber=#0 message="Lucid built successfully."
timestamp=2026-06-01T14:44:31.892Z level=INFO fiber=#0 message="📚 Opening connection to db..."
timestamp=2026-06-01T14:44:32.553Z level=INFO fiber=#0 message="🔐 Contract source selected: state_queue=real, hub_oracle=real, deposit=real, tx_order=real, withdrawal=real, settlement=real, reserve=real, payout=real, registered_operators=real, active_operators=real, retired_operators=real, scheduler=real, fraud_proofs.double_spend=real"
timestamp=2026-06-01T14:44:32.554Z level=INFO fiber=#0 message="🔹 Retrieving all mempool transactions..."
timestamp=2026-06-01T14:44:32.589Z level=INFO fiber=#0 message="🏦 Running commit-time deposit ingestion barrier up to 2026-06-01T14:44:32.589Z."
timestamp=2026-06-01T14:44:33.205Z level=INFO fiber=#0 message="🏦 2 deposit UTxOs found."
timestamp=2026-06-01T14:44:33.219Z level=INFO fiber=#0 message="🏦 Commit-time deposit barrier reconciled 2 deposit UTxO(s); fetch completed at 2026-06-01T14:44:33.219Z and locked the visibility barrier at 2026-06-01T14:44:32.589Z."
timestamp=2026-06-01T14:44:33.220Z level=INFO fiber=#0 message="Running commit-time withdrawal ingestion barrier up to 2026-06-01T14:44:32.589Z."
timestamp=2026-06-01T14:44:33.278Z level=INFO fiber=#0 message="Commit-time withdrawal barrier reconciled 0 withdrawal UTxO(s); fetch completed at 2026-06-01T14:44:33.278Z and locked the visibility barrier at 2026-06-01T14:44:32.589Z."
timestamp=2026-06-01T14:44:33.279Z level=INFO fiber=#0 message="🔹 Going through mempool txs and finding roots..."
timestamp=2026-06-01T14:44:33.292Z level=INFO fiber=#0 message="🔹 New transaction root found: 0e5751c026e543b2e8ab2eb06099daa1d1e5df47778f7787faab45cdf12fe3a8"
timestamp=2026-06-01T14:44:33.292Z level=INFO fiber=#0 message="🔹 New UTxO root found: 0de61b61a0f087811298c7af049af98c7a3de5bc48bb27c26b2adaf1115eeec8"
timestamp=2026-06-01T14:44:33.292Z level=INFO fiber=#0 message="🔹 No transactions were found in MempoolDB, checking ProcessedMempoolDB..."
timestamp=2026-06-01T14:44:33.293Z level=INFO fiber=#0 message="🔹 Previous submitted block is now confirmed, deserializing..."
timestamp=2026-06-01T14:44:33.295Z level=INFO fiber=#0 message="🔹 Checking for user events... (no tx requests in queue)"
timestamp=2026-06-01T14:44:33.296Z level=INFO fiber=#0 message="🔹 Nothing to commit."
timestamp=2026-06-01T14:44:33.307Z level=INFO fiber=#29 message="👷 Block commitment work completed ({\"type\":\"NothingToCommitOutput\"})."
[14:44:34.312] INFO (#192): 🔹 New block commitment process started.
[14:44:34.316] INFO (#192): Acquired state-queue mutation lease token=block_commitment:71aeeffa-e627-413a-9d69-4447a1a5b0ee,holder=block_commitment,expires_at=2026-06-01T14:54:34.314Z
[14:44:34.983] INFO (#192): 🔹 Using live state-queue tail commit base 3f0e5516596846e9cb4d547dbdfc20f1c2bed07571e3dbb464f25166a6585b01#0 from snapshot commit_preflight:e88f3cb4f2fd29902feb84944f7430f5bb2ac4d21bebbd742a881f357eeccb32#0:3f0e5516596846e9cb4d547dbdfc20f1c2bed07571e3dbb464f25166a6585b01#0:1780325074983.
timestamp=2026-06-01T14:44:34.983Z level=INFO fiber=#1437 message="👷 Starting block commitment worker..."
[14:44:35.216] INFO (#198): 🔸 Skipping merge because the state-queue mutation lease is busy (active_holder=block_commitment,active_token=block_commitment:71aeeffa-e627-413a-9d69-4447a1a5b0ee,active_expires_at=2026-06-01T14:54:34.314Z).
timestamp=2026-06-01T14:44:36.468Z level=INFO fiber=#0 message="Initializing Lucid..."
timestamp=2026-06-01T14:44:36.790Z level=INFO fiber=#0 message="Lucid built successfully."
[14:44:36.812] INFO (#194): 🏦 2 deposit UTxOs found.
[14:44:36.822] INFO (#194): 🏦 Reconciled 2 visible deposit UTxO(s) into deposits_utxos.
timestamp=2026-06-01T14:44:36.884Z level=INFO fiber=#0 message="📚 Opening connection to db..."
timestamp=2026-06-01T14:44:37.554Z level=INFO fiber=#0 message="🔐 Contract source selected: state_queue=real, hub_oracle=real, deposit=real, tx_order=real, withdrawal=real, settlement=real, reserve=real, payout=real, registered_operators=real, active_operators=real, retired_operators=real, scheduler=real, fraud_proofs.double_spend=real"
timestamp=2026-06-01T14:44:37.554Z level=INFO fiber=#0 message="🔹 Retrieving all mempool transactions..."
timestamp=2026-06-01T14:44:37.583Z level=INFO fiber=#0 message="🏦 Running commit-time deposit ingestion barrier up to 2026-06-01T14:44:37.582Z."
timestamp=2026-06-01T14:44:38.213Z level=INFO fiber=#0 message="🏦 2 deposit UTxOs found."
timestamp=2026-06-01T14:44:38.228Z level=INFO fiber=#0 message="🏦 Commit-time deposit barrier reconciled 2 deposit UTxO(s); fetch completed at 2026-06-01T14:44:38.228Z and locked the visibility barrier at 2026-06-01T14:44:37.582Z."
timestamp=2026-06-01T14:44:38.228Z level=INFO fiber=#0 message="Running commit-time withdrawal ingestion barrier up to 2026-06-01T14:44:37.582Z."
timestamp=2026-06-01T14:44:38.284Z level=INFO fiber=#0 message="Commit-time withdrawal barrier reconciled 0 withdrawal UTxO(s); fetch completed at 2026-06-01T14:44:38.284Z and locked the visibility barrier at 2026-06-01T14:44:37.582Z."
timestamp=2026-06-01T14:44:38.285Z level=INFO fiber=#0 message="🔹 Going through mempool txs and finding roots..."
timestamp=2026-06-01T14:44:38.298Z level=INFO fiber=#0 message="🔹 New transaction root found: 0e5751c026e543b2e8ab2eb06099daa1d1e5df47778f7787faab45cdf12fe3a8"
timestamp=2026-06-01T14:44:38.299Z level=INFO fiber=#0 message="🔹 New UTxO root found: 0de61b61a0f087811298c7af049af98c7a3de5bc48bb27c26b2adaf1115eeec8"
timestamp=2026-06-01T14:44:38.299Z level=INFO fiber=#0 message="🔹 No transactions were found in MempoolDB, checking ProcessedMempoolDB..."
timestamp=2026-06-01T14:44:38.300Z level=INFO fiber=#0 message="🔹 Previous submitted block is now confirmed, deserializing..."
timestamp=2026-06-01T14:44:38.302Z level=INFO fiber=#0 message="🔹 Checking for user events... (no tx requests in queue)"
timestamp=2026-06-01T14:44:38.302Z level=INFO fiber=#0 message="🔹 Nothing to commit."
timestamp=2026-06-01T14:44:38.313Z level=INFO fiber=#29 message="👷 Block commitment work completed ({\"type\":\"NothingToCommitOutput\"})."
[14:44:39.320] INFO (#192): 🔹 New block commitment process started.
[14:44:39.330] INFO (#192): Acquired state-queue mutation lease token=block_commitment:7c9a550d-8247-492a-a45c-6d5acfc47cd0,holder=block_commitment,expires_at=2026-06-01T14:54:39.322Z
[14:44:39.944] INFO (#192): 🔹 Using live state-queue tail commit base 3f0e5516596846e9cb4d547dbdfc20f1c2bed07571e3dbb464f25166a6585b01#0 from snapshot commit_preflight:e88f3cb4f2fd29902feb84944f7430f5bb2ac4d21bebbd742a881f357eeccb32#0:3f0e5516596846e9cb4d547dbdfc20f1c2bed07571e3dbb464f25166a6585b01#0:1780325079944.
timestamp=2026-06-01T14:44:39.944Z level=INFO fiber=#1450 message="👷 Starting block commitment worker..."
[14:44:41.143] INFO (#193): 🔍 New block confirmation process started.
timestamp=2026-06-01T14:44:41.143Z level=INFO fiber=#1451 message="🔍 Starting block confirmation worker..."
timestamp=2026-06-01T14:44:41.523Z level=INFO fiber=#0 message="Initializing Lucid..."
timestamp=2026-06-01T14:44:41.798Z level=INFO fiber=#0 message="Lucid built successfully."
timestamp=2026-06-01T14:44:41.912Z level=INFO fiber=#0 message="📚 Opening connection to db..."
timestamp=2026-06-01T14:44:42.698Z level=INFO fiber=#0 message="Initializing Lucid..."
timestamp=2026-06-01T14:44:42.705Z level=INFO fiber=#0 message="🔐 Contract source selected: state_queue=real, hub_oracle=real, deposit=real, tx_order=real, withdrawal=real, settlement=real, reserve=real, payout=real, registered_operators=real, active_operators=real, retired_operators=real, scheduler=real, fraud_proofs.double_spend=real"
timestamp=2026-06-01T14:44:42.706Z level=INFO fiber=#0 message="🔹 Retrieving all mempool transactions..."
timestamp=2026-06-01T14:44:42.738Z level=INFO fiber=#0 message="🏦 Running commit-time deposit ingestion barrier up to 2026-06-01T14:44:42.738Z."
timestamp=2026-06-01T14:44:43.016Z level=INFO fiber=#0 message="Lucid built successfully."
timestamp=2026-06-01T14:44:43.343Z level=INFO fiber=#0 message="🏦 2 deposit UTxOs found."
timestamp=2026-06-01T14:44:43.359Z level=INFO fiber=#0 message="🏦 Commit-time deposit barrier reconciled 2 deposit UTxO(s); fetch completed at 2026-06-01T14:44:43.359Z and locked the visibility barrier at 2026-06-01T14:44:42.738Z."
timestamp=2026-06-01T14:44:43.359Z level=INFO fiber=#0 message="Running commit-time withdrawal ingestion barrier up to 2026-06-01T14:44:42.738Z."
timestamp=2026-06-01T14:44:43.415Z level=INFO fiber=#0 message="Commit-time withdrawal barrier reconciled 0 withdrawal UTxO(s); fetch completed at 2026-06-01T14:44:43.414Z and locked the visibility barrier at 2026-06-01T14:44:42.738Z."
timestamp=2026-06-01T14:44:43.416Z level=INFO fiber=#0 message="🔹 Going through mempool txs and finding roots..."
timestamp=2026-06-01T14:44:43.429Z level=INFO fiber=#0 message="🔹 New transaction root found: 0e5751c026e543b2e8ab2eb06099daa1d1e5df47778f7787faab45cdf12fe3a8"
timestamp=2026-06-01T14:44:43.429Z level=INFO fiber=#0 message="🔹 New UTxO root found: 0de61b61a0f087811298c7af049af98c7a3de5bc48bb27c26b2adaf1115eeec8"
timestamp=2026-06-01T14:44:43.429Z level=INFO fiber=#0 message="🔹 No transactions were found in MempoolDB, checking ProcessedMempoolDB..."
timestamp=2026-06-01T14:44:43.431Z level=INFO fiber=#0 message="🔹 Previous submitted block is now confirmed, deserializing..."
timestamp=2026-06-01T14:44:43.433Z level=INFO fiber=#0 message="🔹 Checking for user events... (no tx requests in queue)"
timestamp=2026-06-01T14:44:43.434Z level=INFO fiber=#0 message="🔹 Nothing to commit."
timestamp=2026-06-01T14:44:43.447Z level=INFO fiber=#29 message="👷 Block commitment work completed ({\"type\":\"NothingToCommitOutput\"})."
[14:44:44.453] INFO (#192): 🔹 New block commitment process started.
[14:44:44.463] INFO (#192): Acquired state-queue mutation lease token=block_commitment:4db3ce07-b809-4270-86a5-6e5601453f1c,holder=block_commitment,expires_at=2026-06-01T14:54:44.455Z
[14:44:45.146] INFO (#192): 🔹 Using live state-queue tail commit base 3f0e5516596846e9cb4d547dbdfc20f1c2bed07571e3dbb464f25166a6585b01#0 from snapshot commit_preflight:e88f3cb4f2fd29902feb84944f7430f5bb2ac4d21bebbd742a881f357eeccb32#0:3f0e5516596846e9cb4d547dbdfc20f1c2bed07571e3dbb464f25166a6585b01#0:1780325085146.
timestamp=2026-06-01T14:44:45.146Z level=INFO fiber=#1459 message="👷 Starting block commitment worker..."
[14:44:45.221] INFO (#198): 🔸 Skipping merge because the state-queue mutation lease is busy (active_holder=block_commitment,active_token=block_commitment:4db3ce07-b809-4270-86a5-6e5601453f1c,active_expires_at=2026-06-01T14:54:44.455Z).
timestamp=2026-06-01T14:44:46.668Z level=INFO fiber=#0 message="Initializing Lucid..."
timestamp=2026-06-01T14:44:46.953Z level=INFO fiber=#0 message="Lucid built successfully."
timestamp=2026-06-01T14:44:47.046Z level=INFO fiber=#0 message="📚 Opening connection to db..."
[14:44:47.428] INFO (#194): 🏦 2 deposit UTxOs found.
[14:44:47.438] INFO (#194): 🏦 Reconciled 2 visible deposit UTxO(s) into deposits_utxos.
timestamp=2026-06-01T14:44:47.722Z level=INFO fiber=#0 message="🔐 Contract source selected: state_queue=real, hub_oracle=real, deposit=real, tx_order=real, withdrawal=real, settlement=real, reserve=real, payout=real, registered_operators=real, active_operators=real, retired_operators=real, scheduler=real, fraud_proofs.double_spend=real"
timestamp=2026-06-01T14:44:47.723Z level=INFO fiber=#0 message="🔹 Retrieving all mempool transactions..."
timestamp=2026-06-01T14:44:47.762Z level=INFO fiber=#0 message="🏦 Running commit-time deposit ingestion barrier up to 2026-06-01T14:44:47.762Z."
timestamp=2026-06-01T14:44:48.379Z level=INFO fiber=#0 message="🏦 2 deposit UTxOs found."
timestamp=2026-06-01T14:44:48.395Z level=INFO fiber=#0 message="🏦 Commit-time deposit barrier reconciled 2 deposit UTxO(s); fetch completed at 2026-06-01T14:44:48.395Z and locked the visibility barrier at 2026-06-01T14:44:47.762Z."
timestamp=2026-06-01T14:44:48.396Z level=INFO fiber=#0 message="Running commit-time withdrawal ingestion barrier up to 2026-06-01T14:44:47.762Z."
timestamp=2026-06-01T14:44:48.452Z level=INFO fiber=#0 message="Commit-time withdrawal barrier reconciled 0 withdrawal UTxO(s); fetch completed at 2026-06-01T14:44:48.452Z and locked the visibility barrier at 2026-06-01T14:44:47.762Z."
timestamp=2026-06-01T14:44:48.453Z level=INFO fiber=#0 message="🔹 Going through mempool txs and finding roots..."
timestamp=2026-06-01T14:44:48.467Z level=INFO fiber=#0 message="🔹 New transaction root found: 0e5751c026e543b2e8ab2eb06099daa1d1e5df47778f7787faab45cdf12fe3a8"
timestamp=2026-06-01T14:44:48.467Z level=INFO fiber=#0 message="🔹 New UTxO root found: 0de61b61a0f087811298c7af049af98c7a3de5bc48bb27c26b2adaf1115eeec8"
timestamp=2026-06-01T14:44:48.467Z level=INFO fiber=#0 message="🔹 No transactions were found in MempoolDB, checking ProcessedMempoolDB..."
timestamp=2026-06-01T14:44:48.468Z level=INFO fiber=#0 message="🔹 Previous submitted block is now confirmed, deserializing..."
timestamp=2026-06-01T14:44:48.470Z level=INFO fiber=#0 message="🔹 Checking for user events... (no tx requests in queue)"
timestamp=2026-06-01T14:44:48.471Z level=INFO fiber=#0 message="🔹 Nothing to commit."
timestamp=2026-06-01T14:44:48.483Z level=INFO fiber=#29 message="👷 Block commitment work completed ({\"type\":\"NothingToCommitOutput\"})."
[14:44:49.489] INFO (#192): 🔹 New block commitment process started.
[14:44:49.501] INFO (#192): Acquired state-queue mutation lease token=block_commitment:012b26e3-fe30-4739-9494-893ca47db549,holder=block_commitment,expires_at=2026-06-01T14:54:49.491Z
[14:44:50.118] INFO (#192): 🔹 Using live state-queue tail commit base 3f0e5516596846e9cb4d547dbdfc20f1c2bed07571e3dbb464f25166a6585b01#0 from snapshot commit_preflight:e88f3cb4f2fd29902feb84944f7430f5bb2ac4d21bebbd742a881f357eeccb32#0:3f0e5516596846e9cb4d547dbdfc20f1c2bed07571e3dbb464f25166a6585b01#0:1780325090118.
timestamp=2026-06-01T14:44:50.118Z level=INFO fiber=#1472 message="👷 Starting block commitment worker..."
timestamp=2026-06-01T14:44:51.593Z level=INFO fiber=#0 message="Initializing Lucid..."
timestamp=2026-06-01T14:44:51.897Z level=INFO fiber=#0 message="Lucid built successfully."
timestamp=2026-06-01T14:44:51.990Z level=INFO fiber=#0 message="📚 Opening connection to db..."
timestamp=2026-06-01T14:44:52.654Z level=INFO fiber=#0 message="🔐 Contract source selected: state_queue=real, hub_oracle=real, deposit=real, tx_order=real, withdrawal=real, settlement=real, reserve=real, payout=real, registered_operators=real, active_operators=real, retired_operators=real, scheduler=real, fraud_proofs.double_spend=real"
timestamp=2026-06-01T14:44:52.655Z level=INFO fiber=#0 message="🔹 Retrieving all mempool transactions..."
timestamp=2026-06-01T14:44:52.693Z level=INFO fiber=#0 message="🏦 Running commit-time deposit ingestion barrier up to 2026-06-01T14:44:52.693Z."
timestamp=2026-06-01T14:44:53.318Z level=INFO fiber=#0 message="🏦 2 deposit UTxOs found."
timestamp=2026-06-01T14:44:53.333Z level=INFO fiber=#0 message="🏦 Commit-time deposit barrier reconciled 2 deposit UTxO(s); fetch completed at 2026-06-01T14:44:53.333Z and locked the visibility barrier at 2026-06-01T14:44:52.693Z."
timestamp=2026-06-01T14:44:53.333Z level=INFO fiber=#0 message="Running commit-time withdrawal ingestion barrier up to 2026-06-01T14:44:52.693Z."
timestamp=2026-06-01T14:44:53.394Z level=INFO fiber=#0 message="Commit-time withdrawal barrier reconciled 0 withdrawal UTxO(s); fetch completed at 2026-06-01T14:44:53.394Z and locked the visibility barrier at 2026-06-01T14:44:52.693Z."
timestamp=2026-06-01T14:44:53.395Z level=INFO fiber=#0 message="🔹 Going through mempool txs and finding roots..."
timestamp=2026-06-01T14:44:53.408Z level=INFO fiber=#0 message="🔹 New transaction root found: 0e5751c026e543b2e8ab2eb06099daa1d1e5df47778f7787faab45cdf12fe3a8"
timestamp=2026-06-01T14:44:53.408Z level=INFO fiber=#0 message="🔹 New UTxO root found: 0de61b61a0f087811298c7af049af98c7a3de5bc48bb27c26b2adaf1115eeec8"
timestamp=2026-06-01T14:44:53.408Z level=INFO fiber=#0 message="🔹 No transactions were found in MempoolDB, checking ProcessedMempoolDB..."
timestamp=2026-06-01T14:44:53.409Z level=INFO fiber=#0 message="🔹 Previous submitted block is now confirmed, deserializing..."
timestamp=2026-06-01T14:44:53.412Z level=INFO fiber=#0 message="🔹 Checking for user events... (no tx requests in queue)"
timestamp=2026-06-01T14:44:53.412Z level=INFO fiber=#0 message="🔹 Nothing to commit."
timestamp=2026-06-01T14:44:53.425Z level=INFO fiber=#29 message="👷 Block commitment work completed ({\"type\":\"NothingToCommitOutput\"})."
[14:44:53.698] INFO (#193): 🔍 New block confirmation process started.
timestamp=2026-06-01T14:44:53.698Z level=INFO fiber=#1473 message="🔍 Starting block confirmation worker..."
[14:44:54.430] INFO (#192): 🔹 New block commitment process started.
[14:44:54.433] INFO (#192): Acquired state-queue mutation lease token=block_commitment:93edf786-801d-4b5b-8127-38eb8a872ff7,holder=block_commitment,expires_at=2026-06-01T14:54:54.431Z
timestamp=2026-06-01T14:44:54.948Z level=INFO fiber=#0 message="Initializing Lucid..."
[14:44:55.099] INFO (#192): 🔹 Using live state-queue tail commit base 3f0e5516596846e9cb4d547dbdfc20f1c2bed07571e3dbb464f25166a6585b01#0 from snapshot commit_preflight:e88f3cb4f2fd29902feb84944f7430f5bb2ac4d21bebbd742a881f357eeccb32#0:3f0e5516596846e9cb4d547dbdfc20f1c2bed07571e3dbb464f25166a6585b01#0:1780325095099.
timestamp=2026-06-01T14:44:55.099Z level=INFO fiber=#1481 message="👷 Starting block commitment worker..."
[14:44:55.224] INFO (#198): 🔸 Skipping merge because the state-queue mutation lease is busy (active_holder=block_commitment,active_token=block_commitment:93edf786-801d-4b5b-8127-38eb8a872ff7,active_expires_at=2026-06-01T14:54:54.431Z).
timestamp=2026-06-01T14:44:55.265Z level=INFO fiber=#0 message="Lucid built successfully."
timestamp=2026-06-01T14:44:56.736Z level=INFO fiber=#0 message="Initializing Lucid..."
timestamp=2026-06-01T14:44:57.017Z level=INFO fiber=#0 message="Lucid built successfully."
timestamp=2026-06-01T14:44:57.109Z level=INFO fiber=#0 message="📚 Opening connection to db..."
timestamp=2026-06-01T14:44:57.764Z level=INFO fiber=#0 message="🔐 Contract source selected: state_queue=real, hub_oracle=real, deposit=real, tx_order=real, withdrawal=real, settlement=real, reserve=real, payout=real, registered_operators=real, active_operators=real, retired_operators=real, scheduler=real, fraud_proofs.double_spend=real"
timestamp=2026-06-01T14:44:57.764Z level=INFO fiber=#0 message="🔹 Retrieving all mempool transactions..."
timestamp=2026-06-01T14:44:57.798Z level=INFO fiber=#0 message="🏦 Running commit-time deposit ingestion barrier up to 2026-06-01T14:44:57.798Z."
[14:44:58.058] INFO (#194): 🏦 2 deposit UTxOs found.
[14:44:58.062] INFO (#194): 🏦 Reconciled 2 visible deposit UTxO(s) into deposits_utxos.
timestamp=2026-06-01T14:44:58.413Z level=INFO fiber=#0 message="🏦 2 deposit UTxOs found."
timestamp=2026-06-01T14:44:58.428Z level=INFO fiber=#0 message="🏦 Commit-time deposit barrier reconciled 2 deposit UTxO(s); fetch completed at 2026-06-01T14:44:58.428Z and locked the visibility barrier at 2026-06-01T14:44:57.798Z."
timestamp=2026-06-01T14:44:58.429Z level=INFO fiber=#0 message="Running commit-time withdrawal ingestion barrier up to 2026-06-01T14:44:57.798Z."
timestamp=2026-06-01T14:44:58.484Z level=INFO fiber=#0 message="Commit-time withdrawal barrier reconciled 0 withdrawal UTxO(s); fetch completed at 2026-06-01T14:44:58.484Z and locked the visibility barrier at 2026-06-01T14:44:57.798Z."
timestamp=2026-06-01T14:44:58.485Z level=INFO fiber=#0 message="🔹 Going through mempool txs and finding roots..."
timestamp=2026-06-01T14:44:58.497Z level=INFO fiber=#0 message="🔹 New transaction root found: 0e5751c026e543b2e8ab2eb06099daa1d1e5df47778f7787faab45cdf12fe3a8"
timestamp=2026-06-01T14:44:58.497Z level=INFO fiber=#0 message="🔹 New UTxO root found: 0de61b61a0f087811298c7af049af98c7a3de5bc48bb27c26b2adaf1115eeec8"
timestamp=2026-06-01T14:44:58.497Z level=INFO fiber=#0 message="🔹 No transactions were found in MempoolDB, checking ProcessedMempoolDB..."
timestamp=2026-06-01T14:44:58.499Z level=INFO fiber=#0 message="🔹 Previous submitted block is now confirmed, deserializing..."
timestamp=2026-06-01T14:44:58.500Z level=INFO fiber=#0 message="🔹 Checking for user events... (no tx requests in queue)"
timestamp=2026-06-01T14:44:58.501Z level=INFO fiber=#0 message="🔹 Nothing to commit."
timestamp=2026-06-01T14:44:58.511Z level=INFO fiber=#29 message="👷 Block commitment work completed ({\"type\":\"NothingToCommitOutput\"})."
[14:44:59.515] INFO (#192): 🔹 New block commitment process started.
[14:44:59.526] INFO (#192): Acquired state-queue mutation lease token=block_commitment:d4384d32-eb4b-49b4-ab2f-c40bb7ca17b7,holder=block_commitment,expires_at=2026-06-01T14:54:59.517Z
[14:45:00.144] INFO (#192): 🔹 Using live state-queue tail commit base 3f0e5516596846e9cb4d547dbdfc20f1c2bed07571e3dbb464f25166a6585b01#0 from snapshot commit_preflight:e88f3cb4f2fd29902feb84944f7430f5bb2ac4d21bebbd742a881f357eeccb32#0:3f0e5516596846e9cb4d547dbdfc20f1c2bed07571e3dbb464f25166a6585b01#0:1780325100143.
timestamp=2026-06-01T14:45:00.144Z level=INFO fiber=#1494 message="👷 Starting block commitment worker..."
timestamp=2026-06-01T14:45:01.639Z level=INFO fiber=#0 message="Initializing Lucid..."
timestamp=2026-06-01T14:45:01.950Z level=INFO fiber=#0 message="Lucid built successfully."
timestamp=2026-06-01T14:45:02.044Z level=INFO fiber=#0 message="📚 Opening connection to db..."
timestamp=2026-06-01T14:45:02.719Z level=INFO fiber=#0 message="🔐 Contract source selected: state_queue=real, hub_oracle=real, deposit=real, tx_order=real, withdrawal=real, settlement=real, reserve=real, payout=real, registered_operators=real, active_operators=real, retired_operators=real, scheduler=real, fraud_proofs.double_spend=real"
timestamp=2026-06-01T14:45:02.720Z level=INFO fiber=#0 message="🔹 Retrieving all mempool transactions..."
timestamp=2026-06-01T14:45:02.756Z level=INFO fiber=#0 message="🏦 Running commit-time deposit ingestion barrier up to 2026-06-01T14:45:02.756Z."
timestamp=2026-06-01T14:45:03.380Z level=INFO fiber=#0 message="🏦 2 deposit UTxOs found."
timestamp=2026-06-01T14:45:03.395Z level=INFO fiber=#0 message="🏦 Commit-time deposit barrier reconciled 2 deposit UTxO(s); fetch completed at 2026-06-01T14:45:03.395Z and locked the visibility barrier at 2026-06-01T14:45:02.756Z."
timestamp=2026-06-01T14:45:03.395Z level=INFO fiber=#0 message="Running commit-time withdrawal ingestion barrier up to 2026-06-01T14:45:02.756Z."
timestamp=2026-06-01T14:45:03.449Z level=INFO fiber=#0 message="Commit-time withdrawal barrier reconciled 0 withdrawal UTxO(s); fetch completed at 2026-06-01T14:45:03.448Z and locked the visibility barrier at 2026-06-01T14:45:02.756Z."
timestamp=2026-06-01T14:45:03.450Z level=INFO fiber=#0 message="🔹 Going through mempool txs and finding roots..."
timestamp=2026-06-01T14:45:03.463Z level=INFO fiber=#0 message="🔹 New transaction root found: 0e5751c026e543b2e8ab2eb06099daa1d1e5df47778f7787faab45cdf12fe3a8"
timestamp=2026-06-01T14:45:03.463Z level=INFO fiber=#0 message="🔹 New UTxO root found: 0de61b61a0f087811298c7af049af98c7a3de5bc48bb27c26b2adaf1115eeec8"
timestamp=2026-06-01T14:45:03.463Z level=INFO fiber=#0 message="🔹 No transactions were found in MempoolDB, checking ProcessedMempoolDB..."
timestamp=2026-06-01T14:45:03.464Z level=INFO fiber=#0 message="🔹 Previous submitted block is now confirmed, deserializing..."
timestamp=2026-06-01T14:45:03.467Z level=INFO fiber=#0 message="🔹 Checking for user events... (no tx requests in queue)"
timestamp=2026-06-01T14:45:03.467Z level=INFO fiber=#0 message="🔹 Nothing to commit."
timestamp=2026-06-01T14:45:03.479Z level=INFO fiber=#29 message="👷 Block commitment work completed ({\"type\":\"NothingToCommitOutput\"})."
[14:45:04.485] INFO (#192): 🔹 New block commitment process started.
[14:45:04.495] INFO (#192): Acquired state-queue mutation lease token=block_commitment:9c68d5ea-b526-4349-ad25-da6f6163f275,holder=block_commitment,expires_at=2026-06-01T14:55:04.487Z
[14:45:05.160] INFO (#192): 🔹 Using live state-queue tail commit base 3f0e5516596846e9cb4d547dbdfc20f1c2bed07571e3dbb464f25166a6585b01#0 from snapshot commit_preflight:e88f3cb4f2fd29902feb84944f7430f5bb2ac4d21bebbd742a881f357eeccb32#0:3f0e5516596846e9cb4d547dbdfc20f1c2bed07571e3dbb464f25166a6585b01#0:1780325105160.
timestamp=2026-06-01T14:45:05.161Z level=INFO fiber=#1502 message="👷 Starting block commitment worker..."
[14:45:05.227] INFO (#198): 🔸 Skipping merge because the state-queue mutation lease is busy (active_holder=block_commitment,active_token=block_commitment:9c68d5ea-b526-4349-ad25-da6f6163f275,active_expires_at=2026-06-01T14:55:04.487Z).
[14:45:06.038] INFO (#193): 🔍 New block confirmation process started.
timestamp=2026-06-01T14:45:06.039Z level=INFO fiber=#1507 message="🔍 Starting block confirmation worker..."
timestamp=2026-06-01T14:45:06.954Z level=INFO fiber=#0 message="Initializing Lucid..."
timestamp=2026-06-01T14:45:07.334Z level=INFO fiber=#0 message="Lucid built successfully."
timestamp=2026-06-01T14:45:07.456Z level=INFO fiber=#0 message="📚 Opening connection to db..."
timestamp=2026-06-01T14:45:07.981Z level=INFO fiber=#0 message="Initializing Lucid..."
timestamp=2026-06-01T14:45:08.312Z level=INFO fiber=#0 message="🔐 Contract source selected: state_queue=real, hub_oracle=real, deposit=real, tx_order=real, withdrawal=real, settlement=real, reserve=real, payout=real, registered_operators=real, active_operators=real, retired_operators=real, scheduler=real, fraud_proofs.double_spend=real"
timestamp=2026-06-01T14:45:08.313Z level=INFO fiber=#0 message="🔹 Retrieving all mempool transactions..."
timestamp=2026-06-01T14:45:08.336Z level=INFO fiber=#0 message="Lucid built successfully."
timestamp=2026-06-01T14:45:08.352Z level=INFO fiber=#0 message="🏦 Running commit-time deposit ingestion barrier up to 2026-06-01T14:45:08.352Z."
[14:45:08.683] INFO (#194): 🏦 2 deposit UTxOs found.
[14:45:08.689] INFO (#194): 🏦 Reconciled 2 visible deposit UTxO(s) into deposits_utxos.
timestamp=2026-06-01T14:45:08.990Z level=INFO fiber=#0 message="🏦 2 deposit UTxOs found."
timestamp=2026-06-01T14:45:09.002Z level=INFO fiber=#0 message="🏦 Commit-time deposit barrier reconciled 2 deposit UTxO(s); fetch completed at 2026-06-01T14:45:09.002Z and locked the visibility barrier at 2026-06-01T14:45:08.352Z."
timestamp=2026-06-01T14:45:09.003Z level=INFO fiber=#0 message="Running commit-time withdrawal ingestion barrier up to 2026-06-01T14:45:08.352Z."
timestamp=2026-06-01T14:45:09.102Z level=INFO fiber=#0 message="Commit-time withdrawal barrier reconciled 0 withdrawal UTxO(s); fetch completed at 2026-06-01T14:45:09.102Z and locked the visibility barrier at 2026-06-01T14:45:08.352Z."
timestamp=2026-06-01T14:45:09.105Z level=INFO fiber=#0 message="🔹 Going through mempool txs and finding roots..."
timestamp=2026-06-01T14:45:09.122Z level=INFO fiber=#0 message="🔹 New transaction root found: 0e5751c026e543b2e8ab2eb06099daa1d1e5df47778f7787faab45cdf12fe3a8"
timestamp=2026-06-01T14:45:09.123Z level=INFO fiber=#0 message="🔹 New UTxO root found: 0de61b61a0f087811298c7af049af98c7a3de5bc48bb27c26b2adaf1115eeec8"
timestamp=2026-06-01T14:45:09.123Z level=INFO fiber=#0 message="🔹 No transactions were found in MempoolDB, checking ProcessedMempoolDB..."
timestamp=2026-06-01T14:45:09.125Z level=INFO fiber=#0 message="🔹 Previous submitted block is now confirmed, deserializing..."
timestamp=2026-06-01T14:45:09.128Z level=INFO fiber=#0 message="🔹 Checking for user events... (no tx requests in queue)"
timestamp=2026-06-01T14:45:09.129Z level=INFO fiber=#0 message="🔹 Nothing to commit."
timestamp=2026-06-01T14:45:09.159Z level=INFO fiber=#29 message="👷 Block commitment work completed ({\"type\":\"NothingToCommitOutput\"})."
[14:45:10.164] INFO (#192): 🔹 New block commitment process started.
[14:45:10.167] INFO (#192): Acquired state-queue mutation lease token=block_commitment:8a237270-9877-4ed3-9594-668aacae59ed,holder=block_commitment,expires_at=2026-06-01T14:55:10.166Z
[14:45:10.789] INFO (#192): 🔹 Using live state-queue tail commit base 3f0e5516596846e9cb4d547dbdfc20f1c2bed07571e3dbb464f25166a6585b01#0 from snapshot commit_preflight:e88f3cb4f2fd29902feb84944f7430f5bb2ac4d21bebbd742a881f357eeccb32#0:3f0e5516596846e9cb4d547dbdfc20f1c2bed07571e3dbb464f25166a6585b01#0:1780325110789.
timestamp=2026-06-01T14:45:10.790Z level=INFO fiber=#1516 message="👷 Starting block commitment worker..."
timestamp=2026-06-01T14:45:12.455Z level=INFO fiber=#0 message="Initializing Lucid..."
timestamp=2026-06-01T14:45:12.732Z level=INFO fiber=#0 message="Lucid built successfully."
timestamp=2026-06-01T14:45:12.827Z level=INFO fiber=#0 message="📚 Opening connection to db..."
timestamp=2026-06-01T14:45:13.691Z level=INFO fiber=#0 message="🔐 Contract source selected: state_queue=real, hub_oracle=real, deposit=real, tx_order=real, withdrawal=real, settlement=real, reserve=real, payout=real, registered_operators=real, active_operators=real, retired_operators=real, scheduler=real, fraud_proofs.double_spend=real"
timestamp=2026-06-01T14:45:13.692Z level=INFO fiber=#0 message="🔹 Retrieving all mempool transactions..."
timestamp=2026-06-01T14:45:13.735Z level=INFO fiber=#0 message="🏦 Running commit-time deposit ingestion barrier up to 2026-06-01T14:45:13.735Z."
timestamp=2026-06-01T14:45:14.357Z level=INFO fiber=#0 message="🏦 2 deposit UTxOs found."
timestamp=2026-06-01T14:45:14.372Z level=INFO fiber=#0 message="🏦 Commit-time deposit barrier reconciled 2 deposit UTxO(s); fetch completed at 2026-06-01T14:45:14.372Z and locked the visibility barrier at 2026-06-01T14:45:13.735Z."
timestamp=2026-06-01T14:45:14.373Z level=INFO fiber=#0 message="Running commit-time withdrawal ingestion barrier up to 2026-06-01T14:45:13.735Z."
timestamp=2026-06-01T14:45:14.433Z level=INFO fiber=#0 message="Commit-time withdrawal barrier reconciled 0 withdrawal UTxO(s); fetch completed at 2026-06-01T14:45:14.433Z and locked the visibility barrier at 2026-06-01T14:45:13.735Z."
timestamp=2026-06-01T14:45:14.434Z level=INFO fiber=#0 message="🔹 Going through mempool txs and finding roots..."
timestamp=2026-06-01T14:45:14.447Z level=INFO fiber=#0 message="🔹 New transaction root found: 0e5751c026e543b2e8ab2eb06099daa1d1e5df47778f7787faab45cdf12fe3a8"
timestamp=2026-06-01T14:45:14.448Z level=INFO fiber=#0 message="🔹 New UTxO root found: 0de61b61a0f087811298c7af049af98c7a3de5bc48bb27c26b2adaf1115eeec8"
timestamp=2026-06-01T14:45:14.448Z level=INFO fiber=#0 message="🔹 No transactions were found in MempoolDB, checking ProcessedMempoolDB..."
timestamp=2026-06-01T14:45:14.449Z level=INFO fiber=#0 message="🔹 Previous submitted block is now confirmed, deserializing..."
timestamp=2026-06-01T14:45:14.451Z level=INFO fiber=#0 message="🔹 Checking for user events... (no tx requests in queue)"
timestamp=2026-06-01T14:45:14.452Z level=INFO fiber=#0 message="🔹 Nothing to commit."
timestamp=2026-06-01T14:45:14.463Z level=INFO fiber=#29 message="👷 Block commitment work completed ({\"type\":\"NothingToCommitOutput\"})."
[14:45:15.231] INFO (#198): Acquired state-queue mutation lease token=state_queue_merge:7cb1934b-7a18-40b9-afdb-6bbfa3e700bc,holder=state_queue_merge,expires_at=2026-06-01T14:55:15.228Z
[14:45:15.468] INFO (#192): 🔹 New block commitment process started.
[14:45:15.474] INFO (#192): 🔹 Skipping block commitment trigger because the state-queue mutation lease is busy (active_holder=state_queue_merge,active_token=state_queue_merge:7cb1934b-7a18-40b9-afdb-6bbfa3e700bc,active_expires_at=2026-06-01T14:55:15.228Z).
[14:45:15.945] INFO (#198): 🔸 Merging of oldest block started.
[14:45:15.945] INFO (#198): 🔸 Fetching confirmed state and the first block in queue from L1...
[14:45:16.475] INFO (#192): 🔹 New block commitment process started.
[14:45:16.478] INFO (#192): 🔹 Skipping block commitment trigger because the state-queue mutation lease is busy (active_holder=state_queue_merge,active_token=state_queue_merge:7cb1934b-7a18-40b9-afdb-6bbfa3e700bc,active_expires_at=2026-06-01T14:55:15.228Z).
[14:45:16.588] INFO (#198): 🔸 First block found: 3f0e5516596846e9cb4d547dbdfc20f1c2bed07571e3dbb464f25166a6585b01#1
[14:45:16.588] INFO (#198): 🔸 Looking up its transactions from BlocksDB...
[14:45:16.597] INFO (#198): 🔸 Preflight decoded 1 block tx(s) successfully (header=36307326981e1ca0f144d4508bd872fe5edb54b2dea52b798e1aba9b).
[14:45:16.597] INFO (#198): 🔸 Building merge transaction...
[14:45:16.598] INFO (#198): 🔸 Merge policies: state_queue=e620639d5f8fbbdd1632c8ccc908015ba369edfa63e640512e948bfc,settlement=9b1c43ebcba3112a8d454e93055c62d33fa2d61ac066f8debf1086eb,state_queue_script_has_settlement_param=true
[14:45:17.479] INFO (#192): 🔹 New block commitment process started.
[14:45:17.484] INFO (#192): 🔹 Skipping block commitment trigger because the state-queue mutation lease is busy (active_holder=state_queue_merge,active_token=state_queue_merge:7cb1934b-7a18-40b9-afdb-6bbfa3e700bc,active_expires_at=2026-06-01T14:55:15.228Z).
[14:45:18.486] INFO (#192): 🔹 New block commitment process started.
[14:45:18.489] INFO (#192): 🔹 Skipping block commitment trigger because the state-queue mutation lease is busy (active_holder=state_queue_merge,active_token=state_queue_merge:7cb1934b-7a18-40b9-afdb-6bbfa3e700bc,active_expires_at=2026-06-01T14:55:15.228Z).
[14:45:19.309] INFO (#194): 🏦 2 deposit UTxOs found.
[14:45:19.313] INFO (#194): 🏦 Reconciled 2 visible deposit UTxO(s) into deposits_utxos.
[14:45:19.358] INFO (#193): 🔍 New block confirmation process started.
timestamp=2026-06-01T14:45:19.358Z level=INFO fiber=#1535 message="🔍 Starting block confirmation worker..."
[14:45:19.489] INFO (#192): 🔹 New block commitment process started.
[14:45:19.493] INFO (#192): 🔹 Skipping block commitment trigger because the state-queue mutation lease is busy (active_holder=state_queue_merge,active_token=state_queue_merge:7cb1934b-7a18-40b9-afdb-6bbfa3e700bc,active_expires_at=2026-06-01T14:55:15.228Z).
[14:45:20.494] INFO (#192): 🔹 New block commitment process started.
[14:45:20.499] INFO (#192): 🔹 Skipping block commitment trigger because the state-queue mutation lease is busy (active_holder=state_queue_merge,active_token=state_queue_merge:7cb1934b-7a18-40b9-afdb-6bbfa3e700bc,active_expires_at=2026-06-01T14:55:15.228Z).
timestamp=2026-06-01T14:45:20.804Z level=INFO fiber=#0 message="Initializing Lucid..."
timestamp=2026-06-01T14:45:21.092Z level=INFO fiber=#0 message="Lucid built successfully."
[14:45:21.500] INFO (#192): 🔹 New block commitment process started.
[14:45:21.504] INFO (#192): 🔹 Skipping block commitment trigger because the state-queue mutation lease is busy (active_holder=state_queue_merge,active_token=state_queue_merge:7cb1934b-7a18-40b9-afdb-6bbfa3e700bc,active_expires_at=2026-06-01T14:55:15.228Z).
[14:45:22.505] INFO (#192): 🔹 New block commitment process started.
[14:45:22.510] INFO (#192): 🔹 Skipping block commitment trigger because the state-queue mutation lease is busy (active_holder=state_queue_merge,active_token=state_queue_merge:7cb1934b-7a18-40b9-afdb-6bbfa3e700bc,active_expires_at=2026-06-01T14:55:15.228Z).
[14:45:23.510] INFO (#192): 🔹 New block commitment process started.
[14:45:23.513] INFO (#192): 🔹 Skipping block commitment trigger because the state-queue mutation lease is busy (active_holder=state_queue_merge,active_token=state_queue_merge:7cb1934b-7a18-40b9-afdb-6bbfa3e700bc,active_expires_at=2026-06-01T14:55:15.228Z).
[14:45:24.515] INFO (#192): 🔹 New block commitment process started.
[14:45:24.519] INFO (#192): 🔹 Skipping block commitment trigger because the state-queue mutation lease is busy (active_holder=state_queue_merge,active_token=state_queue_merge:7cb1934b-7a18-40b9-afdb-6bbfa3e700bc,active_expires_at=2026-06-01T14:55:15.228Z).
[14:45:25.519] INFO (#192): 🔹 New block commitment process started.
[14:45:25.523] INFO (#192): 🔹 Skipping block commitment trigger because the state-queue mutation lease is busy (active_holder=state_queue_merge,active_token=state_queue_merge:7cb1934b-7a18-40b9-afdb-6bbfa3e700bc,active_expires_at=2026-06-01T14:55:15.228Z).
[14:45:26.524] INFO (#192): 🔹 New block commitment process started.
[14:45:26.531] INFO (#192): 🔹 Skipping block commitment trigger because the state-queue mutation lease is busy (active_holder=state_queue_merge,active_token=state_queue_merge:7cb1934b-7a18-40b9-afdb-6bbfa3e700bc,active_expires_at=2026-06-01T14:55:15.228Z).
[14:45:27.531] INFO (#192): 🔹 New block commitment process started.
[14:45:27.534] INFO (#192): 🔹 Skipping block commitment trigger because the state-queue mutation lease is busy (active_holder=state_queue_merge,active_token=state_queue_merge:7cb1934b-7a18-40b9-afdb-6bbfa3e700bc,active_expires_at=2026-06-01T14:55:15.228Z).
[14:45:28.535] INFO (#192): 🔹 New block commitment process started.
[14:45:28.539] INFO (#192): 🔹 Skipping block commitment trigger because the state-queue mutation lease is busy (active_holder=state_queue_merge,active_token=state_queue_merge:7cb1934b-7a18-40b9-afdb-6bbfa3e700bc,active_expires_at=2026-06-01T14:55:15.228Z).
[14:45:29.540] INFO (#192): 🔹 New block commitment process started.
[14:45:29.546] INFO (#192): 🔹 Skipping block commitment trigger because the state-queue mutation lease is busy (active_holder=state_queue_merge,active_token=state_queue_merge:7cb1934b-7a18-40b9-afdb-6bbfa3e700bc,active_expires_at=2026-06-01T14:55:15.228Z).
[14:45:29.972] INFO (#194): 🏦 2 deposit UTxOs found.
[14:45:29.982] INFO (#194): 🏦 Reconciled 2 visible deposit UTxO(s) into deposits_utxos.
[14:45:30.546] INFO (#192): 🔹 New block commitment process started.
[14:45:30.549] INFO (#192): 🔹 Skipping block commitment trigger because the state-queue mutation lease is busy (active_holder=state_queue_merge,active_token=state_queue_merge:7cb1934b-7a18-40b9-afdb-6bbfa3e700bc,active_expires_at=2026-06-01T14:55:15.228Z).
[14:45:31.550] INFO (#192): 🔹 New block commitment process started.
[14:45:31.553] INFO (#192): 🔹 Skipping block commitment trigger because the state-queue mutation lease is busy (active_holder=state_queue_merge,active_token=state_queue_merge:7cb1934b-7a18-40b9-afdb-6bbfa3e700bc,active_expires_at=2026-06-01T14:55:15.228Z).
[14:45:31.930] INFO (#193): 🔍 New block confirmation process started.
timestamp=2026-06-01T14:45:31.931Z level=INFO fiber=#1538 message="🔍 Starting block confirmation worker..."
[14:45:32.554] INFO (#192): 🔹 New block commitment process started.
[14:45:32.557] INFO (#192): 🔹 Skipping block commitment trigger because the state-queue mutation lease is busy (active_holder=state_queue_merge,active_token=state_queue_merge:7cb1934b-7a18-40b9-afdb-6bbfa3e700bc,active_expires_at=2026-06-01T14:55:15.228Z).
timestamp=2026-06-01T14:45:33.243Z level=INFO fiber=#0 message="Initializing Lucid..."
[14:45:33.558] INFO (#192): 🔹 New block commitment process started.
[14:45:33.561] INFO (#192): 🔹 Skipping block commitment trigger because the state-queue mutation lease is busy (active_holder=state_queue_merge,active_token=state_queue_merge:7cb1934b-7a18-40b9-afdb-6bbfa3e700bc,active_expires_at=2026-06-01T14:55:15.228Z).
timestamp=2026-06-01T14:45:33.564Z level=INFO fiber=#0 message="Lucid built successfully."
[14:45:34.562] INFO (#192): 🔹 New block commitment process started.
[14:45:34.566] INFO (#192): 🔹 Skipping block commitment trigger because the state-queue mutation lease is busy (active_holder=state_queue_merge,active_token=state_queue_merge:7cb1934b-7a18-40b9-afdb-6bbfa3e700bc,active_expires_at=2026-06-01T14:55:15.228Z).
[14:45:35.567] INFO (#192): 🔹 New block commitment process started.
[14:45:35.572] INFO (#192): 🔹 Skipping block commitment trigger because the state-queue mutation lease is busy (active_holder=state_queue_merge,active_token=state_queue_merge:7cb1934b-7a18-40b9-afdb-6bbfa3e700bc,active_expires_at=2026-06-01T14:55:15.228Z).
[14:45:36.574] INFO (#192): 🔹 New block commitment process started.
[14:45:36.580] INFO (#192): 🔹 Skipping block commitment trigger because the state-queue mutation lease is busy (active_holder=state_queue_merge,active_token=state_queue_merge:7cb1934b-7a18-40b9-afdb-6bbfa3e700bc,active_expires_at=2026-06-01T14:55:15.228Z).
[14:45:37.580] INFO (#192): 🔹 New block commitment process started.
[14:45:37.584] INFO (#192): 🔹 Skipping block commitment trigger because the state-queue mutation lease is busy (active_holder=state_queue_merge,active_token=state_queue_merge:7cb1934b-7a18-40b9-afdb-6bbfa3e700bc,active_expires_at=2026-06-01T14:55:15.228Z).
[14:45:38.560] INFO (#198): 🔸 Using fee input e88f3cb4f2fd29902feb84944f7430f5bb2ac4d21bebbd742a881f357eeccb32#2 (lovelace=3895418488, known_wallet_utxos=88) for merge tx.
[14:45:38.568] INFO (#198): 🔸 Merge redeemer layout: header_input=0,confirmed_input=1,confirmed_output=0,settlement_output=1,hub_ref_input=0,state_queue_redeemer_index=3,settlement_redeemer_index=2
[14:45:38.584] INFO (#192): 🔹 New block commitment process started.
[14:45:38.588] INFO (#192): 🔹 Skipping block commitment trigger because the state-queue mutation lease is busy (active_holder=state_queue_merge,active_token=state_queue_merge:7cb1934b-7a18-40b9-afdb-6bbfa3e700bc,active_expires_at=2026-06-01T14:55:15.228Z).
[14:45:39.588] INFO (#192): 🔹 New block commitment process started.
[14:45:39.592] INFO (#192): 🔹 Skipping block commitment trigger because the state-queue mutation lease is busy (active_holder=state_queue_merge,active_token=state_queue_merge:7cb1934b-7a18-40b9-afdb-6bbfa3e700bc,active_expires_at=2026-06-01T14:55:15.228Z).
[14:45:40.592] INFO (#192): 🔹 New block commitment process started.
[14:45:40.595] INFO (#192): 🔹 Skipping block commitment trigger because the state-queue mutation lease is busy (active_holder=state_queue_merge,active_token=state_queue_merge:7cb1934b-7a18-40b9-afdb-6bbfa3e700bc,active_expires_at=2026-06-01T14:55:15.228Z).
[14:45:40.610] INFO (#194): 🏦 2 deposit UTxOs found.
[14:45:40.614] INFO (#194): 🏦 Reconciled 2 visible deposit UTxO(s) into deposits_utxos.
[14:45:41.597] INFO (#192): 🔹 New block commitment process started.
[14:45:41.601] INFO (#192): 🔹 Skipping block commitment trigger because the state-queue mutation lease is busy (active_holder=state_queue_merge,active_token=state_queue_merge:7cb1934b-7a18-40b9-afdb-6bbfa3e700bc,active_expires_at=2026-06-01T14:55:15.228Z).
[14:45:42.602] INFO (#192): 🔹 New block commitment process started.
[14:45:42.605] INFO (#192): 🔹 Skipping block commitment trigger because the state-queue mutation lease is busy (active_holder=state_queue_merge,active_token=state_queue_merge:7cb1934b-7a18-40b9-afdb-6bbfa3e700bc,active_expires_at=2026-06-01T14:55:15.228Z).
[14:45:43.606] INFO (#192): 🔹 New block commitment process started.
[14:45:43.610] INFO (#192): 🔹 Skipping block commitment trigger because the state-queue mutation lease is busy (active_holder=state_queue_merge,active_token=state_queue_merge:7cb1934b-7a18-40b9-afdb-6bbfa3e700bc,active_expires_at=2026-06-01T14:55:15.228Z).
[14:45:44.022] INFO (#198): ✍  Signing tx with addr_test1qpv4kgsedun3lmjhs2uv9a92nsemamf2hq8hxqfenuhc4ny2wsdhvujsjxny4f9zj36f0kr4293pv65x8amur7s6kr5srxl22q
[14:45:44.283] INFO (#193): 🔍 New block confirmation process started.
timestamp=2026-06-01T14:45:44.283Z level=INFO fiber=#1547 message="🔍 Starting block confirmation worker..."
[14:45:44.610] INFO (#192): 🔹 New block commitment process started.
[14:45:44.613] INFO (#192): 🔹 Skipping block commitment trigger because the state-queue mutation lease is busy (active_holder=state_queue_merge,active_token=state_queue_merge:7cb1934b-7a18-40b9-afdb-6bbfa3e700bc,active_expires_at=2026-06-01T14:55:15.228Z).
timestamp=2026-06-01T14:45:45.519Z level=INFO fiber=#0 message="Initializing Lucid..."
[14:45:45.614] INFO (#192): 🔹 New block commitment process started.
[14:45:45.618] INFO (#192): 🔹 Skipping block commitment trigger because the state-queue mutation lease is busy (active_holder=state_queue_merge,active_token=state_queue_merge:7cb1934b-7a18-40b9-afdb-6bbfa3e700bc,active_expires_at=2026-06-01T14:55:15.228Z).
timestamp=2026-06-01T14:45:45.811Z level=INFO fiber=#0 message="Lucid built successfully."
[14:45:46.619] INFO (#192): 🔹 New block commitment process started.
[14:45:46.622] INFO (#192): 🔹 Skipping block commitment trigger because the state-queue mutation lease is busy (active_holder=state_queue_merge,active_token=state_queue_merge:7cb1934b-7a18-40b9-afdb-6bbfa3e700bc,active_expires_at=2026-06-01T14:55:15.228Z).
[14:45:47.623] INFO (#192): 🔹 New block commitment process started.
[14:45:47.628] INFO (#192): 🔹 Skipping block commitment trigger because the state-queue mutation lease is busy (active_holder=state_queue_merge,active_token=state_queue_merge:7cb1934b-7a18-40b9-afdb-6bbfa3e700bc,active_expires_at=2026-06-01T14:55:15.228Z).
[14:45:48.628] INFO (#192): 🔹 New block commitment process started.
[14:45:48.632] INFO (#192): 🔹 Skipping block commitment trigger because the state-queue mutation lease is busy (active_holder=state_queue_merge,active_token=state_queue_merge:7cb1934b-7a18-40b9-afdb-6bbfa3e700bc,active_expires_at=2026-06-01T14:55:15.228Z).
[14:45:49.478] INFO (#198): ✍  Signed tx prepared: txHash=29d7029b3fd3d9d025ecbc24fd15197e1a72ca74dbab291f139e1979a997c4c2, cborBytes=1453
[14:45:49.479] INFO (#198): ✉️  Submitting transaction...
[14:45:49.590] INFO (#198): 🚀 Transaction submitted: 29d7029b3fd3d9d025ecbc24fd15197e1a72ca74dbab291f139e1979a997c4c2
[14:45:49.590] INFO (#198): ⏳ Confirming Transaction...
[14:45:49.632] INFO (#192): 🔹 New block commitment process started.
[14:45:49.642] INFO (#192): 🔹 Skipping block commitment trigger because the state-queue mutation lease is busy (active_holder=state_queue_merge,active_token=state_queue_merge:7cb1934b-7a18-40b9-afdb-6bbfa3e700bc,active_expires_at=2026-06-01T14:55:15.228Z).
[14:45:50.642] INFO (#192): 🔹 New block commitment process started.
[14:45:50.646] INFO (#192): 🔹 Skipping block commitment trigger because the state-queue mutation lease is busy (active_holder=state_queue_merge,active_token=state_queue_merge:7cb1934b-7a18-40b9-afdb-6bbfa3e700bc,active_expires_at=2026-06-01T14:55:15.228Z).
[14:45:51.226] INFO (#194): 🏦 2 deposit UTxOs found.
[14:45:51.235] INFO (#194): 🏦 Reconciled 2 visible deposit UTxO(s) into deposits_utxos.
[14:45:51.646] INFO (#192): 🔹 New block commitment process started.
[14:45:51.650] INFO (#192): 🔹 Skipping block commitment trigger because the state-queue mutation lease is busy (active_holder=state_queue_merge,active_token=state_queue_merge:7cb1934b-7a18-40b9-afdb-6bbfa3e700bc,active_expires_at=2026-06-01T14:55:15.228Z).
[14:45:52.651] INFO (#192): 🔹 New block commitment process started.
[14:45:52.655] INFO (#192): 🔹 Skipping block commitment trigger because the state-queue mutation lease is busy (active_holder=state_queue_merge,active_token=state_queue_merge:7cb1934b-7a18-40b9-afdb-6bbfa3e700bc,active_expires_at=2026-06-01T14:55:15.228Z).
[14:45:53.656] INFO (#192): 🔹 New block commitment process started.
[14:45:53.659] INFO (#192): 🔹 Skipping block commitment trigger because the state-queue mutation lease is busy (active_holder=state_queue_merge,active_token=state_queue_merge:7cb1934b-7a18-40b9-afdb-6bbfa3e700bc,active_expires_at=2026-06-01T14:55:15.228Z).
[14:45:54.659] INFO (#192): 🔹 New block commitment process started.
[14:45:54.663] INFO (#192): 🔹 Skipping block commitment trigger because the state-queue mutation lease is busy (active_holder=state_queue_merge,active_token=state_queue_merge:7cb1934b-7a18-40b9-afdb-6bbfa3e700bc,active_expires_at=2026-06-01T14:55:15.228Z).
[14:45:55.663] INFO (#192): 🔹 New block commitment process started.
[14:45:55.667] INFO (#192): 🔹 Skipping block commitment trigger because the state-queue mutation lease is busy (active_holder=state_queue_merge,active_token=state_queue_merge:7cb1934b-7a18-40b9-afdb-6bbfa3e700bc,active_expires_at=2026-06-01T14:55:15.228Z).
[14:45:56.421] INFO (#193): 🔍 New block confirmation process started.
timestamp=2026-06-01T14:45:56.421Z level=INFO fiber=#1552 message="🔍 Starting block confirmation worker..."
[14:45:56.667] INFO (#192): 🔹 New block commitment process started.
[14:45:56.671] INFO (#192): 🔹 Skipping block commitment trigger because the state-queue mutation lease is busy (active_holder=state_queue_merge,active_token=state_queue_merge:7cb1934b-7a18-40b9-afdb-6bbfa3e700bc,active_expires_at=2026-06-01T14:55:15.228Z).
[14:45:57.671] INFO (#192): 🔹 New block commitment process started.
[14:45:57.674] INFO (#192): 🔹 Skipping block commitment trigger because the state-queue mutation lease is busy (active_holder=state_queue_merge,active_token=state_queue_merge:7cb1934b-7a18-40b9-afdb-6bbfa3e700bc,active_expires_at=2026-06-01T14:55:15.228Z).
timestamp=2026-06-01T14:45:57.683Z level=INFO fiber=#0 message="Initializing Lucid..."
timestamp=2026-06-01T14:45:57.980Z level=INFO fiber=#0 message="Lucid built successfully."
[14:45:58.675] INFO (#192): 🔹 New block commitment process started.
[14:45:58.679] INFO (#192): 🔹 Skipping block commitment trigger because the state-queue mutation lease is busy (active_holder=state_queue_merge,active_token=state_queue_merge:7cb1934b-7a18-40b9-afdb-6bbfa3e700bc,active_expires_at=2026-06-01T14:55:15.228Z).
[14:45:59.679] INFO (#192): 🔹 New block commitment process started.
[14:45:59.683] INFO (#192): 🔹 Skipping block commitment trigger because the state-queue mutation lease is busy (active_holder=state_queue_merge,active_token=state_queue_merge:7cb1934b-7a18-40b9-afdb-6bbfa3e700bc,active_expires_at=2026-06-01T14:55:15.228Z).
[14:46:00.685] INFO (#192): 🔹 New block commitment process started.
[14:46:00.689] INFO (#192): 🔹 Skipping block commitment trigger because the state-queue mutation lease is busy (active_holder=state_queue_merge,active_token=state_queue_merge:7cb1934b-7a18-40b9-afdb-6bbfa3e700bc,active_expires_at=2026-06-01T14:55:15.228Z).
[14:46:01.690] INFO (#192): 🔹 New block commitment process started.
[14:46:01.693] INFO (#192): 🔹 Skipping block commitment trigger because the state-queue mutation lease is busy (active_holder=state_queue_merge,active_token=state_queue_merge:7cb1934b-7a18-40b9-afdb-6bbfa3e700bc,active_expires_at=2026-06-01T14:55:15.228Z).
[14:46:01.858] INFO (#194): 🏦 2 deposit UTxOs found.
[14:46:01.867] INFO (#194): 🏦 Reconciled 2 visible deposit UTxO(s) into deposits_utxos.
[14:46:02.695] INFO (#192): 🔹 New block commitment process started.
[14:46:02.698] INFO (#192): 🔹 Skipping block commitment trigger because the state-queue mutation lease is busy (active_holder=state_queue_merge,active_token=state_queue_merge:7cb1934b-7a18-40b9-afdb-6bbfa3e700bc,active_expires_at=2026-06-01T14:55:15.228Z).
[14:46:03.700] INFO (#192): 🔹 New block commitment process started.
[14:46:03.703] INFO (#192): 🔹 Skipping block commitment trigger because the state-queue mutation lease is busy (active_holder=state_queue_merge,active_token=state_queue_merge:7cb1934b-7a18-40b9-afdb-6bbfa3e700bc,active_expires_at=2026-06-01T14:55:15.228Z).
[14:46:04.704] INFO (#192): 🔹 New block commitment process started.
[14:46:04.708] INFO (#192): 🔹 Skipping block commitment trigger because the state-queue mutation lease is busy (active_holder=state_queue_merge,active_token=state_queue_merge:7cb1934b-7a18-40b9-afdb-6bbfa3e700bc,active_expires_at=2026-06-01T14:55:15.228Z).
[14:46:05.710] INFO (#192): 🔹 New block commitment process started.
[14:46:05.714] INFO (#192): 🔹 Skipping block commitment trigger because the state-queue mutation lease is busy (active_holder=state_queue_merge,active_token=state_queue_merge:7cb1934b-7a18-40b9-afdb-6bbfa3e700bc,active_expires_at=2026-06-01T14:55:15.228Z).
[14:46:06.715] INFO (#192): 🔹 New block commitment process started.
[14:46:06.718] INFO (#192): 🔹 Skipping block commitment trigger because the state-queue mutation lease is busy (active_holder=state_queue_merge,active_token=state_queue_merge:7cb1934b-7a18-40b9-afdb-6bbfa3e700bc,active_expires_at=2026-06-01T14:55:15.228Z).
[14:46:07.719] INFO (#192): 🔹 New block commitment process started.
[14:46:07.723] INFO (#192): 🔹 Skipping block commitment trigger because the state-queue mutation lease is busy (active_holder=state_queue_merge,active_token=state_queue_merge:7cb1934b-7a18-40b9-afdb-6bbfa3e700bc,active_expires_at=2026-06-01T14:55:15.228Z).
[14:46:08.594] INFO (#193): 🔍 New block confirmation process started.
timestamp=2026-06-01T14:46:08.594Z level=INFO fiber=#1555 message="🔍 Starting block confirmation worker..."
[14:46:08.724] INFO (#192): 🔹 New block commitment process started.
[14:46:08.727] INFO (#192): 🔹 Skipping block commitment trigger because the state-queue mutation lease is busy (active_holder=state_queue_merge,active_token=state_queue_merge:7cb1934b-7a18-40b9-afdb-6bbfa3e700bc,active_expires_at=2026-06-01T14:55:15.228Z).
[14:46:09.727] INFO (#192): 🔹 New block commitment process started.
[14:46:09.730] INFO (#192): 🔹 Skipping block commitment trigger because the state-queue mutation lease is busy (active_holder=state_queue_merge,active_token=state_queue_merge:7cb1934b-7a18-40b9-afdb-6bbfa3e700bc,active_expires_at=2026-06-01T14:55:15.228Z).
timestamp=2026-06-01T14:46:09.870Z level=INFO fiber=#0 message="Initializing Lucid..."
timestamp=2026-06-01T14:46:10.181Z level=INFO fiber=#0 message="Lucid built successfully."
[14:46:10.731] INFO (#192): 🔹 New block commitment process started.
[14:46:10.735] INFO (#192): 🔹 Skipping block commitment trigger because the state-queue mutation lease is busy (active_holder=state_queue_merge,active_token=state_queue_merge:7cb1934b-7a18-40b9-afdb-6bbfa3e700bc,active_expires_at=2026-06-01T14:55:15.228Z).
[14:46:11.736] INFO (#192): 🔹 New block commitment process started.
[14:46:11.740] INFO (#192): 🔹 Skipping block commitment trigger because the state-queue mutation lease is busy (active_holder=state_queue_merge,active_token=state_queue_merge:7cb1934b-7a18-40b9-afdb-6bbfa3e700bc,active_expires_at=2026-06-01T14:55:15.228Z).
[14:46:12.471] INFO (#194): 🏦 2 deposit UTxOs found.
[14:46:12.474] INFO (#194): 🏦 Reconciled 2 visible deposit UTxO(s) into deposits_utxos.
[14:46:12.740] INFO (#192): 🔹 New block commitment process started.
[14:46:12.744] INFO (#192): 🔹 Skipping block commitment trigger because the state-queue mutation lease is busy (active_holder=state_queue_merge,active_token=state_queue_merge:7cb1934b-7a18-40b9-afdb-6bbfa3e700bc,active_expires_at=2026-06-01T14:55:15.228Z).
[14:46:13.744] INFO (#192): 🔹 New block commitment process started.
[14:46:13.748] INFO (#192): 🔹 Skipping block commitment trigger because the state-queue mutation lease is busy (active_holder=state_queue_merge,active_token=state_queue_merge:7cb1934b-7a18-40b9-afdb-6bbfa3e700bc,active_expires_at=2026-06-01T14:55:15.228Z).
[14:46:14.748] INFO (#192): 🔹 New block commitment process started.
[14:46:14.752] INFO (#192): 🔹 Skipping block commitment trigger because the state-queue mutation lease is busy (active_holder=state_queue_merge,active_token=state_queue_merge:7cb1934b-7a18-40b9-afdb-6bbfa3e700bc,active_expires_at=2026-06-01T14:55:15.228Z).
[14:46:15.753] INFO (#192): 🔹 New block commitment process started.
[14:46:15.757] INFO (#192): 🔹 Skipping block commitment trigger because the state-queue mutation lease is busy (active_holder=state_queue_merge,active_token=state_queue_merge:7cb1934b-7a18-40b9-afdb-6bbfa3e700bc,active_expires_at=2026-06-01T14:56:15.234Z).
[14:46:16.758] INFO (#192): 🔹 New block commitment process started.
[14:46:16.761] INFO (#192): 🔹 Skipping block commitment trigger because the state-queue mutation lease is busy (active_holder=state_queue_merge,active_token=state_queue_merge:7cb1934b-7a18-40b9-afdb-6bbfa3e700bc,active_expires_at=2026-06-01T14:56:15.234Z).
[14:46:17.762] INFO (#192): 🔹 New block commitment process started.
[14:46:17.765] INFO (#192): 🔹 Skipping block commitment trigger because the state-queue mutation lease is busy (active_holder=state_queue_merge,active_token=state_queue_merge:7cb1934b-7a18-40b9-afdb-6bbfa3e700bc,active_expires_at=2026-06-01T14:56:15.234Z).
[14:46:18.766] INFO (#192): 🔹 New block commitment process started.
[14:46:18.770] INFO (#192): 🔹 Skipping block commitment trigger because the state-queue mutation lease is busy (active_holder=state_queue_merge,active_token=state_queue_merge:7cb1934b-7a18-40b9-afdb-6bbfa3e700bc,active_expires_at=2026-06-01T14:56:15.234Z).
[14:46:19.770] INFO (#192): 🔹 New block commitment process started.
[14:46:19.776] INFO (#192): 🔹 Skipping block commitment trigger because the state-queue mutation lease is busy (active_holder=state_queue_merge,active_token=state_queue_merge:7cb1934b-7a18-40b9-afdb-6bbfa3e700bc,active_expires_at=2026-06-01T14:56:15.234Z).
[14:46:20.776] INFO (#192): 🔹 New block commitment process started.
[14:46:20.781] INFO (#192): 🔹 Skipping block commitment trigger because the state-queue mutation lease is busy (active_holder=state_queue_merge,active_token=state_queue_merge:7cb1934b-7a18-40b9-afdb-6bbfa3e700bc,active_expires_at=2026-06-01T14:56:15.234Z).
[14:46:20.827] INFO (#193): 🔍 New block confirmation process started.
timestamp=2026-06-01T14:46:20.828Z level=INFO fiber=#1558 message="🔍 Starting block confirmation worker..."
[14:46:21.781] INFO (#192): 🔹 New block commitment process started.
[14:46:21.784] INFO (#192): 🔹 Skipping block commitment trigger because the state-queue mutation lease is busy (active_holder=state_queue_merge,active_token=state_queue_merge:7cb1934b-7a18-40b9-afdb-6bbfa3e700bc,active_expires_at=2026-06-01T14:56:15.234Z).
timestamp=2026-06-01T14:46:22.089Z level=INFO fiber=#0 message="Initializing Lucid..."
timestamp=2026-06-01T14:46:22.352Z level=INFO fiber=#0 message="Lucid built successfully."
[14:46:22.785] INFO (#192): 🔹 New block commitment process started.
[14:46:22.788] INFO (#192): 🔹 Skipping block commitment trigger because the state-queue mutation lease is busy (active_holder=state_queue_merge,active_token=state_queue_merge:7cb1934b-7a18-40b9-afdb-6bbfa3e700bc,active_expires_at=2026-06-01T14:56:15.234Z).
[14:46:23.088] INFO (#194): 🏦 2 deposit UTxOs found.
[14:46:23.097] INFO (#194): 🏦 Reconciled 2 visible deposit UTxO(s) into deposits_utxos.
[14:46:23.789] INFO (#192): 🔹 New block commitment process started.
[14:46:23.794] INFO (#192): 🔹 Skipping block commitment trigger because the state-queue mutation lease is busy (active_holder=state_queue_merge,active_token=state_queue_merge:7cb1934b-7a18-40b9-afdb-6bbfa3e700bc,active_expires_at=2026-06-01T14:56:15.234Z).
[14:46:24.795] INFO (#192): 🔹 New block commitment process started.
[14:46:24.798] INFO (#192): 🔹 Skipping block commitment trigger because the state-queue mutation lease is busy (active_holder=state_queue_merge,active_token=state_queue_merge:7cb1934b-7a18-40b9-afdb-6bbfa3e700bc,active_expires_at=2026-06-01T14:56:15.234Z).
[14:46:25.799] INFO (#192): 🔹 New block commitment process started.
[14:46:25.802] INFO (#192): 🔹 Skipping block commitment trigger because the state-queue mutation lease is busy (active_holder=state_queue_merge,active_token=state_queue_merge:7cb1934b-7a18-40b9-afdb-6bbfa3e700bc,active_expires_at=2026-06-01T14:56:15.234Z).
[14:46:26.804] INFO (#192): 🔹 New block commitment process started.
[14:46:26.807] INFO (#192): 🔹 Skipping block commitment trigger because the state-queue mutation lease is busy (active_holder=state_queue_merge,active_token=state_queue_merge:7cb1934b-7a18-40b9-afdb-6bbfa3e700bc,active_expires_at=2026-06-01T14:56:15.234Z).
[14:46:27.808] INFO (#192): 🔹 New block commitment process started.
[14:46:27.812] INFO (#192): 🔹 Skipping block commitment trigger because the state-queue mutation lease is busy (active_holder=state_queue_merge,active_token=state_queue_merge:7cb1934b-7a18-40b9-afdb-6bbfa3e700bc,active_expires_at=2026-06-01T14:56:15.234Z).
[14:46:28.814] INFO (#192): 🔹 New block commitment process started.
[14:46:28.817] INFO (#192): 🔹 Skipping block commitment trigger because the state-queue mutation lease is busy (active_holder=state_queue_merge,active_token=state_queue_merge:7cb1934b-7a18-40b9-afdb-6bbfa3e700bc,active_expires_at=2026-06-01T14:56:15.234Z).
[14:46:29.818] INFO (#192): 🔹 New block commitment process started.
[14:46:29.821] INFO (#192): 🔹 Skipping block commitment trigger because the state-queue mutation lease is busy (active_holder=state_queue_merge,active_token=state_queue_merge:7cb1934b-7a18-40b9-afdb-6bbfa3e700bc,active_expires_at=2026-06-01T14:56:15.234Z).
[14:46:30.823] INFO (#192): 🔹 New block commitment process started.
[14:46:30.826] INFO (#192): 🔹 Skipping block commitment trigger because the state-queue mutation lease is busy (active_holder=state_queue_merge,active_token=state_queue_merge:7cb1934b-7a18-40b9-afdb-6bbfa3e700bc,active_expires_at=2026-06-01T14:56:15.234Z).
[14:46:31.828] INFO (#192): 🔹 New block commitment process started.
[14:46:31.831] INFO (#192): 🔹 Skipping block commitment trigger because the state-queue mutation lease is busy (active_holder=state_queue_merge,active_token=state_queue_merge:7cb1934b-7a18-40b9-afdb-6bbfa3e700bc,active_expires_at=2026-06-01T14:56:15.234Z).
[14:46:32.833] INFO (#192): 🔹 New block commitment process started.
[14:46:32.837] INFO (#192): 🔹 Skipping block commitment trigger because the state-queue mutation lease is busy (active_holder=state_queue_merge,active_token=state_queue_merge:7cb1934b-7a18-40b9-afdb-6bbfa3e700bc,active_expires_at=2026-06-01T14:56:15.234Z).
[14:46:33.005] INFO (#193): 🔍 New block confirmation process started.
timestamp=2026-06-01T14:46:33.006Z level=INFO fiber=#1561 message="🔍 Starting block confirmation worker..."
[14:46:33.711] INFO (#194): 🏦 2 deposit UTxOs found.
[14:46:33.720] INFO (#194): 🏦 Reconciled 2 visible deposit UTxO(s) into deposits_utxos.
[14:46:33.838] INFO (#192): 🔹 New block commitment process started.
[14:46:33.841] INFO (#192): 🔹 Skipping block commitment trigger because the state-queue mutation lease is busy (active_holder=state_queue_merge,active_token=state_queue_merge:7cb1934b-7a18-40b9-afdb-6bbfa3e700bc,active_expires_at=2026-06-01T14:56:15.234Z).
timestamp=2026-06-01T14:46:34.250Z level=INFO fiber=#0 message="Initializing Lucid..."
timestamp=2026-06-01T14:46:34.526Z level=INFO fiber=#0 message="Lucid built successfully."
[14:46:34.842] INFO (#192): 🔹 New block commitment process started.
[14:46:34.846] INFO (#192): 🔹 Skipping block commitment trigger because the state-queue mutation lease is busy (active_holder=state_queue_merge,active_token=state_queue_merge:7cb1934b-7a18-40b9-afdb-6bbfa3e700bc,active_expires_at=2026-06-01T14:56:15.234Z).
[14:46:35.847] INFO (#192): 🔹 New block commitment process started.
[14:46:35.850] INFO (#192): 🔹 Skipping block commitment trigger because the state-queue mutation lease is busy (active_holder=state_queue_merge,active_token=state_queue_merge:7cb1934b-7a18-40b9-afdb-6bbfa3e700bc,active_expires_at=2026-06-01T14:56:15.234Z).
[14:46:36.852] INFO (#192): 🔹 New block commitment process started.
[14:46:36.855] INFO (#192): 🔹 Skipping block commitment trigger because the state-queue mutation lease is busy (active_holder=state_queue_merge,active_token=state_queue_merge:7cb1934b-7a18-40b9-afdb-6bbfa3e700bc,active_expires_at=2026-06-01T14:56:15.234Z).
[14:46:37.856] INFO (#192): 🔹 New block commitment process started.
[14:46:37.860] INFO (#192): 🔹 Skipping block commitment trigger because the state-queue mutation lease is busy (active_holder=state_queue_merge,active_token=state_queue_merge:7cb1934b-7a18-40b9-afdb-6bbfa3e700bc,active_expires_at=2026-06-01T14:56:15.234Z).
[14:46:38.861] INFO (#192): 🔹 New block commitment process started.
[14:46:38.864] INFO (#192): 🔹 Skipping block commitment trigger because the state-queue mutation lease is busy (active_holder=state_queue_merge,active_token=state_queue_merge:7cb1934b-7a18-40b9-afdb-6bbfa3e700bc,active_expires_at=2026-06-01T14:56:15.234Z).
[14:46:39.866] INFO (#192): 🔹 New block commitment process started.
[14:46:39.869] INFO (#192): 🔹 Skipping block commitment trigger because the state-queue mutation lease is busy (active_holder=state_queue_merge,active_token=state_queue_merge:7cb1934b-7a18-40b9-afdb-6bbfa3e700bc,active_expires_at=2026-06-01T14:56:15.234Z).
[14:46:40.871] INFO (#192): 🔹 New block commitment process started.
[14:46:40.875] INFO (#192): 🔹 Skipping block commitment trigger because the state-queue mutation lease is busy (active_holder=state_queue_merge,active_token=state_queue_merge:7cb1934b-7a18-40b9-afdb-6bbfa3e700bc,active_expires_at=2026-06-01T14:56:15.234Z).
[14:46:41.877] INFO (#192): 🔹 New block commitment process started.
[14:46:41.880] INFO (#192): 🔹 Skipping block commitment trigger because the state-queue mutation lease is busy (active_holder=state_queue_merge,active_token=state_queue_merge:7cb1934b-7a18-40b9-afdb-6bbfa3e700bc,active_expires_at=2026-06-01T14:56:15.234Z).
[14:46:42.881] INFO (#192): 🔹 New block commitment process started.
[14:46:42.885] INFO (#192): 🔹 Skipping block commitment trigger because the state-queue mutation lease is busy (active_holder=state_queue_merge,active_token=state_queue_merge:7cb1934b-7a18-40b9-afdb-6bbfa3e700bc,active_expires_at=2026-06-01T14:56:15.234Z).
[14:46:43.885] INFO (#192): 🔹 New block commitment process started.
[14:46:43.889] INFO (#192): 🔹 Skipping block commitment trigger because the state-queue mutation lease is busy (active_holder=state_queue_merge,active_token=state_queue_merge:7cb1934b-7a18-40b9-afdb-6bbfa3e700bc,active_expires_at=2026-06-01T14:56:15.234Z).
[14:46:44.332] INFO (#194): 🏦 2 deposit UTxOs found.
[14:46:44.341] INFO (#194): 🏦 Reconciled 2 visible deposit UTxO(s) into deposits_utxos.
[14:46:44.890] INFO (#192): 🔹 New block commitment process started.
[14:46:44.893] INFO (#192): 🔹 Skipping block commitment trigger because the state-queue mutation lease is busy (active_holder=state_queue_merge,active_token=state_queue_merge:7cb1934b-7a18-40b9-afdb-6bbfa3e700bc,active_expires_at=2026-06-01T14:56:15.234Z).
[14:46:45.146] INFO (#193): 🔍 New block confirmation process started.
timestamp=2026-06-01T14:46:45.146Z level=INFO fiber=#1565 message="🔍 Starting block confirmation worker..."
[14:46:45.894] INFO (#192): 🔹 New block commitment process started.
[14:46:45.897] INFO (#192): 🔹 Skipping block commitment trigger because the state-queue mutation lease is busy (active_holder=state_queue_merge,active_token=state_queue_merge:7cb1934b-7a18-40b9-afdb-6bbfa3e700bc,active_expires_at=2026-06-01T14:56:15.234Z).
timestamp=2026-06-01T14:46:46.409Z level=INFO fiber=#0 message="Initializing Lucid..."
timestamp=2026-06-01T14:46:46.659Z level=INFO fiber=#0 message="Lucid built successfully."
[14:46:46.897] INFO (#192): 🔹 New block commitment process started.
[14:46:46.901] INFO (#192): 🔹 Skipping block commitment trigger because the state-queue mutation lease is busy (active_holder=state_queue_merge,active_token=state_queue_merge:7cb1934b-7a18-40b9-afdb-6bbfa3e700bc,active_expires_at=2026-06-01T14:56:15.234Z).
[14:46:47.901] INFO (#192): 🔹 New block commitment process started.
[14:46:47.905] INFO (#192): 🔹 Skipping block commitment trigger because the state-queue mutation lease is busy (active_holder=state_queue_merge,active_token=state_queue_merge:7cb1934b-7a18-40b9-afdb-6bbfa3e700bc,active_expires_at=2026-06-01T14:56:15.234Z).
[14:46:48.905] INFO (#192): 🔹 New block commitment process started.
[14:46:48.908] INFO (#192): 🔹 Skipping block commitment trigger because the state-queue mutation lease is busy (active_holder=state_queue_merge,active_token=state_queue_merge:7cb1934b-7a18-40b9-afdb-6bbfa3e700bc,active_expires_at=2026-06-01T14:56:15.234Z).
[14:46:49.908] INFO (#192): 🔹 New block commitment process started.
[14:46:49.912] INFO (#192): 🔹 Skipping block commitment trigger because the state-queue mutation lease is busy (active_holder=state_queue_merge,active_token=state_queue_merge:7cb1934b-7a18-40b9-afdb-6bbfa3e700bc,active_expires_at=2026-06-01T14:56:15.234Z).
[14:46:50.913] INFO (#192): 🔹 New block commitment process started.
[14:46:50.917] INFO (#192): 🔹 Skipping block commitment trigger because the state-queue mutation lease is busy (active_holder=state_queue_merge,active_token=state_queue_merge:7cb1934b-7a18-40b9-afdb-6bbfa3e700bc,active_expires_at=2026-06-01T14:56:15.234Z).
[14:46:51.918] INFO (#192): 🔹 New block commitment process started.
[14:46:51.922] INFO (#192): 🔹 Skipping block commitment trigger because the state-queue mutation lease is busy (active_holder=state_queue_merge,active_token=state_queue_merge:7cb1934b-7a18-40b9-afdb-6bbfa3e700bc,active_expires_at=2026-06-01T14:56:15.234Z).
[14:46:52.923] INFO (#192): 🔹 New block commitment process started.
[14:46:52.926] INFO (#192): 🔹 Skipping block commitment trigger because the state-queue mutation lease is busy (active_holder=state_queue_merge,active_token=state_queue_merge:7cb1934b-7a18-40b9-afdb-6bbfa3e700bc,active_expires_at=2026-06-01T14:56:15.234Z).
[14:46:53.928] INFO (#192): 🔹 New block commitment process started.
[14:46:53.931] INFO (#192): 🔹 Skipping block commitment trigger because the state-queue mutation lease is busy (active_holder=state_queue_merge,active_token=state_queue_merge:7cb1934b-7a18-40b9-afdb-6bbfa3e700bc,active_expires_at=2026-06-01T14:56:15.234Z).
[14:46:54.932] INFO (#192): 🔹 New block commitment process started.
[14:46:54.936] INFO (#192): 🔹 Skipping block commitment trigger because the state-queue mutation lease is busy (active_holder=state_queue_merge,active_token=state_queue_merge:7cb1934b-7a18-40b9-afdb-6bbfa3e700bc,active_expires_at=2026-06-01T14:56:15.234Z).
[14:46:54.947] INFO (#194): 🏦 2 deposit UTxOs found.
[14:46:54.956] INFO (#194): 🏦 Reconciled 2 visible deposit UTxO(s) into deposits_utxos.
[14:46:55.936] INFO (#192): 🔹 New block commitment process started.
[14:46:55.940] INFO (#192): 🔹 Skipping block commitment trigger because the state-queue mutation lease is busy (active_holder=state_queue_merge,active_token=state_queue_merge:7cb1934b-7a18-40b9-afdb-6bbfa3e700bc,active_expires_at=2026-06-01T14:56:15.234Z).
[14:46:56.941] INFO (#192): 🔹 New block commitment process started.
[14:46:56.945] INFO (#192): 🔹 Skipping block commitment trigger because the state-queue mutation lease is busy (active_holder=state_queue_merge,active_token=state_queue_merge:7cb1934b-7a18-40b9-afdb-6bbfa3e700bc,active_expires_at=2026-06-01T14:56:15.234Z).
[14:46:57.301] INFO (#193): 🔍 New block confirmation process started.
timestamp=2026-06-01T14:46:57.301Z level=INFO fiber=#1569 message="🔍 Starting block confirmation worker..."
[14:46:57.945] INFO (#192): 🔹 New block commitment process started.
[14:46:57.948] INFO (#192): 🔹 Skipping block commitment trigger because the state-queue mutation lease is busy (active_holder=state_queue_merge,active_token=state_queue_merge:7cb1934b-7a18-40b9-afdb-6bbfa3e700bc,active_expires_at=2026-06-01T14:56:15.234Z).
timestamp=2026-06-01T14:46:58.542Z level=INFO fiber=#0 message="Initializing Lucid..."
timestamp=2026-06-01T14:46:58.832Z level=INFO fiber=#0 message="Lucid built successfully."
[14:46:58.948] INFO (#192): 🔹 New block commitment process started.
[14:46:58.952] INFO (#192): 🔹 Skipping block commitment trigger because the state-queue mutation lease is busy (active_holder=state_queue_merge,active_token=state_queue_merge:7cb1934b-7a18-40b9-afdb-6bbfa3e700bc,active_expires_at=2026-06-01T14:56:15.234Z).
timestamp=2026-06-01T14:46:59.444Z level=INFO fiber=#0 message="🔐 Contract source selected: state_queue=real, hub_oracle=real, deposit=real, tx_order=real, withdrawal=real, settlement=real, reserve=real, payout=real, registered_operators=real, active_operators=real, retired_operators=real, scheduler=real, fraud_proofs.double_spend=real"
timestamp=2026-06-01T14:46:59.448Z level=INFO fiber=#14 message="🔍 Confirmation work completed ({\"type\":\"NoTxForConfirmationOutput\"})."
[14:46:59.953] INFO (#192): 🔹 New block commitment process started.
[14:46:59.956] INFO (#192): 🔹 Skipping block commitment trigger because the state-queue mutation lease is busy (active_holder=state_queue_merge,active_token=state_queue_merge:7cb1934b-7a18-40b9-afdb-6bbfa3e700bc,active_expires_at=2026-06-01T14:56:15.234Z).
[14:47:00.957] INFO (#192): 🔹 New block commitment process started.
[14:47:00.960] INFO (#192): 🔹 Skipping block commitment trigger because the state-queue mutation lease is busy (active_holder=state_queue_merge,active_token=state_queue_merge:7cb1934b-7a18-40b9-afdb-6bbfa3e700bc,active_expires_at=2026-06-01T14:56:15.234Z).
[14:47:01.961] INFO (#192): 🔹 New block commitment process started.
[14:47:01.964] INFO (#192): 🔹 Skipping block commitment trigger because the state-queue mutation lease is busy (active_holder=state_queue_merge,active_token=state_queue_merge:7cb1934b-7a18-40b9-afdb-6bbfa3e700bc,active_expires_at=2026-06-01T14:56:15.234Z).
[14:47:02.965] INFO (#192): 🔹 New block commitment process started.
[14:47:02.969] INFO (#192): 🔹 Skipping block commitment trigger because the state-queue mutation lease is busy (active_holder=state_queue_merge,active_token=state_queue_merge:7cb1934b-7a18-40b9-afdb-6bbfa3e700bc,active_expires_at=2026-06-01T14:56:15.234Z).
[14:47:03.970] INFO (#192): 🔹 New block commitment process started.
[14:47:03.973] INFO (#192): 🔹 Skipping block commitment trigger because the state-queue mutation lease is busy (active_holder=state_queue_merge,active_token=state_queue_merge:7cb1934b-7a18-40b9-afdb-6bbfa3e700bc,active_expires_at=2026-06-01T14:56:15.234Z).
[14:47:04.974] INFO (#192): 🔹 New block commitment process started.
[14:47:04.977] INFO (#192): 🔹 Skipping block commitment trigger because the state-queue mutation lease is busy (active_holder=state_queue_merge,active_token=state_queue_merge:7cb1934b-7a18-40b9-afdb-6bbfa3e700bc,active_expires_at=2026-06-01T14:56:15.234Z).
[14:47:05.621] INFO (#194): 🏦 2 deposit UTxOs found.
[14:47:05.625] INFO (#194): 🏦 Reconciled 2 visible deposit UTxO(s) into deposits_utxos.
[14:47:05.979] INFO (#192): 🔹 New block commitment process started.
[14:47:05.982] INFO (#192): 🔹 Skipping block commitment trigger because the state-queue mutation lease is busy (active_holder=state_queue_merge,active_token=state_queue_merge:7cb1934b-7a18-40b9-afdb-6bbfa3e700bc,active_expires_at=2026-06-01T14:56:15.234Z).
[14:47:06.982] INFO (#192): 🔹 New block commitment process started.
[14:47:06.985] INFO (#192): 🔹 Skipping block commitment trigger because the state-queue mutation lease is busy (active_holder=state_queue_merge,active_token=state_queue_merge:7cb1934b-7a18-40b9-afdb-6bbfa3e700bc,active_expires_at=2026-06-01T14:56:15.234Z).
[14:47:07.986] INFO (#192): 🔹 New block commitment process started.
[14:47:07.990] INFO (#192): 🔹 Skipping block commitment trigger because the state-queue mutation lease is busy (active_holder=state_queue_merge,active_token=state_queue_merge:7cb1934b-7a18-40b9-afdb-6bbfa3e700bc,active_expires_at=2026-06-01T14:56:15.234Z).
[14:47:08.990] INFO (#192): 🔹 New block commitment process started.
[14:47:08.993] INFO (#192): 🔹 Skipping block commitment trigger because the state-queue mutation lease is busy (active_holder=state_queue_merge,active_token=state_queue_merge:7cb1934b-7a18-40b9-afdb-6bbfa3e700bc,active_expires_at=2026-06-01T14:56:15.234Z).
[14:47:09.451] INFO (#193): 🔍 New block confirmation process started.
timestamp=2026-06-01T14:47:09.451Z level=INFO fiber=#1572 message="🔍 Starting block confirmation worker..."
[14:47:09.994] INFO (#192): 🔹 New block commitment process started.
[14:47:09.998] INFO (#192): 🔹 Skipping block commitment trigger because the state-queue mutation lease is busy (active_holder=state_queue_merge,active_token=state_queue_merge:7cb1934b-7a18-40b9-afdb-6bbfa3e700bc,active_expires_at=2026-06-01T14:56:15.234Z).
timestamp=2026-06-01T14:47:10.679Z level=INFO fiber=#0 message="Initializing Lucid..."
timestamp=2026-06-01T14:47:10.959Z level=INFO fiber=#0 message="Lucid built successfully."
[14:47:10.999] INFO (#192): 🔹 New block commitment process started.
[14:47:11.002] INFO (#192): 🔹 Skipping block commitment trigger because the state-queue mutation lease is busy (active_holder=state_queue_merge,active_token=state_queue_merge:7cb1934b-7a18-40b9-afdb-6bbfa3e700bc,active_expires_at=2026-06-01T14:56:15.234Z).
[14:47:12.002] INFO (#192): 🔹 New block commitment process started.
[14:47:12.007] INFO (#192): 🔹 Skipping block commitment trigger because the state-queue mutation lease is busy (active_holder=state_queue_merge,active_token=state_queue_merge:7cb1934b-7a18-40b9-afdb-6bbfa3e700bc,active_expires_at=2026-06-01T14:56:15.234Z).
[14:47:13.008] INFO (#192): 🔹 New block commitment process started.
[14:47:13.011] INFO (#192): 🔹 Skipping block commitment trigger because the state-queue mutation lease is busy (active_holder=state_queue_merge,active_token=state_queue_merge:7cb1934b-7a18-40b9-afdb-6bbfa3e700bc,active_expires_at=2026-06-01T14:56:15.234Z).
[14:47:14.012] INFO (#192): 🔹 New block commitment process started.
[14:47:14.016] INFO (#192): 🔹 Skipping block commitment trigger because the state-queue mutation lease is busy (active_holder=state_queue_merge,active_token=state_queue_merge:7cb1934b-7a18-40b9-afdb-6bbfa3e700bc,active_expires_at=2026-06-01T14:56:15.234Z).
[14:47:15.017] INFO (#192): 🔹 New block commitment process started.
[14:47:15.021] INFO (#192): 🔹 Skipping block commitment trigger because the state-queue mutation lease is busy (active_holder=state_queue_merge,active_token=state_queue_merge:7cb1934b-7a18-40b9-afdb-6bbfa3e700bc,active_expires_at=2026-06-01T14:56:15.234Z).
[14:47:16.021] INFO (#192): 🔹 New block commitment process started.
[14:47:16.025] INFO (#192): 🔹 Skipping block commitment trigger because the state-queue mutation lease is busy (active_holder=state_queue_merge,active_token=state_queue_merge:7cb1934b-7a18-40b9-afdb-6bbfa3e700bc,active_expires_at=2026-06-01T14:57:15.239Z).
[14:47:16.296] INFO (#194): 🏦 2 deposit UTxOs found.
[14:47:16.305] INFO (#194): 🏦 Reconciled 2 visible deposit UTxO(s) into deposits_utxos.
[14:47:17.025] INFO (#192): 🔹 New block commitment process started.
[14:47:17.029] INFO (#192): 🔹 Skipping block commitment trigger because the state-queue mutation lease is busy (active_holder=state_queue_merge,active_token=state_queue_merge:7cb1934b-7a18-40b9-afdb-6bbfa3e700bc,active_expires_at=2026-06-01T14:57:15.239Z).
[14:47:18.029] INFO (#192): 🔹 New block commitment process started.
[14:47:18.033] INFO (#192): 🔹 Skipping block commitment trigger because the state-queue mutation lease is busy (active_holder=state_queue_merge,active_token=state_queue_merge:7cb1934b-7a18-40b9-afdb-6bbfa3e700bc,active_expires_at=2026-06-01T14:57:15.239Z).
[14:47:19.034] INFO (#192): 🔹 New block commitment process started.
[14:47:19.038] INFO (#192): 🔹 Skipping block commitment trigger because the state-queue mutation lease is busy (active_holder=state_queue_merge,active_token=state_queue_merge:7cb1934b-7a18-40b9-afdb-6bbfa3e700bc,active_expires_at=2026-06-01T14:57:15.239Z).
[14:47:20.038] INFO (#192): 🔹 New block commitment process started.
[14:47:20.043] INFO (#192): 🔹 Skipping block commitment trigger because the state-queue mutation lease is busy (active_holder=state_queue_merge,active_token=state_queue_merge:7cb1934b-7a18-40b9-afdb-6bbfa3e700bc,active_expires_at=2026-06-01T14:57:15.239Z).
[14:47:21.044] INFO (#192): 🔹 New block commitment process started.
[14:47:21.048] INFO (#192): 🔹 Skipping block commitment trigger because the state-queue mutation lease is busy (active_holder=state_queue_merge,active_token=state_queue_merge:7cb1934b-7a18-40b9-afdb-6bbfa3e700bc,active_expires_at=2026-06-01T14:57:15.239Z).
[14:47:21.564] INFO (#193): 🔍 New block confirmation process started.
timestamp=2026-06-01T14:47:21.564Z level=INFO fiber=#1576 message="🔍 Starting block confirmation worker..."
[14:47:22.049] INFO (#192): 🔹 New block commitment process started.
[14:47:22.052] INFO (#192): 🔹 Skipping block commitment trigger because the state-queue mutation lease is busy (active_holder=state_queue_merge,active_token=state_queue_merge:7cb1934b-7a18-40b9-afdb-6bbfa3e700bc,active_expires_at=2026-06-01T14:57:15.239Z).
timestamp=2026-06-01T14:47:22.794Z level=INFO fiber=#0 message="Initializing Lucid..."
timestamp=2026-06-01T14:47:23.045Z level=INFO fiber=#0 message="Lucid built successfully."
[14:47:23.052] INFO (#192): 🔹 New block commitment process started.
[14:47:23.055] INFO (#192): 🔹 Skipping block commitment trigger because the state-queue mutation lease is busy (active_holder=state_queue_merge,active_token=state_queue_merge:7cb1934b-7a18-40b9-afdb-6bbfa3e700bc,active_expires_at=2026-06-01T14:57:15.239Z).
[14:47:24.059] INFO (#192): 🔹 New block commitment process started.
[14:47:24.064] INFO (#192): 🔹 Skipping block commitment trigger because the state-queue mutation lease is busy (active_holder=state_queue_merge,active_token=state_queue_merge:7cb1934b-7a18-40b9-afdb-6bbfa3e700bc,active_expires_at=2026-06-01T14:57:15.239Z).
[14:47:25.068] INFO (#192): 🔹 New block commitment process started.
[14:47:25.072] INFO (#192): 🔹 Skipping block commitment trigger because the state-queue mutation lease is busy (active_holder=state_queue_merge,active_token=state_queue_merge:7cb1934b-7a18-40b9-afdb-6bbfa3e700bc,active_expires_at=2026-06-01T14:57:15.239Z).
[14:47:26.072] INFO (#192): 🔹 New block commitment process started.
[14:47:26.077] INFO (#192): 🔹 Skipping block commitment trigger because the state-queue mutation lease is busy (active_holder=state_queue_merge,active_token=state_queue_merge:7cb1934b-7a18-40b9-afdb-6bbfa3e700bc,active_expires_at=2026-06-01T14:57:15.239Z).
[14:47:26.912] INFO (#194): 🏦 2 deposit UTxOs found.
[14:47:26.920] INFO (#194): 🏦 Reconciled 2 visible deposit UTxO(s) into deposits_utxos.
[14:47:27.078] INFO (#192): 🔹 New block commitment process started.
[14:47:27.082] INFO (#192): 🔹 Skipping block commitment trigger because the state-queue mutation lease is busy (active_holder=state_queue_merge,active_token=state_queue_merge:7cb1934b-7a18-40b9-afdb-6bbfa3e700bc,active_expires_at=2026-06-01T14:57:15.239Z).
[14:47:28.083] INFO (#192): 🔹 New block commitment process started.
[14:47:28.087] INFO (#192): 🔹 Skipping block commitment trigger because the state-queue mutation lease is busy (active_holder=state_queue_merge,active_token=state_queue_merge:7cb1934b-7a18-40b9-afdb-6bbfa3e700bc,active_expires_at=2026-06-01T14:57:15.239Z).
[14:47:29.088] INFO (#192): 🔹 New block commitment process started.
[14:47:29.091] INFO (#192): 🔹 Skipping block commitment trigger because the state-queue mutation lease is busy (active_holder=state_queue_merge,active_token=state_queue_merge:7cb1934b-7a18-40b9-afdb-6bbfa3e700bc,active_expires_at=2026-06-01T14:57:15.239Z).
[14:47:30.092] INFO (#192): 🔹 New block commitment process started.
[14:47:30.096] INFO (#192): 🔹 Skipping block commitment trigger because the state-queue mutation lease is busy (active_holder=state_queue_merge,active_token=state_queue_merge:7cb1934b-7a18-40b9-afdb-6bbfa3e700bc,active_expires_at=2026-06-01T14:57:15.239Z).
[14:47:31.097] INFO (#192): 🔹 New block commitment process started.
[14:47:31.101] INFO (#192): 🔹 Skipping block commitment trigger because the state-queue mutation lease is busy (active_holder=state_queue_merge,active_token=state_queue_merge:7cb1934b-7a18-40b9-afdb-6bbfa3e700bc,active_expires_at=2026-06-01T14:57:15.239Z).
[14:47:31.352] INFO (#198): 🎉 Transaction confirmed: 29d7029b3fd3d9d025ecbc24fd15197e1a72ca74dbab291f139e1979a997c4c2
[14:47:31.352] INFO (#198): ⌛ Pausing for 5 seconds...
[14:47:32.102] INFO (#192): 🔹 New block commitment process started.
[14:47:32.106] INFO (#192): 🔹 Skipping block commitment trigger because the state-queue mutation lease is busy (active_holder=state_queue_merge,active_token=state_queue_merge:7cb1934b-7a18-40b9-afdb-6bbfa3e700bc,active_expires_at=2026-06-01T14:57:15.239Z).
[14:47:33.106] INFO (#192): 🔹 New block commitment process started.
[14:47:33.109] INFO (#192): 🔹 Skipping block commitment trigger because the state-queue mutation lease is busy (active_holder=state_queue_merge,active_token=state_queue_merge:7cb1934b-7a18-40b9-afdb-6bbfa3e700bc,active_expires_at=2026-06-01T14:57:15.239Z).
[14:47:33.669] INFO (#193): 🔍 New block confirmation process started.
timestamp=2026-06-01T14:47:33.669Z level=INFO fiber=#1579 message="🔍 Starting block confirmation worker..."
[14:47:34.110] INFO (#192): 🔹 New block commitment process started.
[14:47:34.113] INFO (#192): 🔹 Skipping block commitment trigger because the state-queue mutation lease is busy (active_holder=state_queue_merge,active_token=state_queue_merge:7cb1934b-7a18-40b9-afdb-6bbfa3e700bc,active_expires_at=2026-06-01T14:57:15.239Z).
timestamp=2026-06-01T14:47:34.895Z level=INFO fiber=#0 message="Initializing Lucid..."
[14:47:35.114] INFO (#192): 🔹 New block commitment process started.
[14:47:35.117] INFO (#192): 🔹 Skipping block commitment trigger because the state-queue mutation lease is busy (active_holder=state_queue_merge,active_token=state_queue_merge:7cb1934b-7a18-40b9-afdb-6bbfa3e700bc,active_expires_at=2026-06-01T14:57:15.239Z).
timestamp=2026-06-01T14:47:35.197Z level=INFO fiber=#0 message="Lucid built successfully."
[14:47:36.119] INFO (#192): 🔹 New block commitment process started.
[14:47:36.123] INFO (#192): 🔹 Skipping block commitment trigger because the state-queue mutation lease is busy (active_holder=state_queue_merge,active_token=state_queue_merge:7cb1934b-7a18-40b9-afdb-6bbfa3e700bc,active_expires_at=2026-06-01T14:57:15.239Z).
[14:47:36.352] INFO (#198): ✅ Pause ended.
[14:47:36.352] INFO (#198): 🔸 Merge transaction submitted, updating the db...
[14:47:36.356] INFO (#198): 🔸 Clear confirmed ledger db...
[14:47:36.359] INFO (#198): 🔸 Insert produced UTxOs...
[14:47:36.360] INFO (#198): 🔸 Clear block from BlocksDB...
[14:47:36.365] INFO (#198): 🔸 ☑️  Merge transaction completed.
[14:47:36.981] INFO (#198): 🔸 Refreshed live state-queue tail after merge: tail=3f0e5516596846e9cb4d547dbdfc20f1c2bed07571e3dbb464f25166a6585b01#0,snapshot=post_merge:29d7029b3fd3d9d025ecbc24fd15197e1a72ca74dbab291f139e1979a997c4c2#0:3f0e5516596846e9cb4d547dbdfc20f1c2bed07571e3dbb464f25166a6585b01#0:1780325256981
[14:47:37.123] INFO (#192): 🔹 New block commitment process started.
[14:47:37.127] INFO (#192): Acquired state-queue mutation lease token=block_commitment:7b0cc56f-a8df-43c5-a3e2-0ef1db822811,holder=block_commitment,expires_at=2026-06-01T14:57:37.125Z
[14:47:37.524] INFO (#194): 🏦 2 deposit UTxOs found.
[14:47:37.532] INFO (#194): 🏦 Reconciled 2 visible deposit UTxO(s) into deposits_utxos.
[14:47:37.724] INFO (#192): 🔹 Using live state-queue tail commit base 3f0e5516596846e9cb4d547dbdfc20f1c2bed07571e3dbb464f25166a6585b01#0 from snapshot commit_preflight:29d7029b3fd3d9d025ecbc24fd15197e1a72ca74dbab291f139e1979a997c4c2#0:3f0e5516596846e9cb4d547dbdfc20f1c2bed07571e3dbb464f25166a6585b01#0:1780325257724.
timestamp=2026-06-01T14:47:37.724Z level=INFO fiber=#1595 message="👷 Starting block commitment worker..."
timestamp=2026-06-01T14:47:39.156Z level=INFO fiber=#0 message="Initializing Lucid..."
timestamp=2026-06-01T14:47:39.409Z level=INFO fiber=#0 message="Lucid built successfully."
timestamp=2026-06-01T14:47:39.499Z level=INFO fiber=#0 message="📚 Opening connection to db..."
timestamp=2026-06-01T14:47:40.122Z level=INFO fiber=#0 message="🔐 Contract source selected: state_queue=real, hub_oracle=real, deposit=real, tx_order=real, withdrawal=real, settlement=real, reserve=real, payout=real, registered_operators=real, active_operators=real, retired_operators=real, scheduler=real, fraud_proofs.double_spend=real"
timestamp=2026-06-01T14:47:40.123Z level=INFO fiber=#0 message="🔹 Retrieving all mempool transactions..."
timestamp=2026-06-01T14:47:40.154Z level=INFO fiber=#0 message="🏦 Running commit-time deposit ingestion barrier up to 2026-06-01T14:47:40.154Z."
timestamp=2026-06-01T14:47:40.767Z level=INFO fiber=#0 message="🏦 2 deposit UTxOs found."
timestamp=2026-06-01T14:47:40.775Z level=INFO fiber=#0 message="🏦 Commit-time deposit barrier reconciled 2 deposit UTxO(s); fetch completed at 2026-06-01T14:47:40.775Z and locked the visibility barrier at 2026-06-01T14:47:40.154Z."
timestamp=2026-06-01T14:47:40.776Z level=INFO fiber=#0 message="Running commit-time withdrawal ingestion barrier up to 2026-06-01T14:47:40.154Z."
timestamp=2026-06-01T14:47:40.826Z level=INFO fiber=#0 message="Commit-time withdrawal barrier reconciled 0 withdrawal UTxO(s); fetch completed at 2026-06-01T14:47:40.826Z and locked the visibility barrier at 2026-06-01T14:47:40.154Z."
timestamp=2026-06-01T14:47:40.828Z level=INFO fiber=#0 message="🔹 Going through mempool txs and finding roots..."
timestamp=2026-06-01T14:47:40.841Z level=INFO fiber=#0 message="🔹 New transaction root found: 0e5751c026e543b2e8ab2eb06099daa1d1e5df47778f7787faab45cdf12fe3a8"
timestamp=2026-06-01T14:47:40.841Z level=INFO fiber=#0 message="🔹 New UTxO root found: 0de61b61a0f087811298c7af049af98c7a3de5bc48bb27c26b2adaf1115eeec8"
timestamp=2026-06-01T14:47:40.842Z level=INFO fiber=#0 message="🔹 No transactions were found in MempoolDB, checking ProcessedMempoolDB..."
timestamp=2026-06-01T14:47:40.843Z level=INFO fiber=#0 message="🔹 Previous submitted block is now confirmed, deserializing..."
timestamp=2026-06-01T14:47:40.846Z level=INFO fiber=#0 message="🔹 Checking for user events... (no tx requests in queue)"
timestamp=2026-06-01T14:47:40.847Z level=INFO fiber=#0 message="🔹 Nothing to commit."
timestamp=2026-06-01T14:47:40.860Z level=INFO fiber=#29 message="👷 Block commitment work completed ({\"type\":\"NothingToCommitOutput\"})."
[14:47:41.865] INFO (#192): 🔹 New block commitment process started.
[14:47:41.874] INFO (#192): Acquired state-queue mutation lease token=block_commitment:7c394e80-0d15-4da5-bc31-36e7c0a18536,holder=block_commitment,expires_at=2026-06-01T14:57:41.866Z
[14:47:42.546] INFO (#192): 🔹 Using live state-queue tail commit base 3f0e5516596846e9cb4d547dbdfc20f1c2bed07571e3dbb464f25166a6585b01#0 from snapshot commit_preflight:29d7029b3fd3d9d025ecbc24fd15197e1a72ca74dbab291f139e1979a997c4c2#0:3f0e5516596846e9cb4d547dbdfc20f1c2bed07571e3dbb464f25166a6585b01#0:1780325262546.
timestamp=2026-06-01T14:47:42.547Z level=INFO fiber=#1603 message="👷 Starting block commitment worker..."
timestamp=2026-06-01T14:47:43.978Z level=INFO fiber=#0 message="Initializing Lucid..."
timestamp=2026-06-01T14:47:44.252Z level=INFO fiber=#0 message="Lucid built successfully."
timestamp=2026-06-01T14:47:44.344Z level=INFO fiber=#0 message="📚 Opening connection to db..."
timestamp=2026-06-01T14:47:44.975Z level=INFO fiber=#0 message="🔐 Contract source selected: state_queue=real, hub_oracle=real, deposit=real, tx_order=real, withdrawal=real, settlement=real, reserve=real, payout=real, registered_operators=real, active_operators=real, retired_operators=real, scheduler=real, fraud_proofs.double_spend=real"
timestamp=2026-06-01T14:47:44.976Z level=INFO fiber=#0 message="🔹 Retrieving all mempool transactions..."
timestamp=2026-06-01T14:47:45.008Z level=INFO fiber=#0 message="🏦 Running commit-time deposit ingestion barrier up to 2026-06-01T14:47:45.008Z."
timestamp=2026-06-01T14:47:45.623Z level=INFO fiber=#0 message="🏦 2 deposit UTxOs found."
timestamp=2026-06-01T14:47:45.636Z level=INFO fiber=#0 message="🏦 Commit-time deposit barrier reconciled 2 deposit UTxO(s); fetch completed at 2026-06-01T14:47:45.636Z and locked the visibility barrier at 2026-06-01T14:47:45.008Z."
timestamp=2026-06-01T14:47:45.637Z level=INFO fiber=#0 message="Running commit-time withdrawal ingestion barrier up to 2026-06-01T14:47:45.008Z."
timestamp=2026-06-01T14:47:45.698Z level=INFO fiber=#0 message="Commit-time withdrawal barrier reconciled 0 withdrawal UTxO(s); fetch completed at 2026-06-01T14:47:45.698Z and locked the visibility barrier at 2026-06-01T14:47:45.008Z."
timestamp=2026-06-01T14:47:45.699Z level=INFO fiber=#0 message="🔹 Going through mempool txs and finding roots..."
timestamp=2026-06-01T14:47:45.713Z level=INFO fiber=#0 message="🔹 New transaction root found: 0e5751c026e543b2e8ab2eb06099daa1d1e5df47778f7787faab45cdf12fe3a8"
timestamp=2026-06-01T14:47:45.713Z level=INFO fiber=#0 message="🔹 New UTxO root found: 0de61b61a0f087811298c7af049af98c7a3de5bc48bb27c26b2adaf1115eeec8"
timestamp=2026-06-01T14:47:45.713Z level=INFO fiber=#0 message="🔹 No transactions were found in MempoolDB, checking ProcessedMempoolDB..."
timestamp=2026-06-01T14:47:45.715Z level=INFO fiber=#0 message="🔹 Previous submitted block is now confirmed, deserializing..."
timestamp=2026-06-01T14:47:45.716Z level=INFO fiber=#0 message="🔹 Checking for user events... (no tx requests in queue)"
timestamp=2026-06-01T14:47:45.717Z level=INFO fiber=#0 message="🔹 Nothing to commit."
timestamp=2026-06-01T14:47:45.727Z level=INFO fiber=#29 message="👷 Block commitment work completed ({\"type\":\"NothingToCommitOutput\"})."
[14:47:45.791] INFO (#193): 🔍 New block confirmation process started.
timestamp=2026-06-01T14:47:45.791Z level=INFO fiber=#1604 message="🔍 Starting block confirmation worker..."
[14:47:46.732] INFO (#192): 🔹 New block commitment process started.
[14:47:46.740] INFO (#192): Acquired state-queue mutation lease token=block_commitment:71688778-d552-4592-b6d0-44f7a21a57ce,holder=block_commitment,expires_at=2026-06-01T14:57:46.733Z
[14:47:46.988] INFO (#198): 🔸 Skipping merge because the state-queue mutation lease is busy (active_holder=block_commitment,active_token=block_commitment:71688778-d552-4592-b6d0-44f7a21a57ce,active_expires_at=2026-06-01T14:57:46.733Z).
timestamp=2026-06-01T14:47:47.019Z level=INFO fiber=#0 message="Initializing Lucid..."
timestamp=2026-06-01T14:47:47.294Z level=INFO fiber=#0 message="Lucid built successfully."
[14:47:47.364] INFO (#192): 🔹 Using live state-queue tail commit base 3f0e5516596846e9cb4d547dbdfc20f1c2bed07571e3dbb464f25166a6585b01#0 from snapshot commit_preflight:29d7029b3fd3d9d025ecbc24fd15197e1a72ca74dbab291f139e1979a997c4c2#0:3f0e5516596846e9cb4d547dbdfc20f1c2bed07571e3dbb464f25166a6585b01#0:1780325267364.
timestamp=2026-06-01T14:47:47.364Z level=INFO fiber=#1616 message="👷 Starting block commitment worker..."
[14:47:48.163] INFO (#194): 🏦 2 deposit UTxOs found.
[14:47:48.172] INFO (#194): 🏦 Reconciled 2 visible deposit UTxO(s) into deposits_utxos.
timestamp=2026-06-01T14:47:48.891Z level=INFO fiber=#0 message="Initializing Lucid..."
timestamp=2026-06-01T14:47:49.137Z level=INFO fiber=#0 message="Lucid built successfully."
timestamp=2026-06-01T14:47:49.230Z level=INFO fiber=#0 message="📚 Opening connection to db..."
timestamp=2026-06-01T14:47:49.851Z level=INFO fiber=#0 message="🔐 Contract source selected: state_queue=real, hub_oracle=real, deposit=real, tx_order=real, withdrawal=real, settlement=real, reserve=real, payout=real, registered_operators=real, active_operators=real, retired_operators=real, scheduler=real, fraud_proofs.double_spend=real"
timestamp=2026-06-01T14:47:49.852Z level=INFO fiber=#0 message="🔹 Retrieving all mempool transactions..."
timestamp=2026-06-01T14:47:49.882Z level=INFO fiber=#0 message="🏦 Running commit-time deposit ingestion barrier up to 2026-06-01T14:47:49.882Z."
timestamp=2026-06-01T14:47:50.488Z level=INFO fiber=#0 message="🏦 2 deposit UTxOs found."
timestamp=2026-06-01T14:47:50.502Z level=INFO fiber=#0 message="🏦 Commit-time deposit barrier reconciled 2 deposit UTxO(s); fetch completed at 2026-06-01T14:47:50.502Z and locked the visibility barrier at 2026-06-01T14:47:49.882Z."
timestamp=2026-06-01T14:47:50.502Z level=INFO fiber=#0 message="Running commit-time withdrawal ingestion barrier up to 2026-06-01T14:47:49.882Z."
timestamp=2026-06-01T14:47:50.553Z level=INFO fiber=#0 message="Commit-time withdrawal barrier reconciled 0 withdrawal UTxO(s); fetch completed at 2026-06-01T14:47:50.553Z and locked the visibility barrier at 2026-06-01T14:47:49.882Z."
timestamp=2026-06-01T14:47:50.555Z level=INFO fiber=#0 message="🔹 Going through mempool txs and finding roots..."
timestamp=2026-06-01T14:47:50.567Z level=INFO fiber=#0 message="🔹 New transaction root found: 0e5751c026e543b2e8ab2eb06099daa1d1e5df47778f7787faab45cdf12fe3a8"
timestamp=2026-06-01T14:47:50.567Z level=INFO fiber=#0 message="🔹 New UTxO root found: 0de61b61a0f087811298c7af049af98c7a3de5bc48bb27c26b2adaf1115eeec8"
timestamp=2026-06-01T14:47:50.567Z level=INFO fiber=#0 message="🔹 No transactions were found in MempoolDB, checking ProcessedMempoolDB..."
timestamp=2026-06-01T14:47:50.568Z level=INFO fiber=#0 message="🔹 Previous submitted block is now confirmed, deserializing..."
timestamp=2026-06-01T14:47:50.570Z level=INFO fiber=#0 message="🔹 Checking for user events... (no tx requests in queue)"
timestamp=2026-06-01T14:47:50.570Z level=INFO fiber=#0 message="🔹 Nothing to commit."
timestamp=2026-06-01T14:47:50.580Z level=INFO fiber=#29 message="👷 Block commitment work completed ({\"type\":\"NothingToCommitOutput\"})."
[14:47:51.584] INFO (#192): 🔹 New block commitment process started.
[14:47:51.594] INFO (#192): Acquired state-queue mutation lease token=block_commitment:327c0866-c772-44cf-8e0d-a558ee572a41,holder=block_commitment,expires_at=2026-06-01T14:57:51.587Z
[14:47:52.208] INFO (#192): 🔹 Using live state-queue tail commit base 3f0e5516596846e9cb4d547dbdfc20f1c2bed07571e3dbb464f25166a6585b01#0 from snapshot commit_preflight:29d7029b3fd3d9d025ecbc24fd15197e1a72ca74dbab291f139e1979a997c4c2#0:3f0e5516596846e9cb4d547dbdfc20f1c2bed07571e3dbb464f25166a6585b01#0:1780325272208.
timestamp=2026-06-01T14:47:52.208Z level=INFO fiber=#1625 message="👷 Starting block commitment worker..."
timestamp=2026-06-01T14:47:53.638Z level=INFO fiber=#0 message="Initializing Lucid..."
timestamp=2026-06-01T14:47:53.925Z level=INFO fiber=#0 message="Lucid built successfully."
timestamp=2026-06-01T14:47:54.017Z level=INFO fiber=#0 message="📚 Opening connection to db..."
timestamp=2026-06-01T14:47:54.644Z level=INFO fiber=#0 message="🔐 Contract source selected: state_queue=real, hub_oracle=real, deposit=real, tx_order=real, withdrawal=real, settlement=real, reserve=real, payout=real, registered_operators=real, active_operators=real, retired_operators=real, scheduler=real, fraud_proofs.double_spend=real"
timestamp=2026-06-01T14:47:54.644Z level=INFO fiber=#0 message="🔹 Retrieving all mempool transactions..."
timestamp=2026-06-01T14:47:54.670Z level=INFO fiber=#0 message="🏦 Running commit-time deposit ingestion barrier up to 2026-06-01T14:47:54.670Z."
timestamp=2026-06-01T14:47:55.287Z level=INFO fiber=#0 message="🏦 2 deposit UTxOs found."
timestamp=2026-06-01T14:47:55.301Z level=INFO fiber=#0 message="🏦 Commit-time deposit barrier reconciled 2 deposit UTxO(s); fetch completed at 2026-06-01T14:47:55.301Z and locked the visibility barrier at 2026-06-01T14:47:54.670Z."
timestamp=2026-06-01T14:47:55.301Z level=INFO fiber=#0 message="Running commit-time withdrawal ingestion barrier up to 2026-06-01T14:47:54.670Z."
timestamp=2026-06-01T14:47:55.360Z level=INFO fiber=#0 message="Commit-time withdrawal barrier reconciled 0 withdrawal UTxO(s); fetch completed at 2026-06-01T14:47:55.359Z and locked the visibility barrier at 2026-06-01T14:47:54.670Z."
timestamp=2026-06-01T14:47:55.361Z level=INFO fiber=#0 message="🔹 Going through mempool txs and finding roots..."
timestamp=2026-06-01T14:47:55.373Z level=INFO fiber=#0 message="🔹 New transaction root found: 0e5751c026e543b2e8ab2eb06099daa1d1e5df47778f7787faab45cdf12fe3a8"
timestamp=2026-06-01T14:47:55.373Z level=INFO fiber=#0 message="🔹 New UTxO root found: 0de61b61a0f087811298c7af049af98c7a3de5bc48bb27c26b2adaf1115eeec8"
timestamp=2026-06-01T14:47:55.374Z level=INFO fiber=#0 message="🔹 No transactions were found in MempoolDB, checking ProcessedMempoolDB..."
timestamp=2026-06-01T14:47:55.375Z level=INFO fiber=#0 message="🔹 Previous submitted block is now confirmed, deserializing..."
timestamp=2026-06-01T14:47:55.376Z level=INFO fiber=#0 message="🔹 Checking for user events... (no tx requests in queue)"
timestamp=2026-06-01T14:47:55.377Z level=INFO fiber=#0 message="🔹 Nothing to commit."
timestamp=2026-06-01T14:47:55.387Z level=INFO fiber=#29 message="👷 Block commitment work completed ({\"type\":\"NothingToCommitOutput\"})."
[14:47:56.392] INFO (#192): 🔹 New block commitment process started.
[14:47:56.400] INFO (#192): Acquired state-queue mutation lease token=block_commitment:fb27f2e3-8967-43e6-b61b-7299413436af,holder=block_commitment,expires_at=2026-06-01T14:57:56.393Z
[14:47:56.992] INFO (#198): 🔸 Skipping merge because the state-queue mutation lease is busy (active_holder=block_commitment,active_token=block_commitment:fb27f2e3-8967-43e6-b61b-7299413436af,active_expires_at=2026-06-01T14:57:56.393Z).
[14:47:57.062] INFO (#192): 🔹 Using live state-queue tail commit base 3f0e5516596846e9cb4d547dbdfc20f1c2bed07571e3dbb464f25166a6585b01#0 from snapshot commit_preflight:29d7029b3fd3d9d025ecbc24fd15197e1a72ca74dbab291f139e1979a997c4c2#0:3f0e5516596846e9cb4d547dbdfc20f1c2bed07571e3dbb464f25166a6585b01#0:1780325277062.
timestamp=2026-06-01T14:47:57.062Z level=INFO fiber=#1637 message="👷 Starting block commitment worker..."
[14:47:57.990] INFO (#193): 🔍 New block confirmation process started.
timestamp=2026-06-01T14:47:57.990Z level=INFO fiber=#1638 message="🔍 Starting block confirmation worker..."
timestamp=2026-06-01T14:47:58.580Z level=INFO fiber=#0 message="Initializing Lucid..."
[14:47:58.798] INFO (#194): 🏦 2 deposit UTxOs found.
[14:47:58.801] INFO (#194): 🏦 Reconciled 2 visible deposit UTxO(s) into deposits_utxos.
timestamp=2026-06-01T14:47:58.864Z level=INFO fiber=#0 message="Lucid built successfully."
timestamp=2026-06-01T14:47:58.970Z level=INFO fiber=#0 message="📚 Opening connection to db..."
timestamp=2026-06-01T14:47:59.487Z level=INFO fiber=#0 message="Initializing Lucid..."
timestamp=2026-06-01T14:47:59.755Z level=INFO fiber=#0 message="🔐 Contract source selected: state_queue=real, hub_oracle=real, deposit=real, tx_order=real, withdrawal=real, settlement=real, reserve=real, payout=real, registered_operators=real, active_operators=real, retired_operators=real, scheduler=real, fraud_proofs.double_spend=real"
timestamp=2026-06-01T14:47:59.756Z level=INFO fiber=#0 message="🔹 Retrieving all mempool transactions..."
timestamp=2026-06-01T14:47:59.782Z level=INFO fiber=#0 message="🏦 Running commit-time deposit ingestion barrier up to 2026-06-01T14:47:59.782Z."
timestamp=2026-06-01T14:47:59.797Z level=INFO fiber=#0 message="Lucid built successfully."
timestamp=2026-06-01T14:48:00.407Z level=INFO fiber=#0 message="🏦 2 deposit UTxOs found."
timestamp=2026-06-01T14:48:00.420Z level=INFO fiber=#0 message="🏦 Commit-time deposit barrier reconciled 2 deposit UTxO(s); fetch completed at 2026-06-01T14:48:00.420Z and locked the visibility barrier at 2026-06-01T14:47:59.782Z."
timestamp=2026-06-01T14:48:00.420Z level=INFO fiber=#0 message="Running commit-time withdrawal ingestion barrier up to 2026-06-01T14:47:59.782Z."
timestamp=2026-06-01T14:48:00.489Z level=INFO fiber=#0 message="Commit-time withdrawal barrier reconciled 0 withdrawal UTxO(s); fetch completed at 2026-06-01T14:48:00.489Z and locked the visibility barrier at 2026-06-01T14:47:59.782Z."
timestamp=2026-06-01T14:48:00.490Z level=INFO fiber=#0 message="🔹 Going through mempool txs and finding roots..."
timestamp=2026-06-01T14:48:00.503Z level=INFO fiber=#0 message="🔹 New transaction root found: 0e5751c026e543b2e8ab2eb06099daa1d1e5df47778f7787faab45cdf12fe3a8"
timestamp=2026-06-01T14:48:00.503Z level=INFO fiber=#0 message="🔹 New UTxO root found: 0de61b61a0f087811298c7af049af98c7a3de5bc48bb27c26b2adaf1115eeec8"
timestamp=2026-06-01T14:48:00.503Z level=INFO fiber=#0 message="🔹 No transactions were found in MempoolDB, checking ProcessedMempoolDB..."
timestamp=2026-06-01T14:48:00.504Z level=INFO fiber=#0 message="🔹 Previous submitted block is now confirmed, deserializing..."
timestamp=2026-06-01T14:48:00.506Z level=INFO fiber=#0 message="🔹 Checking for user events... (no tx requests in queue)"
timestamp=2026-06-01T14:48:00.507Z level=INFO fiber=#0 message="🔹 Nothing to commit."
timestamp=2026-06-01T14:48:00.518Z level=INFO fiber=#29 message="👷 Block commitment work completed ({\"type\":\"NothingToCommitOutput\"})."
[14:48:01.523] INFO (#192): 🔹 New block commitment process started.
[14:48:01.527] INFO (#192): Acquired state-queue mutation lease token=block_commitment:8ba32b58-f2ab-48a5-9a4d-a6549523d586,holder=block_commitment,expires_at=2026-06-01T14:58:01.525Z
[14:48:02.207] INFO (#192): 🔹 Using live state-queue tail commit base 3f0e5516596846e9cb4d547dbdfc20f1c2bed07571e3dbb464f25166a6585b01#0 from snapshot commit_preflight:29d7029b3fd3d9d025ecbc24fd15197e1a72ca74dbab291f139e1979a997c4c2#0:3f0e5516596846e9cb4d547dbdfc20f1c2bed07571e3dbb464f25166a6585b01#0:1780325282207.
timestamp=2026-06-01T14:48:02.207Z level=INFO fiber=#1647 message="👷 Starting block commitment worker..."
timestamp=2026-06-01T14:48:03.649Z level=INFO fiber=#0 message="Initializing Lucid..."
timestamp=2026-06-01T14:48:03.914Z level=INFO fiber=#0 message="Lucid built successfully."
timestamp=2026-06-01T14:48:04.005Z level=INFO fiber=#0 message="📚 Opening connection to db..."
timestamp=2026-06-01T14:48:04.614Z level=INFO fiber=#0 message="🔐 Contract source selected: state_queue=real, hub_oracle=real, deposit=real, tx_order=real, withdrawal=real, settlement=real, reserve=real, payout=real, registered_operators=real, active_operators=real, retired_operators=real, scheduler=real, fraud_proofs.double_spend=real"
timestamp=2026-06-01T14:48:04.615Z level=INFO fiber=#0 message="🔹 Retrieving all mempool transactions..."
timestamp=2026-06-01T14:48:04.645Z level=INFO fiber=#0 message="🏦 Running commit-time deposit ingestion barrier up to 2026-06-01T14:48:04.645Z."
timestamp=2026-06-01T14:48:05.252Z level=INFO fiber=#0 message="🏦 2 deposit UTxOs found."
timestamp=2026-06-01T14:48:05.266Z level=INFO fiber=#0 message="🏦 Commit-time deposit barrier reconciled 2 deposit UTxO(s); fetch completed at 2026-06-01T14:48:05.266Z and locked the visibility barrier at 2026-06-01T14:48:04.645Z."
timestamp=2026-06-01T14:48:05.266Z level=INFO fiber=#0 message="Running commit-time withdrawal ingestion barrier up to 2026-06-01T14:48:04.645Z."
timestamp=2026-06-01T14:48:05.317Z level=INFO fiber=#0 message="Commit-time withdrawal barrier reconciled 0 withdrawal UTxO(s); fetch completed at 2026-06-01T14:48:05.317Z and locked the visibility barrier at 2026-06-01T14:48:04.645Z."
timestamp=2026-06-01T14:48:05.319Z level=INFO fiber=#0 message="🔹 Going through mempool txs and finding roots..."
timestamp=2026-06-01T14:48:05.332Z level=INFO fiber=#0 message="🔹 New transaction root found: 0e5751c026e543b2e8ab2eb06099daa1d1e5df47778f7787faab45cdf12fe3a8"
timestamp=2026-06-01T14:48:05.332Z level=INFO fiber=#0 message="🔹 New UTxO root found: 0de61b61a0f087811298c7af049af98c7a3de5bc48bb27c26b2adaf1115eeec8"
timestamp=2026-06-01T14:48:05.332Z level=INFO fiber=#0 message="🔹 No transactions were found in MempoolDB, checking ProcessedMempoolDB..."
timestamp=2026-06-01T14:48:05.333Z level=INFO fiber=#0 message="🔹 Previous submitted block is now confirmed, deserializing..."
timestamp=2026-06-01T14:48:05.335Z level=INFO fiber=#0 message="🔹 Checking for user events... (no tx requests in queue)"
timestamp=2026-06-01T14:48:05.336Z level=INFO fiber=#0 message="🔹 Nothing to commit."
timestamp=2026-06-01T14:48:05.348Z level=INFO fiber=#29 message="👷 Block commitment work completed ({\"type\":\"NothingToCommitOutput\"})."
[14:48:06.353] INFO (#192): 🔹 New block commitment process started.
[14:48:06.361] INFO (#192): Acquired state-queue mutation lease token=block_commitment:881cc061-76cf-46df-add8-a36cccb5b6b1,holder=block_commitment,expires_at=2026-06-01T14:58:06.354Z
[14:48:06.995] INFO (#198): 🔸 Skipping merge because the state-queue mutation lease is busy (active_holder=block_commitment,active_token=block_commitment:881cc061-76cf-46df-add8-a36cccb5b6b1,active_expires_at=2026-06-01T14:58:06.354Z).
[14:48:07.017] INFO (#192): 🔹 Using live state-queue tail commit base 3f0e5516596846e9cb4d547dbdfc20f1c2bed07571e3dbb464f25166a6585b01#0 from snapshot commit_preflight:29d7029b3fd3d9d025ecbc24fd15197e1a72ca74dbab291f139e1979a997c4c2#0:3f0e5516596846e9cb4d547dbdfc20f1c2bed07571e3dbb464f25166a6585b01#0:1780325287017.
timestamp=2026-06-01T14:48:07.018Z level=INFO fiber=#1659 message="👷 Starting block commitment worker..."
timestamp=2026-06-01T14:48:08.417Z level=INFO fiber=#0 message="Initializing Lucid..."
timestamp=2026-06-01T14:48:08.663Z level=INFO fiber=#0 message="Lucid built successfully."
timestamp=2026-06-01T14:48:08.755Z level=INFO fiber=#0 message="📚 Opening connection to db..."
timestamp=2026-06-01T14:48:09.371Z level=INFO fiber=#0 message="🔐 Contract source selected: state_queue=real, hub_oracle=real, deposit=real, tx_order=real, withdrawal=real, settlement=real, reserve=real, payout=real, registered_operators=real, active_operators=real, retired_operators=real, scheduler=real, fraud_proofs.double_spend=real"
timestamp=2026-06-01T14:48:09.372Z level=INFO fiber=#0 message="🔹 Retrieving all mempool transactions..."
timestamp=2026-06-01T14:48:09.403Z level=INFO fiber=#0 message="🏦 Running commit-time deposit ingestion barrier up to 2026-06-01T14:48:09.403Z."
[14:48:09.404] INFO (#194): 🏦 2 deposit UTxOs found.
[14:48:09.408] INFO (#194): 🏦 Reconciled 2 visible deposit UTxO(s) into deposits_utxos.
timestamp=2026-06-01T14:48:10.011Z level=INFO fiber=#0 message="🏦 2 deposit UTxOs found."
timestamp=2026-06-01T14:48:10.025Z level=INFO fiber=#0 message="🏦 Commit-time deposit barrier reconciled 2 deposit UTxO(s); fetch completed at 2026-06-01T14:48:10.025Z and locked the visibility barrier at 2026-06-01T14:48:09.403Z."
timestamp=2026-06-01T14:48:10.025Z level=INFO fiber=#0 message="Running commit-time withdrawal ingestion barrier up to 2026-06-01T14:48:09.403Z."
timestamp=2026-06-01T14:48:10.079Z level=INFO fiber=#0 message="Commit-time withdrawal barrier reconciled 0 withdrawal UTxO(s); fetch completed at 2026-06-01T14:48:10.079Z and locked the visibility barrier at 2026-06-01T14:48:09.403Z."
timestamp=2026-06-01T14:48:10.080Z level=INFO fiber=#0 message="🔹 Going through mempool txs and finding roots..."
timestamp=2026-06-01T14:48:10.093Z level=INFO fiber=#0 message="🔹 New transaction root found: 0e5751c026e543b2e8ab2eb06099daa1d1e5df47778f7787faab45cdf12fe3a8"
timestamp=2026-06-01T14:48:10.093Z level=INFO fiber=#0 message="🔹 New UTxO root found: 0de61b61a0f087811298c7af049af98c7a3de5bc48bb27c26b2adaf1115eeec8"
timestamp=2026-06-01T14:48:10.093Z level=INFO fiber=#0 message="🔹 No transactions were found in MempoolDB, checking ProcessedMempoolDB..."
timestamp=2026-06-01T14:48:10.094Z level=INFO fiber=#0 message="🔹 Previous submitted block is now confirmed, deserializing..."
timestamp=2026-06-01T14:48:10.096Z level=INFO fiber=#0 message="🔹 Checking for user events... (no tx requests in queue)"
timestamp=2026-06-01T14:48:10.096Z level=INFO fiber=#0 message="🔹 Nothing to commit."
timestamp=2026-06-01T14:48:10.106Z level=INFO fiber=#29 message="👷 Block commitment work completed ({\"type\":\"NothingToCommitOutput\"})."
[14:48:10.427] INFO (#193): 🔍 New block confirmation process started.
timestamp=2026-06-01T14:48:10.427Z level=INFO fiber=#1661 message="🔍 Starting block confirmation worker..."
[14:48:11.110] INFO (#192): 🔹 New block commitment process started.
[14:48:11.118] INFO (#192): Acquired state-queue mutation lease token=block_commitment:69f818ac-f01a-4cc0-bb60-57c116ff7d36,holder=block_commitment,expires_at=2026-06-01T14:58:11.111Z
timestamp=2026-06-01T14:48:11.653Z level=INFO fiber=#0 message="Initializing Lucid..."
[14:48:11.724] INFO (#192): 🔹 Using live state-queue tail commit base 3f0e5516596846e9cb4d547dbdfc20f1c2bed07571e3dbb464f25166a6585b01#0 from snapshot commit_preflight:29d7029b3fd3d9d025ecbc24fd15197e1a72ca74dbab291f139e1979a997c4c2#0:3f0e5516596846e9cb4d547dbdfc20f1c2bed07571e3dbb464f25166a6585b01#0:1780325291724.
timestamp=2026-06-01T14:48:11.724Z level=INFO fiber=#1669 message="👷 Starting block commitment worker..."
timestamp=2026-06-01T14:48:11.895Z level=INFO fiber=#0 message="Lucid built successfully."
timestamp=2026-06-01T14:48:13.272Z level=INFO fiber=#0 message="Initializing Lucid..."
timestamp=2026-06-01T14:48:13.537Z level=INFO fiber=#0 message="Lucid built successfully."
timestamp=2026-06-01T14:48:13.630Z level=INFO fiber=#0 message="📚 Opening connection to db..."
timestamp=2026-06-01T14:48:14.256Z level=INFO fiber=#0 message="🔐 Contract source selected: state_queue=real, hub_oracle=real, deposit=real, tx_order=real, withdrawal=real, settlement=real, reserve=real, payout=real, registered_operators=real, active_operators=real, retired_operators=real, scheduler=real, fraud_proofs.double_spend=real"
timestamp=2026-06-01T14:48:14.256Z level=INFO fiber=#0 message="🔹 Retrieving all mempool transactions..."
timestamp=2026-06-01T14:48:14.282Z level=INFO fiber=#0 message="🏦 Running commit-time deposit ingestion barrier up to 2026-06-01T14:48:14.282Z."
timestamp=2026-06-01T14:48:14.894Z level=INFO fiber=#0 message="🏦 2 deposit UTxOs found."
timestamp=2026-06-01T14:48:14.907Z level=INFO fiber=#0 message="🏦 Commit-time deposit barrier reconciled 2 deposit UTxO(s); fetch completed at 2026-06-01T14:48:14.907Z and locked the visibility barrier at 2026-06-01T14:48:14.282Z."
timestamp=2026-06-01T14:48:14.908Z level=INFO fiber=#0 message="Running commit-time withdrawal ingestion barrier up to 2026-06-01T14:48:14.282Z."
timestamp=2026-06-01T14:48:14.959Z level=INFO fiber=#0 message="Commit-time withdrawal barrier reconciled 0 withdrawal UTxO(s); fetch completed at 2026-06-01T14:48:14.959Z and locked the visibility barrier at 2026-06-01T14:48:14.282Z."
timestamp=2026-06-01T14:48:14.960Z level=INFO fiber=#0 message="🔹 Going through mempool txs and finding roots..."
timestamp=2026-06-01T14:48:14.973Z level=INFO fiber=#0 message="🔹 New transaction root found: 0e5751c026e543b2e8ab2eb06099daa1d1e5df47778f7787faab45cdf12fe3a8"
timestamp=2026-06-01T14:48:14.973Z level=INFO fiber=#0 message="🔹 New UTxO root found: 0de61b61a0f087811298c7af049af98c7a3de5bc48bb27c26b2adaf1115eeec8"
timestamp=2026-06-01T14:48:14.973Z level=INFO fiber=#0 message="🔹 No transactions were found in MempoolDB, checking ProcessedMempoolDB..."
timestamp=2026-06-01T14:48:14.974Z level=INFO fiber=#0 message="🔹 Previous submitted block is now confirmed, deserializing..."
timestamp=2026-06-01T14:48:14.976Z level=INFO fiber=#0 message="🔹 Checking for user events... (no tx requests in queue)"
timestamp=2026-06-01T14:48:14.976Z level=INFO fiber=#0 message="🔹 Nothing to commit."
timestamp=2026-06-01T14:48:14.986Z level=INFO fiber=#29 message="👷 Block commitment work completed ({\"type\":\"NothingToCommitOutput\"})."
[14:48:15.990] INFO (#192): 🔹 New block commitment process started.
[14:48:15.999] INFO (#192): Acquired state-queue mutation lease token=block_commitment:8102c82b-41e5-40cb-9b34-8c44a7132249,holder=block_commitment,expires_at=2026-06-01T14:58:15.992Z
[14:48:16.654] INFO (#192): 🔹 Using live state-queue tail commit base 3f0e5516596846e9cb4d547dbdfc20f1c2bed07571e3dbb464f25166a6585b01#0 from snapshot commit_preflight:29d7029b3fd3d9d025ecbc24fd15197e1a72ca74dbab291f139e1979a997c4c2#0:3f0e5516596846e9cb4d547dbdfc20f1c2bed07571e3dbb464f25166a6585b01#0:1780325296654.
timestamp=2026-06-01T14:48:16.654Z level=INFO fiber=#1678 message="👷 Starting block commitment worker..."
[14:48:16.999] INFO (#198): 🔸 Skipping merge because the state-queue mutation lease is busy (active_holder=block_commitment,active_token=block_commitment:8102c82b-41e5-40cb-9b34-8c44a7132249,active_expires_at=2026-06-01T14:58:15.992Z).
timestamp=2026-06-01T14:48:18.098Z level=INFO fiber=#0 message="Initializing Lucid..."
timestamp=2026-06-01T14:48:18.393Z level=INFO fiber=#0 message="Lucid built successfully."
timestamp=2026-06-01T14:48:18.484Z level=INFO fiber=#0 message="📚 Opening connection to db..."
timestamp=2026-06-01T14:48:19.111Z level=INFO fiber=#0 message="🔐 Contract source selected: state_queue=real, hub_oracle=real, deposit=real, tx_order=real, withdrawal=real, settlement=real, reserve=real, payout=real, registered_operators=real, active_operators=real, retired_operators=real, scheduler=real, fraud_proofs.double_spend=real"
timestamp=2026-06-01T14:48:19.112Z level=INFO fiber=#0 message="🔹 Retrieving all mempool transactions..."
timestamp=2026-06-01T14:48:19.140Z level=INFO fiber=#0 message="🏦 Running commit-time deposit ingestion barrier up to 2026-06-01T14:48:19.139Z."
timestamp=2026-06-01T14:48:19.764Z level=INFO fiber=#0 message="🏦 2 deposit UTxOs found."
timestamp=2026-06-01T14:48:19.773Z level=INFO fiber=#0 message="🏦 Commit-time deposit barrier reconciled 2 deposit UTxO(s); fetch completed at 2026-06-01T14:48:19.773Z and locked the visibility barrier at 2026-06-01T14:48:19.139Z."
timestamp=2026-06-01T14:48:19.773Z level=INFO fiber=#0 message="Running commit-time withdrawal ingestion barrier up to 2026-06-01T14:48:19.139Z."
timestamp=2026-06-01T14:48:19.832Z level=INFO fiber=#0 message="Commit-time withdrawal barrier reconciled 0 withdrawal UTxO(s); fetch completed at 2026-06-01T14:48:19.831Z and locked the visibility barrier at 2026-06-01T14:48:19.139Z."
timestamp=2026-06-01T14:48:19.833Z level=INFO fiber=#0 message="🔹 Going through mempool txs and finding roots..."
timestamp=2026-06-01T14:48:19.845Z level=INFO fiber=#0 message="🔹 New transaction root found: 0e5751c026e543b2e8ab2eb06099daa1d1e5df47778f7787faab45cdf12fe3a8"
timestamp=2026-06-01T14:48:19.846Z level=INFO fiber=#0 message="🔹 New UTxO root found: 0de61b61a0f087811298c7af049af98c7a3de5bc48bb27c26b2adaf1115eeec8"
timestamp=2026-06-01T14:48:19.846Z level=INFO fiber=#0 message="🔹 No transactions were found in MempoolDB, checking ProcessedMempoolDB..."
timestamp=2026-06-01T14:48:19.847Z level=INFO fiber=#0 message="🔹 Previous submitted block is now confirmed, deserializing..."
timestamp=2026-06-01T14:48:19.848Z level=INFO fiber=#0 message="🔹 Checking for user events... (no tx requests in queue)"
timestamp=2026-06-01T14:48:19.849Z level=INFO fiber=#0 message="🔹 Nothing to commit."
timestamp=2026-06-01T14:48:19.860Z level=INFO fiber=#29 message="👷 Block commitment work completed ({\"type\":\"NothingToCommitOutput\"})."
[14:48:20.012] INFO (#194): 🏦 2 deposit UTxOs found.
[14:48:20.016] INFO (#194): 🏦 Reconciled 2 visible deposit UTxO(s) into deposits_utxos.
[14:48:20.864] INFO (#192): 🔹 New block commitment process started.
[14:48:20.873] INFO (#192): Acquired state-queue mutation lease token=block_commitment:c6aa7377-8976-4894-9675-98e09dc1fe95,holder=block_commitment,expires_at=2026-06-01T14:58:20.865Z
[14:48:21.472] INFO (#192): 🔹 Using live state-queue tail commit base 3f0e5516596846e9cb4d547dbdfc20f1c2bed07571e3dbb464f25166a6585b01#0 from snapshot commit_preflight:29d7029b3fd3d9d025ecbc24fd15197e1a72ca74dbab291f139e1979a997c4c2#0:3f0e5516596846e9cb4d547dbdfc20f1c2bed07571e3dbb464f25166a6585b01#0:1780325301472.
timestamp=2026-06-01T14:48:21.473Z level=INFO fiber=#1690 message="👷 Starting block commitment worker..."
[14:48:22.611] INFO (#193): 🔍 New block confirmation process started.
timestamp=2026-06-01T14:48:22.611Z level=INFO fiber=#1691 message="🔍 Starting block confirmation worker..."
timestamp=2026-06-01T14:48:22.949Z level=INFO fiber=#0 message="Initializing Lucid..."
timestamp=2026-06-01T14:48:23.245Z level=INFO fiber=#0 message="Lucid built successfully."
timestamp=2026-06-01T14:48:23.361Z level=INFO fiber=#0 message="📚 Opening connection to db..."
timestamp=2026-06-01T14:48:24.050Z level=INFO fiber=#0 message="Initializing Lucid..."
timestamp=2026-06-01T14:48:24.101Z level=INFO fiber=#0 message="🔐 Contract source selected: state_queue=real, hub_oracle=real, deposit=real, tx_order=real, withdrawal=real, settlement=real, reserve=real, payout=real, registered_operators=real, active_operators=real, retired_operators=real, scheduler=real, fraud_proofs.double_spend=real"
timestamp=2026-06-01T14:48:24.102Z level=INFO fiber=#0 message="🔹 Retrieving all mempool transactions..."
timestamp=2026-06-01T14:48:24.129Z level=INFO fiber=#0 message="🏦 Running commit-time deposit ingestion barrier up to 2026-06-01T14:48:24.129Z."
timestamp=2026-06-01T14:48:24.304Z level=INFO fiber=#0 message="Lucid built successfully."
timestamp=2026-06-01T14:48:24.755Z level=INFO fiber=#0 message="🏦 2 deposit UTxOs found."
timestamp=2026-06-01T14:48:24.763Z level=INFO fiber=#0 message="🏦 Commit-time deposit barrier reconciled 2 deposit UTxO(s); fetch completed at 2026-06-01T14:48:24.763Z and locked the visibility barrier at 2026-06-01T14:48:24.129Z."
timestamp=2026-06-01T14:48:24.764Z level=INFO fiber=#0 message="Running commit-time withdrawal ingestion barrier up to 2026-06-01T14:48:24.129Z."
timestamp=2026-06-01T14:48:24.825Z level=INFO fiber=#0 message="Commit-time withdrawal barrier reconciled 0 withdrawal UTxO(s); fetch completed at 2026-06-01T14:48:24.825Z and locked the visibility barrier at 2026-06-01T14:48:24.129Z."
timestamp=2026-06-01T14:48:24.826Z level=INFO fiber=#0 message="🔹 Going through mempool txs and finding roots..."
timestamp=2026-06-01T14:48:24.838Z level=INFO fiber=#0 message="🔹 New transaction root found: 0e5751c026e543b2e8ab2eb06099daa1d1e5df47778f7787faab45cdf12fe3a8"
timestamp=2026-06-01T14:48:24.838Z level=INFO fiber=#0 message="🔹 New UTxO root found: 0de61b61a0f087811298c7af049af98c7a3de5bc48bb27c26b2adaf1115eeec8"
timestamp=2026-06-01T14:48:24.838Z level=INFO fiber=#0 message="🔹 No transactions were found in MempoolDB, checking ProcessedMempoolDB..."
timestamp=2026-06-01T14:48:24.840Z level=INFO fiber=#0 message="🔹 Previous submitted block is now confirmed, deserializing..."
timestamp=2026-06-01T14:48:24.841Z level=INFO fiber=#0 message="🔹 Checking for user events... (no tx requests in queue)"
timestamp=2026-06-01T14:48:24.842Z level=INFO fiber=#0 message="🔹 Nothing to commit."
timestamp=2026-06-01T14:48:24.854Z level=INFO fiber=#29 message="👷 Block commitment work completed ({\"type\":\"NothingToCommitOutput\"})."
[14:48:25.858] INFO (#192): 🔹 New block commitment process started.
[14:48:25.867] INFO (#192): Acquired state-queue mutation lease token=block_commitment:e614807a-ae90-4ff9-8023-6019017d68ed,holder=block_commitment,expires_at=2026-06-01T14:58:25.859Z
[14:48:26.537] INFO (#192): 🔹 Using live state-queue tail commit base 3f0e5516596846e9cb4d547dbdfc20f1c2bed07571e3dbb464f25166a6585b01#0 from snapshot commit_preflight:29d7029b3fd3d9d025ecbc24fd15197e1a72ca74dbab291f139e1979a997c4c2#0:3f0e5516596846e9cb4d547dbdfc20f1c2bed07571e3dbb464f25166a6585b01#0:1780325306537.
timestamp=2026-06-01T14:48:26.538Z level=INFO fiber=#1699 message="👷 Starting block commitment worker..."
[14:48:27.004] INFO (#198): 🔸 Skipping merge because the state-queue mutation lease is busy (active_holder=block_commitment,active_token=block_commitment:e614807a-ae90-4ff9-8023-6019017d68ed,active_expires_at=2026-06-01T14:58:25.859Z).
timestamp=2026-06-01T14:48:27.993Z level=INFO fiber=#0 message="Initializing Lucid..."
timestamp=2026-06-01T14:48:28.316Z level=INFO fiber=#0 message="Lucid built successfully."
timestamp=2026-06-01T14:48:28.408Z level=INFO fiber=#0 message="📚 Opening connection to db..."
timestamp=2026-06-01T14:48:29.031Z level=INFO fiber=#0 message="🔐 Contract source selected: state_queue=real, hub_oracle=real, deposit=real, tx_order=real, withdrawal=real, settlement=real, reserve=real, payout=real, registered_operators=real, active_operators=real, retired_operators=real, scheduler=real, fraud_proofs.double_spend=real"
timestamp=2026-06-01T14:48:29.032Z level=INFO fiber=#0 message="🔹 Retrieving all mempool transactions..."
timestamp=2026-06-01T14:48:29.063Z level=INFO fiber=#0 message="🏦 Running commit-time deposit ingestion barrier up to 2026-06-01T14:48:29.063Z."
timestamp=2026-06-01T14:48:29.673Z level=INFO fiber=#0 message="🏦 2 deposit UTxOs found."
timestamp=2026-06-01T14:48:29.681Z level=INFO fiber=#0 message="🏦 Commit-time deposit barrier reconciled 2 deposit UTxO(s); fetch completed at 2026-06-01T14:48:29.681Z and locked the visibility barrier at 2026-06-01T14:48:29.063Z."
timestamp=2026-06-01T14:48:29.682Z level=INFO fiber=#0 message="Running commit-time withdrawal ingestion barrier up to 2026-06-01T14:48:29.063Z."
timestamp=2026-06-01T14:48:29.735Z level=INFO fiber=#0 message="Commit-time withdrawal barrier reconciled 0 withdrawal UTxO(s); fetch completed at 2026-06-01T14:48:29.734Z and locked the visibility barrier at 2026-06-01T14:48:29.063Z."
timestamp=2026-06-01T14:48:29.736Z level=INFO fiber=#0 message="🔹 Going through mempool txs and finding roots..."
timestamp=2026-06-01T14:48:29.749Z level=INFO fiber=#0 message="🔹 New transaction root found: 0e5751c026e543b2e8ab2eb06099daa1d1e5df47778f7787faab45cdf12fe3a8"
timestamp=2026-06-01T14:48:29.749Z level=INFO fiber=#0 message="🔹 New UTxO root found: 0de61b61a0f087811298c7af049af98c7a3de5bc48bb27c26b2adaf1115eeec8"
timestamp=2026-06-01T14:48:29.749Z level=INFO fiber=#0 message="🔹 No transactions were found in MempoolDB, checking ProcessedMempoolDB..."
timestamp=2026-06-01T14:48:29.750Z level=INFO fiber=#0 message="🔹 Previous submitted block is now confirmed, deserializing..."
timestamp=2026-06-01T14:48:29.752Z level=INFO fiber=#0 message="🔹 Checking for user events... (no tx requests in queue)"
timestamp=2026-06-01T14:48:29.753Z level=INFO fiber=#0 message="🔹 Nothing to commit."
timestamp=2026-06-01T14:48:29.763Z level=INFO fiber=#29 message="👷 Block commitment work completed ({\"type\":\"NothingToCommitOutput\"})."
[14:48:30.630] INFO (#194): 🏦 2 deposit UTxOs found.
[14:48:30.639] INFO (#194): 🏦 Reconciled 2 visible deposit UTxO(s) into deposits_utxos.
[14:48:30.767] INFO (#192): 🔹 New block commitment process started.
[14:48:30.772] INFO (#192): Acquired state-queue mutation lease token=block_commitment:82ce948a-1c71-47d6-a130-f074a9ebc7a7,holder=block_commitment,expires_at=2026-06-01T14:58:30.769Z
[14:48:31.374] INFO (#192): 🔹 Using live state-queue tail commit base 3f0e5516596846e9cb4d547dbdfc20f1c2bed07571e3dbb464f25166a6585b01#0 from snapshot commit_preflight:29d7029b3fd3d9d025ecbc24fd15197e1a72ca74dbab291f139e1979a997c4c2#0:3f0e5516596846e9cb4d547dbdfc20f1c2bed07571e3dbb464f25166a6585b01#0:1780325311374.
timestamp=2026-06-01T14:48:31.374Z level=INFO fiber=#1712 message="👷 Starting block commitment worker..."
timestamp=2026-06-01T14:48:32.832Z level=INFO fiber=#0 message="Initializing Lucid..."
timestamp=2026-06-01T14:48:33.128Z level=INFO fiber=#0 message="Lucid built successfully."
timestamp=2026-06-01T14:48:33.222Z level=INFO fiber=#0 message="📚 Opening connection to db..."
timestamp=2026-06-01T14:48:33.846Z level=INFO fiber=#0 message="🔐 Contract source selected: state_queue=real, hub_oracle=real, deposit=real, tx_order=real, withdrawal=real, settlement=real, reserve=real, payout=real, registered_operators=real, active_operators=real, retired_operators=real, scheduler=real, fraud_proofs.double_spend=real"
timestamp=2026-06-01T14:48:33.847Z level=INFO fiber=#0 message="🔹 Retrieving all mempool transactions..."
timestamp=2026-06-01T14:48:33.878Z level=INFO fiber=#0 message="🏦 Running commit-time deposit ingestion barrier up to 2026-06-01T14:48:33.878Z."
timestamp=2026-06-01T14:48:34.494Z level=INFO fiber=#0 message="🏦 2 deposit UTxOs found."
timestamp=2026-06-01T14:48:34.508Z level=INFO fiber=#0 message="🏦 Commit-time deposit barrier reconciled 2 deposit UTxO(s); fetch completed at 2026-06-01T14:48:34.508Z and locked the visibility barrier at 2026-06-01T14:48:33.878Z."
timestamp=2026-06-01T14:48:34.508Z level=INFO fiber=#0 message="Running commit-time withdrawal ingestion barrier up to 2026-06-01T14:48:33.878Z."
timestamp=2026-06-01T14:48:34.571Z level=INFO fiber=#0 message="Commit-time withdrawal barrier reconciled 0 withdrawal UTxO(s); fetch completed at 2026-06-01T14:48:34.571Z and locked the visibility barrier at 2026-06-01T14:48:33.878Z."
timestamp=2026-06-01T14:48:34.572Z level=INFO fiber=#0 message="🔹 Going through mempool txs and finding roots..."
timestamp=2026-06-01T14:48:34.585Z level=INFO fiber=#0 message="🔹 New transaction root found: 0e5751c026e543b2e8ab2eb06099daa1d1e5df47778f7787faab45cdf12fe3a8"
timestamp=2026-06-01T14:48:34.585Z level=INFO fiber=#0 message="🔹 New UTxO root found: 0de61b61a0f087811298c7af049af98c7a3de5bc48bb27c26b2adaf1115eeec8"
timestamp=2026-06-01T14:48:34.585Z level=INFO fiber=#0 message="🔹 No transactions were found in MempoolDB, checking ProcessedMempoolDB..."
timestamp=2026-06-01T14:48:34.586Z level=INFO fiber=#0 message="🔹 Previous submitted block is now confirmed, deserializing..."
timestamp=2026-06-01T14:48:34.588Z level=INFO fiber=#0 message="🔹 Checking for user events... (no tx requests in queue)"
timestamp=2026-06-01T14:48:34.588Z level=INFO fiber=#0 message="🔹 Nothing to commit."
timestamp=2026-06-01T14:48:34.598Z level=INFO fiber=#29 message="👷 Block commitment work completed ({\"type\":\"NothingToCommitOutput\"})."
[14:48:34.944] INFO (#193): 🔍 New block confirmation process started.
timestamp=2026-06-01T14:48:34.944Z level=INFO fiber=#1713 message="🔍 Starting block confirmation worker..."
[14:48:35.604] INFO (#192): 🔹 New block commitment process started.
[14:48:35.608] INFO (#192): Acquired state-queue mutation lease token=block_commitment:2eb36ef4-3b24-4ad9-bf0d-b83bdd7c81f7,holder=block_commitment,expires_at=2026-06-01T14:58:35.606Z
timestamp=2026-06-01T14:48:36.180Z level=INFO fiber=#0 message="Initializing Lucid..."
[14:48:36.282] INFO (#192): 🔹 Using live state-queue tail commit base 3f0e5516596846e9cb4d547dbdfc20f1c2bed07571e3dbb464f25166a6585b01#0 from snapshot commit_preflight:29d7029b3fd3d9d025ecbc24fd15197e1a72ca74dbab291f139e1979a997c4c2#0:3f0e5516596846e9cb4d547dbdfc20f1c2bed07571e3dbb464f25166a6585b01#0:1780325316282.
timestamp=2026-06-01T14:48:36.282Z level=INFO fiber=#1721 message="👷 Starting block commitment worker..."
timestamp=2026-06-01T14:48:36.481Z level=INFO fiber=#0 message="Lucid built successfully."
[14:48:37.010] INFO (#198): 🔸 Skipping merge because the state-queue mutation lease is busy (active_holder=block_commitment,active_token=block_commitment:2eb36ef4-3b24-4ad9-bf0d-b83bdd7c81f7,active_expires_at=2026-06-01T14:58:35.606Z).
timestamp=2026-06-01T14:48:37.843Z level=INFO fiber=#0 message="Initializing Lucid..."
timestamp=2026-06-01T14:48:38.097Z level=INFO fiber=#0 message="Lucid built successfully."
timestamp=2026-06-01T14:48:38.205Z level=INFO fiber=#0 message="📚 Opening connection to db..."
timestamp=2026-06-01T14:48:38.809Z level=INFO fiber=#0 message="🔐 Contract source selected: state_queue=real, hub_oracle=real, deposit=real, tx_order=real, withdrawal=real, settlement=real, reserve=real, payout=real, registered_operators=real, active_operators=real, retired_operators=real, scheduler=real, fraud_proofs.double_spend=real"
timestamp=2026-06-01T14:48:38.810Z level=INFO fiber=#0 message="🔹 Retrieving all mempool transactions..."
timestamp=2026-06-01T14:48:38.840Z level=INFO fiber=#0 message="🏦 Running commit-time deposit ingestion barrier up to 2026-06-01T14:48:38.840Z."
timestamp=2026-06-01T14:48:39.442Z level=INFO fiber=#0 message="🏦 2 deposit UTxOs found."
timestamp=2026-06-01T14:48:39.456Z level=INFO fiber=#0 message="🏦 Commit-time deposit barrier reconciled 2 deposit UTxO(s); fetch completed at 2026-06-01T14:48:39.456Z and locked the visibility barrier at 2026-06-01T14:48:38.840Z."
timestamp=2026-06-01T14:48:39.456Z level=INFO fiber=#0 message="Running commit-time withdrawal ingestion barrier up to 2026-06-01T14:48:38.840Z."
timestamp=2026-06-01T14:48:39.514Z level=INFO fiber=#0 message="Commit-time withdrawal barrier reconciled 0 withdrawal UTxO(s); fetch completed at 2026-06-01T14:48:39.514Z and locked the visibility barrier at 2026-06-01T14:48:38.840Z."
timestamp=2026-06-01T14:48:39.515Z level=INFO fiber=#0 message="🔹 Going through mempool txs and finding roots..."
timestamp=2026-06-01T14:48:39.527Z level=INFO fiber=#0 message="🔹 New transaction root found: 0e5751c026e543b2e8ab2eb06099daa1d1e5df47778f7787faab45cdf12fe3a8"
timestamp=2026-06-01T14:48:39.527Z level=INFO fiber=#0 message="🔹 New UTxO root found: 0de61b61a0f087811298c7af049af98c7a3de5bc48bb27c26b2adaf1115eeec8"
timestamp=2026-06-01T14:48:39.528Z level=INFO fiber=#0 message="🔹 No transactions were found in MempoolDB, checking ProcessedMempoolDB..."
timestamp=2026-06-01T14:48:39.529Z level=INFO fiber=#0 message="🔹 Previous submitted block is now confirmed, deserializing..."
timestamp=2026-06-01T14:48:39.530Z level=INFO fiber=#0 message="🔹 Checking for user events... (no tx requests in queue)"
timestamp=2026-06-01T14:48:39.531Z level=INFO fiber=#0 message="🔹 Nothing to commit."
timestamp=2026-06-01T14:48:39.542Z level=INFO fiber=#29 message="👷 Block commitment work completed ({\"type\":\"NothingToCommitOutput\"})."
[14:48:40.546] INFO (#192): 🔹 New block commitment process started.
[14:48:40.550] INFO (#192): Acquired state-queue mutation lease token=block_commitment:f3646a43-47e5-4b2b-9227-93471111f243,holder=block_commitment,expires_at=2026-06-01T14:58:40.549Z
[14:48:41.165] INFO (#192): 🔹 Using live state-queue tail commit base 3f0e5516596846e9cb4d547dbdfc20f1c2bed07571e3dbb464f25166a6585b01#0 from snapshot commit_preflight:29d7029b3fd3d9d025ecbc24fd15197e1a72ca74dbab291f139e1979a997c4c2#0:3f0e5516596846e9cb4d547dbdfc20f1c2bed07571e3dbb464f25166a6585b01#0:1780325321165.
timestamp=2026-06-01T14:48:41.165Z level=INFO fiber=#1734 message="👷 Starting block commitment worker..."
[14:48:41.294] INFO (#194): 🏦 2 deposit UTxOs found.
[14:48:41.303] INFO (#194): 🏦 Reconciled 2 visible deposit UTxO(s) into deposits_utxos.
timestamp=2026-06-01T14:48:42.598Z level=INFO fiber=#0 message="Initializing Lucid..."
timestamp=2026-06-01T14:48:42.842Z level=INFO fiber=#0 message="Lucid built successfully."
timestamp=2026-06-01T14:48:42.934Z level=INFO fiber=#0 message="📚 Opening connection to db..."
timestamp=2026-06-01T14:48:43.561Z level=INFO fiber=#0 message="🔐 Contract source selected: state_queue=real, hub_oracle=real, deposit=real, tx_order=real, withdrawal=real, settlement=real, reserve=real, payout=real, registered_operators=real, active_operators=real, retired_operators=real, scheduler=real, fraud_proofs.double_spend=real"
timestamp=2026-06-01T14:48:43.562Z level=INFO fiber=#0 message="🔹 Retrieving all mempool transactions..."
timestamp=2026-06-01T14:48:43.592Z level=INFO fiber=#0 message="🏦 Running commit-time deposit ingestion barrier up to 2026-06-01T14:48:43.592Z."
timestamp=2026-06-01T14:48:44.205Z level=INFO fiber=#0 message="🏦 2 deposit UTxOs found."
timestamp=2026-06-01T14:48:44.219Z level=INFO fiber=#0 message="🏦 Commit-time deposit barrier reconciled 2 deposit UTxO(s); fetch completed at 2026-06-01T14:48:44.219Z and locked the visibility barrier at 2026-06-01T14:48:43.592Z."
timestamp=2026-06-01T14:48:44.220Z level=INFO fiber=#0 message="Running commit-time withdrawal ingestion barrier up to 2026-06-01T14:48:43.592Z."
timestamp=2026-06-01T14:48:44.273Z level=INFO fiber=#0 message="Commit-time withdrawal barrier reconciled 0 withdrawal UTxO(s); fetch completed at 2026-06-01T14:48:44.273Z and locked the visibility barrier at 2026-06-01T14:48:43.592Z."
timestamp=2026-06-01T14:48:44.274Z level=INFO fiber=#0 message="🔹 Going through mempool txs and finding roots..."
timestamp=2026-06-01T14:48:44.287Z level=INFO fiber=#0 message="🔹 New transaction root found: 0e5751c026e543b2e8ab2eb06099daa1d1e5df47778f7787faab45cdf12fe3a8"
timestamp=2026-06-01T14:48:44.287Z level=INFO fiber=#0 message="🔹 New UTxO root found: 0de61b61a0f087811298c7af049af98c7a3de5bc48bb27c26b2adaf1115eeec8"
timestamp=2026-06-01T14:48:44.287Z level=INFO fiber=#0 message="🔹 No transactions were found in MempoolDB, checking ProcessedMempoolDB..."
timestamp=2026-06-01T14:48:44.288Z level=INFO fiber=#0 message="🔹 Previous submitted block is now confirmed, deserializing..."
timestamp=2026-06-01T14:48:44.290Z level=INFO fiber=#0 message="🔹 Checking for user events... (no tx requests in queue)"
timestamp=2026-06-01T14:48:44.290Z level=INFO fiber=#0 message="🔹 Nothing to commit."
timestamp=2026-06-01T14:48:44.301Z level=INFO fiber=#29 message="👷 Block commitment work completed ({\"type\":\"NothingToCommitOutput\"})."
[14:48:45.305] INFO (#192): 🔹 New block commitment process started.
[14:48:45.313] INFO (#192): Acquired state-queue mutation lease token=block_commitment:e6de1b67-3f8b-4bd6-921f-0d18f870ec8b,holder=block_commitment,expires_at=2026-06-01T14:58:45.306Z
[14:48:45.954] INFO (#192): 🔹 Using live state-queue tail commit base 3f0e5516596846e9cb4d547dbdfc20f1c2bed07571e3dbb464f25166a6585b01#0 from snapshot commit_preflight:29d7029b3fd3d9d025ecbc24fd15197e1a72ca74dbab291f139e1979a997c4c2#0:3f0e5516596846e9cb4d547dbdfc20f1c2bed07571e3dbb464f25166a6585b01#0:1780325325954.
timestamp=2026-06-01T14:48:45.954Z level=INFO fiber=#1742 message="👷 Starting block commitment worker..."
[14:48:47.014] INFO (#198): 🔸 Skipping merge because the state-queue mutation lease is busy (active_holder=block_commitment,active_token=block_commitment:e6de1b67-3f8b-4bd6-921f-0d18f870ec8b,active_expires_at=2026-06-01T14:58:45.306Z).
[14:48:47.219] INFO (#193): 🔍 New block confirmation process started.
timestamp=2026-06-01T14:48:47.219Z level=INFO fiber=#1747 message="🔍 Starting block confirmation worker..."
timestamp=2026-06-01T14:48:47.416Z level=INFO fiber=#0 message="Initializing Lucid..."
timestamp=2026-06-01T14:48:47.685Z level=INFO fiber=#0 message="Lucid built successfully."
timestamp=2026-06-01T14:48:47.791Z level=INFO fiber=#0 message="📚 Opening connection to db..."
timestamp=2026-06-01T14:48:48.529Z level=INFO fiber=#0 message="🔐 Contract source selected: state_queue=real, hub_oracle=real, deposit=real, tx_order=real, withdrawal=real, settlement=real, reserve=real, payout=real, registered_operators=real, active_operators=real, retired_operators=real, scheduler=real, fraud_proofs.double_spend=real"
timestamp=2026-06-01T14:48:48.530Z level=INFO fiber=#0 message="🔹 Retrieving all mempool transactions..."
timestamp=2026-06-01T14:48:48.562Z level=INFO fiber=#0 message="🏦 Running commit-time deposit ingestion barrier up to 2026-06-01T14:48:48.562Z."
timestamp=2026-06-01T14:48:48.645Z level=INFO fiber=#0 message="Initializing Lucid..."
timestamp=2026-06-01T14:48:48.889Z level=INFO fiber=#0 message="Lucid built successfully."
timestamp=2026-06-01T14:48:49.173Z level=INFO fiber=#0 message="🏦 2 deposit UTxOs found."
timestamp=2026-06-01T14:48:49.183Z level=INFO fiber=#0 message="🏦 Commit-time deposit barrier reconciled 2 deposit UTxO(s); fetch completed at 2026-06-01T14:48:49.183Z and locked the visibility barrier at 2026-06-01T14:48:48.562Z."
timestamp=2026-06-01T14:48:49.183Z level=INFO fiber=#0 message="Running commit-time withdrawal ingestion barrier up to 2026-06-01T14:48:48.562Z."
timestamp=2026-06-01T14:48:49.235Z level=INFO fiber=#0 message="Commit-time withdrawal barrier reconciled 0 withdrawal UTxO(s); fetch completed at 2026-06-01T14:48:49.235Z and locked the visibility barrier at 2026-06-01T14:48:48.562Z."
timestamp=2026-06-01T14:48:49.236Z level=INFO fiber=#0 message="🔹 Going through mempool txs and finding roots..."
timestamp=2026-06-01T14:48:49.249Z level=INFO fiber=#0 message="🔹 New transaction root found: 0e5751c026e543b2e8ab2eb06099daa1d1e5df47778f7787faab45cdf12fe3a8"
timestamp=2026-06-01T14:48:49.249Z level=INFO fiber=#0 message="🔹 New UTxO root found: 0de61b61a0f087811298c7af049af98c7a3de5bc48bb27c26b2adaf1115eeec8"
timestamp=2026-06-01T14:48:49.249Z level=INFO fiber=#0 message="🔹 No transactions were found in MempoolDB, checking ProcessedMempoolDB..."
timestamp=2026-06-01T14:48:49.250Z level=INFO fiber=#0 message="🔹 Previous submitted block is now confirmed, deserializing..."
timestamp=2026-06-01T14:48:49.252Z level=INFO fiber=#0 message="🔹 Checking for user events... (no tx requests in queue)"
timestamp=2026-06-01T14:48:49.252Z level=INFO fiber=#0 message="🔹 Nothing to commit."
timestamp=2026-06-01T14:48:49.263Z level=INFO fiber=#29 message="👷 Block commitment work completed ({\"type\":\"NothingToCommitOutput\"})."
[14:48:50.268] INFO (#192): 🔹 New block commitment process started.
[14:48:50.277] INFO (#192): Acquired state-queue mutation lease token=block_commitment:e2fa9ef0-1253-4509-a6e8-6e1fddbfe6d3,holder=block_commitment,expires_at=2026-06-01T14:58:50.270Z
[14:48:50.886] INFO (#192): 🔹 Using live state-queue tail commit base 3f0e5516596846e9cb4d547dbdfc20f1c2bed07571e3dbb464f25166a6585b01#0 from snapshot commit_preflight:29d7029b3fd3d9d025ecbc24fd15197e1a72ca74dbab291f139e1979a997c4c2#0:3f0e5516596846e9cb4d547dbdfc20f1c2bed07571e3dbb464f25166a6585b01#0:1780325330886.
timestamp=2026-06-01T14:48:50.886Z level=INFO fiber=#1755 message="👷 Starting block commitment worker..."
[14:48:51.902] INFO (#194): 🏦 2 deposit UTxOs found.
[14:48:51.906] INFO (#194): 🏦 Reconciled 2 visible deposit UTxO(s) into deposits_utxos.
timestamp=2026-06-01T14:48:52.323Z level=INFO fiber=#0 message="Initializing Lucid..."
timestamp=2026-06-01T14:48:52.573Z level=INFO fiber=#0 message="Lucid built successfully."
timestamp=2026-06-01T14:48:52.665Z level=INFO fiber=#0 message="📚 Opening connection to db..."
timestamp=2026-06-01T14:48:53.289Z level=INFO fiber=#0 message="🔐 Contract source selected: state_queue=real, hub_oracle=real, deposit=real, tx_order=real, withdrawal=real, settlement=real, reserve=real, payout=real, registered_operators=real, active_operators=real, retired_operators=real, scheduler=real, fraud_proofs.double_spend=real"
timestamp=2026-06-01T14:48:53.289Z level=INFO fiber=#0 message="🔹 Retrieving all mempool transactions..."
timestamp=2026-06-01T14:48:53.320Z level=INFO fiber=#0 message="🏦 Running commit-time deposit ingestion barrier up to 2026-06-01T14:48:53.320Z."
timestamp=2026-06-01T14:48:53.926Z level=INFO fiber=#0 message="🏦 2 deposit UTxOs found."
timestamp=2026-06-01T14:48:53.940Z level=INFO fiber=#0 message="🏦 Commit-time deposit barrier reconciled 2 deposit UTxO(s); fetch completed at 2026-06-01T14:48:53.940Z and locked the visibility barrier at 2026-06-01T14:48:53.320Z."
timestamp=2026-06-01T14:48:53.941Z level=INFO fiber=#0 message="Running commit-time withdrawal ingestion barrier up to 2026-06-01T14:48:53.320Z."
timestamp=2026-06-01T14:48:53.989Z level=INFO fiber=#0 message="Commit-time withdrawal barrier reconciled 0 withdrawal UTxO(s); fetch completed at 2026-06-01T14:48:53.989Z and locked the visibility barrier at 2026-06-01T14:48:53.320Z."
timestamp=2026-06-01T14:48:53.990Z level=INFO fiber=#0 message="🔹 Going through mempool txs and finding roots..."
timestamp=2026-06-01T14:48:54.000Z level=INFO fiber=#0 message="🔹 New transaction root found: 0e5751c026e543b2e8ab2eb06099daa1d1e5df47778f7787faab45cdf12fe3a8"
timestamp=2026-06-01T14:48:54.000Z level=INFO fiber=#0 message="🔹 New UTxO root found: 0de61b61a0f087811298c7af049af98c7a3de5bc48bb27c26b2adaf1115eeec8"
timestamp=2026-06-01T14:48:54.000Z level=INFO fiber=#0 message="🔹 No transactions were found in MempoolDB, checking ProcessedMempoolDB..."
timestamp=2026-06-01T14:48:54.001Z level=INFO fiber=#0 message="🔹 Previous submitted block is now confirmed, deserializing..."
timestamp=2026-06-01T14:48:54.003Z level=INFO fiber=#0 message="🔹 Checking for user events... (no tx requests in queue)"
timestamp=2026-06-01T14:48:54.004Z level=INFO fiber=#0 message="🔹 Nothing to commit."
timestamp=2026-06-01T14:48:54.014Z level=INFO fiber=#29 message="👷 Block commitment work completed ({\"type\":\"NothingToCommitOutput\"})."
[14:48:55.018] INFO (#192): 🔹 New block commitment process started.
[14:48:55.031] INFO (#192): Acquired state-queue mutation lease token=block_commitment:cfd04ce2-bf9e-4162-9b3c-3b22ea2aed41,holder=block_commitment,expires_at=2026-06-01T14:58:55.021Z
[14:48:55.633] INFO (#192): 🔹 Using live state-queue tail commit base 3f0e5516596846e9cb4d547dbdfc20f1c2bed07571e3dbb464f25166a6585b01#0 from snapshot commit_preflight:29d7029b3fd3d9d025ecbc24fd15197e1a72ca74dbab291f139e1979a997c4c2#0:3f0e5516596846e9cb4d547dbdfc20f1c2bed07571e3dbb464f25166a6585b01#0:1780325335633.
timestamp=2026-06-01T14:48:55.633Z level=INFO fiber=#1764 message="👷 Starting block commitment worker..."
[14:48:57.019] INFO (#198): 🔸 Skipping merge because the state-queue mutation lease is busy (active_holder=block_commitment,active_token=block_commitment:cfd04ce2-bf9e-4162-9b3c-3b22ea2aed41,active_expires_at=2026-06-01T14:58:55.021Z).
timestamp=2026-06-01T14:48:57.253Z level=INFO fiber=#0 message="Initializing Lucid..."
timestamp=2026-06-01T14:48:57.526Z level=INFO fiber=#0 message="Lucid built successfully."
timestamp=2026-06-01T14:48:57.619Z level=INFO fiber=#0 message="📚 Opening connection to db..."
timestamp=2026-06-01T14:48:58.246Z level=INFO fiber=#0 message="🔐 Contract source selected: state_queue=real, hub_oracle=real, deposit=real, tx_order=real, withdrawal=real, settlement=real, reserve=real, payout=real, registered_operators=real, active_operators=real, retired_operators=real, scheduler=real, fraud_proofs.double_spend=real"
timestamp=2026-06-01T14:48:58.247Z level=INFO fiber=#0 message="🔹 Retrieving all mempool transactions..."
timestamp=2026-06-01T14:48:58.279Z level=INFO fiber=#0 message="🏦 Running commit-time deposit ingestion barrier up to 2026-06-01T14:48:58.279Z."
timestamp=2026-06-01T14:48:58.885Z level=INFO fiber=#0 message="🏦 2 deposit UTxOs found."
timestamp=2026-06-01T14:48:58.894Z level=INFO fiber=#0 message="🏦 Commit-time deposit barrier reconciled 2 deposit UTxO(s); fetch completed at 2026-06-01T14:48:58.894Z and locked the visibility barrier at 2026-06-01T14:48:58.279Z."
timestamp=2026-06-01T14:48:58.895Z level=INFO fiber=#0 message="Running commit-time withdrawal ingestion barrier up to 2026-06-01T14:48:58.279Z."
timestamp=2026-06-01T14:48:58.942Z level=INFO fiber=#0 message="Commit-time withdrawal barrier reconciled 0 withdrawal UTxO(s); fetch completed at 2026-06-01T14:48:58.942Z and locked the visibility barrier at 2026-06-01T14:48:58.279Z."
timestamp=2026-06-01T14:48:58.943Z level=INFO fiber=#0 message="🔹 Going through mempool txs and finding roots..."
timestamp=2026-06-01T14:48:58.954Z level=INFO fiber=#0 message="🔹 New transaction root found: 0e5751c026e543b2e8ab2eb06099daa1d1e5df47778f7787faab45cdf12fe3a8"
timestamp=2026-06-01T14:48:58.955Z level=INFO fiber=#0 message="🔹 New UTxO root found: 0de61b61a0f087811298c7af049af98c7a3de5bc48bb27c26b2adaf1115eeec8"
timestamp=2026-06-01T14:48:58.955Z level=INFO fiber=#0 message="🔹 No transactions were found in MempoolDB, checking ProcessedMempoolDB..."
timestamp=2026-06-01T14:48:58.956Z level=INFO fiber=#0 message="🔹 Previous submitted block is now confirmed, deserializing..."
timestamp=2026-06-01T14:48:58.958Z level=INFO fiber=#0 message="🔹 Checking for user events... (no tx requests in queue)"
timestamp=2026-06-01T14:48:58.958Z level=INFO fiber=#0 message="🔹 Nothing to commit."
timestamp=2026-06-01T14:48:58.972Z level=INFO fiber=#29 message="👷 Block commitment work completed ({\"type\":\"NothingToCommitOutput\"})."
[14:48:59.507] INFO (#193): 🔍 New block confirmation process started.
timestamp=2026-06-01T14:48:59.507Z level=INFO fiber=#1769 message="🔍 Starting block confirmation worker..."
[14:48:59.978] INFO (#192): 🔹 New block commitment process started.
[14:48:59.981] INFO (#192): Acquired state-queue mutation lease token=block_commitment:4c0e390b-1f81-4f57-a6dd-de9c2783a9a4,holder=block_commitment,expires_at=2026-06-01T14:58:59.979Z
[14:49:00.583] INFO (#192): 🔹 Using live state-queue tail commit base 3f0e5516596846e9cb4d547dbdfc20f1c2bed07571e3dbb464f25166a6585b01#0 from snapshot commit_preflight:29d7029b3fd3d9d025ecbc24fd15197e1a72ca74dbab291f139e1979a997c4c2#0:3f0e5516596846e9cb4d547dbdfc20f1c2bed07571e3dbb464f25166a6585b01#0:1780325340583.
timestamp=2026-06-01T14:49:00.583Z level=INFO fiber=#1777 message="👷 Starting block commitment worker..."
timestamp=2026-06-01T14:49:01.028Z level=INFO fiber=#0 message="Initializing Lucid..."
timestamp=2026-06-01T14:49:01.350Z level=INFO fiber=#0 message="Lucid built successfully."
timestamp=2026-06-01T14:49:02.361Z level=INFO fiber=#0 message="Initializing Lucid..."
[14:49:02.522] INFO (#194): 🏦 2 deposit UTxOs found.
[14:49:02.531] INFO (#194): 🏦 Reconciled 2 visible deposit UTxO(s) into deposits_utxos.
timestamp=2026-06-01T14:49:02.652Z level=INFO fiber=#0 message="Lucid built successfully."
timestamp=2026-06-01T14:49:02.761Z level=INFO fiber=#0 message="📚 Opening connection to db..."
timestamp=2026-06-01T14:49:03.394Z level=INFO fiber=#0 message="🔐 Contract source selected: state_queue=real, hub_oracle=real, deposit=real, tx_order=real, withdrawal=real, settlement=real, reserve=real, payout=real, registered_operators=real, active_operators=real, retired_operators=real, scheduler=real, fraud_proofs.double_spend=real"
timestamp=2026-06-01T14:49:03.395Z level=INFO fiber=#0 message="🔹 Retrieving all mempool transactions..."
timestamp=2026-06-01T14:49:03.425Z level=INFO fiber=#0 message="🏦 Running commit-time deposit ingestion barrier up to 2026-06-01T14:49:03.425Z."
timestamp=2026-06-01T14:49:04.041Z level=INFO fiber=#0 message="🏦 2 deposit UTxOs found."
timestamp=2026-06-01T14:49:04.055Z level=INFO fiber=#0 message="🏦 Commit-time deposit barrier reconciled 2 deposit UTxO(s); fetch completed at 2026-06-01T14:49:04.055Z and locked the visibility barrier at 2026-06-01T14:49:03.425Z."
timestamp=2026-06-01T14:49:04.056Z level=INFO fiber=#0 message="Running commit-time withdrawal ingestion barrier up to 2026-06-01T14:49:03.425Z."
timestamp=2026-06-01T14:49:04.114Z level=INFO fiber=#0 message="Commit-time withdrawal barrier reconciled 0 withdrawal UTxO(s); fetch completed at 2026-06-01T14:49:04.114Z and locked the visibility barrier at 2026-06-01T14:49:03.425Z."
timestamp=2026-06-01T14:49:04.116Z level=INFO fiber=#0 message="🔹 Going through mempool txs and finding roots..."
timestamp=2026-06-01T14:49:04.128Z level=INFO fiber=#0 message="🔹 New transaction root found: 0e5751c026e543b2e8ab2eb06099daa1d1e5df47778f7787faab45cdf12fe3a8"
timestamp=2026-06-01T14:49:04.128Z level=INFO fiber=#0 message="🔹 New UTxO root found: 0de61b61a0f087811298c7af049af98c7a3de5bc48bb27c26b2adaf1115eeec8"
timestamp=2026-06-01T14:49:04.128Z level=INFO fiber=#0 message="🔹 No transactions were found in MempoolDB, checking ProcessedMempoolDB..."
timestamp=2026-06-01T14:49:04.130Z level=INFO fiber=#0 message="🔹 Previous submitted block is now confirmed, deserializing..."
timestamp=2026-06-01T14:49:04.132Z level=INFO fiber=#0 message="🔹 Checking for user events... (no tx requests in queue)"
timestamp=2026-06-01T14:49:04.133Z level=INFO fiber=#0 message="🔹 Nothing to commit."
timestamp=2026-06-01T14:49:04.143Z level=INFO fiber=#29 message="👷 Block commitment work completed ({\"type\":\"NothingToCommitOutput\"})."
[14:49:05.149] INFO (#192): 🔹 New block commitment process started.
[14:49:05.153] INFO (#192): Acquired state-queue mutation lease token=block_commitment:d51d57be-166e-4104-a712-3f65bb64338e,holder=block_commitment,expires_at=2026-06-01T14:59:05.150Z
[14:49:05.753] INFO (#192): 🔹 Using live state-queue tail commit base 3f0e5516596846e9cb4d547dbdfc20f1c2bed07571e3dbb464f25166a6585b01#0 from snapshot commit_preflight:29d7029b3fd3d9d025ecbc24fd15197e1a72ca74dbab291f139e1979a997c4c2#0:3f0e5516596846e9cb4d547dbdfc20f1c2bed07571e3dbb464f25166a6585b01#0:1780325345753.
timestamp=2026-06-01T14:49:05.753Z level=INFO fiber=#1786 message="👷 Starting block commitment worker..."
[14:49:07.024] INFO (#198): 🔸 Skipping merge because the state-queue mutation lease is busy (active_holder=block_commitment,active_token=block_commitment:d51d57be-166e-4104-a712-3f65bb64338e,active_expires_at=2026-06-01T14:59:05.150Z).
timestamp=2026-06-01T14:49:07.361Z level=INFO fiber=#0 message="Initializing Lucid..."
timestamp=2026-06-01T14:49:07.605Z level=INFO fiber=#0 message="Lucid built successfully."
timestamp=2026-06-01T14:49:07.698Z level=INFO fiber=#0 message="📚 Opening connection to db..."
timestamp=2026-06-01T14:49:08.469Z level=INFO fiber=#0 message="🔐 Contract source selected: state_queue=real, hub_oracle=real, deposit=real, tx_order=real, withdrawal=real, settlement=real, reserve=real, payout=real, registered_operators=real, active_operators=real, retired_operators=real, scheduler=real, fraud_proofs.double_spend=real"
timestamp=2026-06-01T14:49:08.470Z level=INFO fiber=#0 message="🔹 Retrieving all mempool transactions..."
timestamp=2026-06-01T14:49:08.512Z level=INFO fiber=#0 message="🏦 Running commit-time deposit ingestion barrier up to 2026-06-01T14:49:08.512Z."
timestamp=2026-06-01T14:49:09.134Z level=INFO fiber=#0 message="🏦 2 deposit UTxOs found."
timestamp=2026-06-01T14:49:09.142Z level=INFO fiber=#0 message="🏦 Commit-time deposit barrier reconciled 2 deposit UTxO(s); fetch completed at 2026-06-01T14:49:09.142Z and locked the visibility barrier at 2026-06-01T14:49:08.512Z."
timestamp=2026-06-01T14:49:09.142Z level=INFO fiber=#0 message="Running commit-time withdrawal ingestion barrier up to 2026-06-01T14:49:08.512Z."
timestamp=2026-06-01T14:49:09.194Z level=INFO fiber=#0 message="Commit-time withdrawal barrier reconciled 0 withdrawal UTxO(s); fetch completed at 2026-06-01T14:49:09.194Z and locked the visibility barrier at 2026-06-01T14:49:08.512Z."
timestamp=2026-06-01T14:49:09.195Z level=INFO fiber=#0 message="🔹 Going through mempool txs and finding roots..."
timestamp=2026-06-01T14:49:09.210Z level=INFO fiber=#0 message="🔹 New transaction root found: 0e5751c026e543b2e8ab2eb06099daa1d1e5df47778f7787faab45cdf12fe3a8"
timestamp=2026-06-01T14:49:09.210Z level=INFO fiber=#0 message="🔹 New UTxO root found: 0de61b61a0f087811298c7af049af98c7a3de5bc48bb27c26b2adaf1115eeec8"
timestamp=2026-06-01T14:49:09.210Z level=INFO fiber=#0 message="🔹 No transactions were found in MempoolDB, checking ProcessedMempoolDB..."
timestamp=2026-06-01T14:49:09.213Z level=INFO fiber=#0 message="🔹 Previous submitted block is now confirmed, deserializing..."
timestamp=2026-06-01T14:49:09.216Z level=INFO fiber=#0 message="🔹 Checking for user events... (no tx requests in queue)"
timestamp=2026-06-01T14:49:09.216Z level=INFO fiber=#0 message="🔹 Nothing to commit."
timestamp=2026-06-01T14:49:09.231Z level=INFO fiber=#29 message="👷 Block commitment work completed ({\"type\":\"NothingToCommitOutput\"})."
[14:49:10.236] INFO (#192): 🔹 New block commitment process started.
[14:49:10.245] INFO (#192): Acquired state-queue mutation lease token=block_commitment:392dc7fb-b653-4d2b-8e86-71f197170b83,holder=block_commitment,expires_at=2026-06-01T14:59:10.237Z
[14:49:10.848] INFO (#192): 🔹 Using live state-queue tail commit base 3f0e5516596846e9cb4d547dbdfc20f1c2bed07571e3dbb464f25166a6585b01#0 from snapshot commit_preflight:29d7029b3fd3d9d025ecbc24fd15197e1a72ca74dbab291f139e1979a997c4c2#0:3f0e5516596846e9cb4d547dbdfc20f1c2bed07571e3dbb464f25166a6585b01#0:1780325350848.
timestamp=2026-06-01T14:49:10.849Z level=INFO fiber=#1798 message="👷 Starting block commitment worker..."
[14:49:12.122] INFO (#193): 🔍 New block confirmation process started.
timestamp=2026-06-01T14:49:12.122Z level=INFO fiber=#1799 message="🔍 Starting block confirmation worker..."
timestamp=2026-06-01T14:49:12.297Z level=INFO fiber=#0 message="Initializing Lucid..."
timestamp=2026-06-01T14:49:12.579Z level=INFO fiber=#0 message="Lucid built successfully."
timestamp=2026-06-01T14:49:12.736Z level=INFO fiber=#0 message="📚 Opening connection to db..."
[14:49:13.128] INFO (#194): 🏦 2 deposit UTxOs found.
[14:49:13.137] INFO (#194): 🏦 Reconciled 2 visible deposit UTxO(s) into deposits_utxos.
timestamp=2026-06-01T14:49:13.568Z level=INFO fiber=#0 message="🔐 Contract source selected: state_queue=real, hub_oracle=real, deposit=real, tx_order=real, withdrawal=real, settlement=real, reserve=real, payout=real, registered_operators=real, active_operators=real, retired_operators=real, scheduler=real, fraud_proofs.double_spend=real"
timestamp=2026-06-01T14:49:13.569Z level=INFO fiber=#0 message="🔹 Retrieving all mempool transactions..."
timestamp=2026-06-01T14:49:13.611Z level=INFO fiber=#0 message="🏦 Running commit-time deposit ingestion barrier up to 2026-06-01T14:49:13.611Z."
timestamp=2026-06-01T14:49:13.807Z level=INFO fiber=#0 message="Initializing Lucid..."
timestamp=2026-06-01T14:49:14.095Z level=INFO fiber=#0 message="Lucid built successfully."
timestamp=2026-06-01T14:49:14.228Z level=INFO fiber=#0 message="🏦 2 deposit UTxOs found."
timestamp=2026-06-01T14:49:14.242Z level=INFO fiber=#0 message="🏦 Commit-time deposit barrier reconciled 2 deposit UTxO(s); fetch completed at 2026-06-01T14:49:14.242Z and locked the visibility barrier at 2026-06-01T14:49:13.611Z."
timestamp=2026-06-01T14:49:14.243Z level=INFO fiber=#0 message="Running commit-time withdrawal ingestion barrier up to 2026-06-01T14:49:13.611Z."
timestamp=2026-06-01T14:49:14.289Z level=INFO fiber=#0 message="Commit-time withdrawal barrier reconciled 0 withdrawal UTxO(s); fetch completed at 2026-06-01T14:49:14.289Z and locked the visibility barrier at 2026-06-01T14:49:13.611Z."
timestamp=2026-06-01T14:49:14.290Z level=INFO fiber=#0 message="🔹 Going through mempool txs and finding roots..."
timestamp=2026-06-01T14:49:14.303Z level=INFO fiber=#0 message="🔹 New transaction root found: 0e5751c026e543b2e8ab2eb06099daa1d1e5df47778f7787faab45cdf12fe3a8"
timestamp=2026-06-01T14:49:14.303Z level=INFO fiber=#0 message="🔹 New UTxO root found: 0de61b61a0f087811298c7af049af98c7a3de5bc48bb27c26b2adaf1115eeec8"
timestamp=2026-06-01T14:49:14.303Z level=INFO fiber=#0 message="🔹 No transactions were found in MempoolDB, checking ProcessedMempoolDB..."
timestamp=2026-06-01T14:49:14.305Z level=INFO fiber=#0 message="🔹 Previous submitted block is now confirmed, deserializing..."
timestamp=2026-06-01T14:49:14.308Z level=INFO fiber=#0 message="🔹 Checking for user events... (no tx requests in queue)"
timestamp=2026-06-01T14:49:14.309Z level=INFO fiber=#0 message="🔹 Nothing to commit."
timestamp=2026-06-01T14:49:14.324Z level=INFO fiber=#29 message="👷 Block commitment work completed ({\"type\":\"NothingToCommitOutput\"})."
[14:49:15.330] INFO (#192): 🔹 New block commitment process started.
[14:49:15.333] INFO (#192): Acquired state-queue mutation lease token=block_commitment:7497f0c1-3e11-4fac-b4e6-8e86dfde7391,holder=block_commitment,expires_at=2026-06-01T14:59:15.331Z
[14:49:15.936] INFO (#192): 🔹 Using live state-queue tail commit base 3f0e5516596846e9cb4d547dbdfc20f1c2bed07571e3dbb464f25166a6585b01#0 from snapshot commit_preflight:29d7029b3fd3d9d025ecbc24fd15197e1a72ca74dbab291f139e1979a997c4c2#0:3f0e5516596846e9cb4d547dbdfc20f1c2bed07571e3dbb464f25166a6585b01#0:1780325355935.
timestamp=2026-06-01T14:49:15.936Z level=INFO fiber=#1808 message="👷 Starting block commitment worker..."
[14:49:17.029] INFO (#198): 🔸 Skipping merge because the state-queue mutation lease is busy (active_holder=block_commitment,active_token=block_commitment:7497f0c1-3e11-4fac-b4e6-8e86dfde7391,active_expires_at=2026-06-01T14:59:15.331Z).
timestamp=2026-06-01T14:49:17.502Z level=INFO fiber=#0 message="Initializing Lucid..."
timestamp=2026-06-01T14:49:17.799Z level=INFO fiber=#0 message="Lucid built successfully."
timestamp=2026-06-01T14:49:17.891Z level=INFO fiber=#0 message="📚 Opening connection to db..."
timestamp=2026-06-01T14:49:18.621Z level=INFO fiber=#0 message="🔐 Contract source selected: state_queue=real, hub_oracle=real, deposit=real, tx_order=real, withdrawal=real, settlement=real, reserve=real, payout=real, registered_operators=real, active_operators=real, retired_operators=real, scheduler=real, fraud_proofs.double_spend=real"
timestamp=2026-06-01T14:49:18.622Z level=INFO fiber=#0 message="🔹 Retrieving all mempool transactions..."
timestamp=2026-06-01T14:49:18.654Z level=INFO fiber=#0 message="🏦 Running commit-time deposit ingestion barrier up to 2026-06-01T14:49:18.654Z."
timestamp=2026-06-01T14:49:19.277Z level=INFO fiber=#0 message="🏦 2 deposit UTxOs found."
timestamp=2026-06-01T14:49:19.291Z level=INFO fiber=#0 message="🏦 Commit-time deposit barrier reconciled 2 deposit UTxO(s); fetch completed at 2026-06-01T14:49:19.291Z and locked the visibility barrier at 2026-06-01T14:49:18.654Z."
timestamp=2026-06-01T14:49:19.292Z level=INFO fiber=#0 message="Running commit-time withdrawal ingestion barrier up to 2026-06-01T14:49:18.654Z."
timestamp=2026-06-01T14:49:19.353Z level=INFO fiber=#0 message="Commit-time withdrawal barrier reconciled 0 withdrawal UTxO(s); fetch completed at 2026-06-01T14:49:19.353Z and locked the visibility barrier at 2026-06-01T14:49:18.654Z."
timestamp=2026-06-01T14:49:19.355Z level=INFO fiber=#0 message="🔹 Going through mempool txs and finding roots..."
timestamp=2026-06-01T14:49:19.368Z level=INFO fiber=#0 message="🔹 New transaction root found: 0e5751c026e543b2e8ab2eb06099daa1d1e5df47778f7787faab45cdf12fe3a8"
timestamp=2026-06-01T14:49:19.368Z level=INFO fiber=#0 message="🔹 New UTxO root found: 0de61b61a0f087811298c7af049af98c7a3de5bc48bb27c26b2adaf1115eeec8"
timestamp=2026-06-01T14:49:19.368Z level=INFO fiber=#0 message="🔹 No transactions were found in MempoolDB, checking ProcessedMempoolDB..."
timestamp=2026-06-01T14:49:19.370Z level=INFO fiber=#0 message="🔹 Previous submitted block is now confirmed, deserializing..."
timestamp=2026-06-01T14:49:19.372Z level=INFO fiber=#0 message="🔹 Checking for user events... (no tx requests in queue)"
timestamp=2026-06-01T14:49:19.373Z level=INFO fiber=#0 message="🔹 Nothing to commit."
timestamp=2026-06-01T14:49:19.385Z level=INFO fiber=#29 message="👷 Block commitment work completed ({\"type\":\"NothingToCommitOutput\"})."
[14:49:20.389] INFO (#192): 🔹 New block commitment process started.
[14:49:20.397] INFO (#192): Acquired state-queue mutation lease token=block_commitment:3028f941-4870-468a-a4e5-ab206c693c79,holder=block_commitment,expires_at=2026-06-01T14:59:20.390Z
[14:49:21.011] INFO (#192): 🔹 Using live state-queue tail commit base 3f0e5516596846e9cb4d547dbdfc20f1c2bed07571e3dbb464f25166a6585b01#0 from snapshot commit_preflight:29d7029b3fd3d9d025ecbc24fd15197e1a72ca74dbab291f139e1979a997c4c2#0:3f0e5516596846e9cb4d547dbdfc20f1c2bed07571e3dbb464f25166a6585b01#0:1780325361011.
timestamp=2026-06-01T14:49:21.011Z level=INFO fiber=#1820 message="👷 Starting block commitment worker..."
timestamp=2026-06-01T14:49:22.531Z level=INFO fiber=#0 message="Initializing Lucid..."
timestamp=2026-06-01T14:49:23.221Z level=INFO fiber=#0 message="Lucid built successfully."
timestamp=2026-06-01T14:49:23.314Z level=INFO fiber=#0 message="📚 Opening connection to db..."
[14:49:23.843] INFO (#194): 🏦 2 deposit UTxOs found.
[14:49:23.847] INFO (#194): 🏦 Reconciled 2 visible deposit UTxO(s) into deposits_utxos.
timestamp=2026-06-01T14:49:24.042Z level=INFO fiber=#0 message="🔐 Contract source selected: state_queue=real, hub_oracle=real, deposit=real, tx_order=real, withdrawal=real, settlement=real, reserve=real, payout=real, registered_operators=real, active_operators=real, retired_operators=real, scheduler=real, fraud_proofs.double_spend=real"
timestamp=2026-06-01T14:49:24.042Z level=INFO fiber=#0 message="🔹 Retrieving all mempool transactions..."
timestamp=2026-06-01T14:49:24.074Z level=INFO fiber=#0 message="🏦 Running commit-time deposit ingestion barrier up to 2026-06-01T14:49:24.074Z."
[14:49:24.760] INFO (#193): 🔍 New block confirmation process started.
timestamp=2026-06-01T14:49:24.760Z level=INFO fiber=#1822 message="🔍 Starting block confirmation worker..."
timestamp=2026-06-01T14:49:24.878Z level=INFO fiber=#0 message="🏦 2 deposit UTxOs found."
timestamp=2026-06-01T14:49:24.889Z level=INFO fiber=#0 message="🏦 Commit-time deposit barrier reconciled 2 deposit UTxO(s); fetch completed at 2026-06-01T14:49:24.889Z and locked the visibility barrier at 2026-06-01T14:49:24.074Z."
timestamp=2026-06-01T14:49:24.889Z level=INFO fiber=#0 message="Running commit-time withdrawal ingestion barrier up to 2026-06-01T14:49:24.074Z."
timestamp=2026-06-01T14:49:24.951Z level=INFO fiber=#0 message="Commit-time withdrawal barrier reconciled 0 withdrawal UTxO(s); fetch completed at 2026-06-01T14:49:24.951Z and locked the visibility barrier at 2026-06-01T14:49:24.074Z."
timestamp=2026-06-01T14:49:24.952Z level=INFO fiber=#0 message="🔹 Going through mempool txs and finding roots..."
timestamp=2026-06-01T14:49:24.969Z level=INFO fiber=#0 message="🔹 New transaction root found: 0e5751c026e543b2e8ab2eb06099daa1d1e5df47778f7787faab45cdf12fe3a8"
timestamp=2026-06-01T14:49:24.969Z level=INFO fiber=#0 message="🔹 New UTxO root found: 0de61b61a0f087811298c7af049af98c7a3de5bc48bb27c26b2adaf1115eeec8"
timestamp=2026-06-01T14:49:24.969Z level=INFO fiber=#0 message="🔹 No transactions were found in MempoolDB, checking ProcessedMempoolDB..."
timestamp=2026-06-01T14:49:24.971Z level=INFO fiber=#0 message="🔹 Previous submitted block is now confirmed, deserializing..."
timestamp=2026-06-01T14:49:24.974Z level=INFO fiber=#0 message="🔹 Checking for user events... (no tx requests in queue)"
timestamp=2026-06-01T14:49:24.975Z level=INFO fiber=#0 message="🔹 Nothing to commit."
timestamp=2026-06-01T14:49:24.992Z level=INFO fiber=#29 message="👷 Block commitment work completed ({\"type\":\"NothingToCommitOutput\"})."
[14:49:25.996] INFO (#192): 🔹 New block commitment process started.
[14:49:26.001] INFO (#192): Acquired state-queue mutation lease token=block_commitment:49ae6374-31a6-4e77-9d60-96ad2a2b0eca,holder=block_commitment,expires_at=2026-06-01T14:59:25.998Z
timestamp=2026-06-01T14:49:26.083Z level=INFO fiber=#0 message="Initializing Lucid..."
timestamp=2026-06-01T14:49:26.354Z level=INFO fiber=#0 message="Lucid built successfully."
[14:49:26.598] INFO (#192): 🔹 Using live state-queue tail commit base 3f0e5516596846e9cb4d547dbdfc20f1c2bed07571e3dbb464f25166a6585b01#0 from snapshot commit_preflight:29d7029b3fd3d9d025ecbc24fd15197e1a72ca74dbab291f139e1979a997c4c2#0:3f0e5516596846e9cb4d547dbdfc20f1c2bed07571e3dbb464f25166a6585b01#0:1780325366598.
timestamp=2026-06-01T14:49:26.599Z level=INFO fiber=#1830 message="👷 Starting block commitment worker..."
[14:49:27.035] INFO (#198): 🔸 Skipping merge because the state-queue mutation lease is busy (active_holder=block_commitment,active_token=block_commitment:49ae6374-31a6-4e77-9d60-96ad2a2b0eca,active_expires_at=2026-06-01T14:59:25.998Z).
timestamp=2026-06-01T14:49:28.149Z level=INFO fiber=#0 message="Initializing Lucid..."
timestamp=2026-06-01T14:49:28.442Z level=INFO fiber=#0 message="Lucid built successfully."
timestamp=2026-06-01T14:49:28.536Z level=INFO fiber=#0 message="📚 Opening connection to db..."
timestamp=2026-06-01T14:49:29.181Z level=INFO fiber=#0 message="🔐 Contract source selected: state_queue=real, hub_oracle=real, deposit=real, tx_order=real, withdrawal=real, settlement=real, reserve=real, payout=real, registered_operators=real, active_operators=real, retired_operators=real, scheduler=real, fraud_proofs.double_spend=real"
timestamp=2026-06-01T14:49:29.182Z level=INFO fiber=#0 message="🔹 Retrieving all mempool transactions..."
timestamp=2026-06-01T14:49:29.211Z level=INFO fiber=#0 message="🏦 Running commit-time deposit ingestion barrier up to 2026-06-01T14:49:29.211Z."
timestamp=2026-06-01T14:49:29.841Z level=INFO fiber=#0 message="🏦 2 deposit UTxOs found."
timestamp=2026-06-01T14:49:29.855Z level=INFO fiber=#0 message="🏦 Commit-time deposit barrier reconciled 2 deposit UTxO(s); fetch completed at 2026-06-01T14:49:29.854Z and locked the visibility barrier at 2026-06-01T14:49:29.211Z."
timestamp=2026-06-01T14:49:29.855Z level=INFO fiber=#0 message="Running commit-time withdrawal ingestion barrier up to 2026-06-01T14:49:29.211Z."
timestamp=2026-06-01T14:49:29.916Z level=INFO fiber=#0 message="Commit-time withdrawal barrier reconciled 0 withdrawal UTxO(s); fetch completed at 2026-06-01T14:49:29.915Z and locked the visibility barrier at 2026-06-01T14:49:29.211Z."
timestamp=2026-06-01T14:49:29.917Z level=INFO fiber=#0 message="🔹 Going through mempool txs and finding roots..."
timestamp=2026-06-01T14:49:29.932Z level=INFO fiber=#0 message="🔹 New transaction root found: 0e5751c026e543b2e8ab2eb06099daa1d1e5df47778f7787faab45cdf12fe3a8"
timestamp=2026-06-01T14:49:29.932Z level=INFO fiber=#0 message="🔹 New UTxO root found: 0de61b61a0f087811298c7af049af98c7a3de5bc48bb27c26b2adaf1115eeec8"
timestamp=2026-06-01T14:49:29.932Z level=INFO fiber=#0 message="🔹 No transactions were found in MempoolDB, checking ProcessedMempoolDB..."
timestamp=2026-06-01T14:49:29.933Z level=INFO fiber=#0 message="🔹 Previous submitted block is now confirmed, deserializing..."
timestamp=2026-06-01T14:49:29.936Z level=INFO fiber=#0 message="🔹 Checking for user events... (no tx requests in queue)"
timestamp=2026-06-01T14:49:29.937Z level=INFO fiber=#0 message="🔹 Nothing to commit."
timestamp=2026-06-01T14:49:29.948Z level=INFO fiber=#29 message="👷 Block commitment work completed ({\"type\":\"NothingToCommitOutput\"})."
[14:49:30.953] INFO (#192): 🔹 New block commitment process started.
[14:49:30.962] INFO (#192): Acquired state-queue mutation lease token=block_commitment:a8e60411-e646-454c-9507-ab321c8cdd69,holder=block_commitment,expires_at=2026-06-01T14:59:30.955Z
[14:49:31.564] INFO (#192): 🔹 Using live state-queue tail commit base 3f0e5516596846e9cb4d547dbdfc20f1c2bed07571e3dbb464f25166a6585b01#0 from snapshot commit_preflight:29d7029b3fd3d9d025ecbc24fd15197e1a72ca74dbab291f139e1979a997c4c2#0:3f0e5516596846e9cb4d547dbdfc20f1c2bed07571e3dbb464f25166a6585b01#0:1780325371564.
timestamp=2026-06-01T14:49:31.564Z level=INFO fiber=#1842 message="👷 Starting block commitment worker..."
timestamp=2026-06-01T14:49:33.050Z level=INFO fiber=#0 message="Initializing Lucid..."
timestamp=2026-06-01T14:49:33.313Z level=INFO fiber=#0 message="Lucid built successfully."
timestamp=2026-06-01T14:49:33.405Z level=INFO fiber=#0 message="📚 Opening connection to db..."
timestamp=2026-06-01T14:49:34.092Z level=INFO fiber=#0 message="🔐 Contract source selected: state_queue=real, hub_oracle=real, deposit=real, tx_order=real, withdrawal=real, settlement=real, reserve=real, payout=real, registered_operators=real, active_operators=real, retired_operators=real, scheduler=real, fraud_proofs.double_spend=real"
timestamp=2026-06-01T14:49:34.092Z level=INFO fiber=#0 message="🔹 Retrieving all mempool transactions..."
timestamp=2026-06-01T14:49:34.125Z level=INFO fiber=#0 message="🏦 Running commit-time deposit ingestion barrier up to 2026-06-01T14:49:34.125Z."
[14:49:34.461] INFO (#194): 🏦 2 deposit UTxOs found.
[14:49:34.469] INFO (#194): 🏦 Reconciled 2 visible deposit UTxO(s) into deposits_utxos.
timestamp=2026-06-01T14:49:34.734Z level=INFO fiber=#0 message="🏦 2 deposit UTxOs found."
timestamp=2026-06-01T14:49:34.748Z level=INFO fiber=#0 message="🏦 Commit-time deposit barrier reconciled 2 deposit UTxO(s); fetch completed at 2026-06-01T14:49:34.748Z and locked the visibility barrier at 2026-06-01T14:49:34.125Z."
timestamp=2026-06-01T14:49:34.749Z level=INFO fiber=#0 message="Running commit-time withdrawal ingestion barrier up to 2026-06-01T14:49:34.125Z."
timestamp=2026-06-01T14:49:34.799Z level=INFO fiber=#0 message="Commit-time withdrawal barrier reconciled 0 withdrawal UTxO(s); fetch completed at 2026-06-01T14:49:34.799Z and locked the visibility barrier at 2026-06-01T14:49:34.125Z."
timestamp=2026-06-01T14:49:34.800Z level=INFO fiber=#0 message="🔹 Going through mempool txs and finding roots..."
timestamp=2026-06-01T14:49:34.812Z level=INFO fiber=#0 message="🔹 New transaction root found: 0e5751c026e543b2e8ab2eb06099daa1d1e5df47778f7787faab45cdf12fe3a8"
timestamp=2026-06-01T14:49:34.813Z level=INFO fiber=#0 message="🔹 New UTxO root found: 0de61b61a0f087811298c7af049af98c7a3de5bc48bb27c26b2adaf1115eeec8"
timestamp=2026-06-01T14:49:34.813Z level=INFO fiber=#0 message="🔹 No transactions were found in MempoolDB, checking ProcessedMempoolDB..."
timestamp=2026-06-01T14:49:34.815Z level=INFO fiber=#0 message="🔹 Previous submitted block is now confirmed, deserializing..."
timestamp=2026-06-01T14:49:34.816Z level=INFO fiber=#0 message="🔹 Checking for user events... (no tx requests in queue)"
timestamp=2026-06-01T14:49:34.817Z level=INFO fiber=#0 message="🔹 Nothing to commit."
timestamp=2026-06-01T14:49:34.827Z level=INFO fiber=#29 message="👷 Block commitment work completed ({\"type\":\"NothingToCommitOutput\"})."
[14:49:35.832] INFO (#192): 🔹 New block commitment process started.
[14:49:35.842] INFO (#192): Acquired state-queue mutation lease token=block_commitment:7e40cef4-3b6c-463a-aa4a-d7e3d82f1361,holder=block_commitment,expires_at=2026-06-01T14:59:35.833Z
[14:49:36.444] INFO (#192): 🔹 Using live state-queue tail commit base 3f0e5516596846e9cb4d547dbdfc20f1c2bed07571e3dbb464f25166a6585b01#0 from snapshot commit_preflight:29d7029b3fd3d9d025ecbc24fd15197e1a72ca74dbab291f139e1979a997c4c2#0:3f0e5516596846e9cb4d547dbdfc20f1c2bed07571e3dbb464f25166a6585b01#0:1780325376444.
timestamp=2026-06-01T14:49:36.444Z level=INFO fiber=#1851 message="👷 Starting block commitment worker..."
[14:49:37.041] INFO (#198): 🔸 Skipping merge because the state-queue mutation lease is busy (active_holder=block_commitment,active_token=block_commitment:7e40cef4-3b6c-463a-aa4a-d7e3d82f1361,active_expires_at=2026-06-01T14:59:35.833Z).
[14:49:37.070] INFO (#193): 🔍 New block confirmation process started.
timestamp=2026-06-01T14:49:37.070Z level=INFO fiber=#1856 message="🔍 Starting block confirmation worker..."
timestamp=2026-06-01T14:49:38.683Z level=INFO fiber=#0 message="Initializing Lucid..."
timestamp=2026-06-01T14:49:38.983Z level=INFO fiber=#0 message="Lucid built successfully."
timestamp=2026-06-01T14:49:39.025Z level=INFO fiber=#0 message="Initializing Lucid..."
timestamp=2026-06-01T14:49:39.093Z level=INFO fiber=#0 message="📚 Opening connection to db..."
timestamp=2026-06-01T14:49:39.353Z level=INFO fiber=#0 message="Lucid built successfully."
timestamp=2026-06-01T14:49:39.844Z level=INFO fiber=#0 message="🔐 Contract source selected: state_queue=real, hub_oracle=real, deposit=real, tx_order=real, withdrawal=real, settlement=real, reserve=real, payout=real, registered_operators=real, active_operators=real, retired_operators=real, scheduler=real, fraud_proofs.double_spend=real"
timestamp=2026-06-01T14:49:39.845Z level=INFO fiber=#0 message="🔹 Retrieving all mempool transactions..."
timestamp=2026-06-01T14:49:39.883Z level=INFO fiber=#0 message="🏦 Running commit-time deposit ingestion barrier up to 2026-06-01T14:49:39.882Z."
timestamp=2026-06-01T14:49:40.493Z level=INFO fiber=#0 message="🏦 2 deposit UTxOs found."
timestamp=2026-06-01T14:49:40.507Z level=INFO fiber=#0 message="🏦 Commit-time deposit barrier reconciled 2 deposit UTxO(s); fetch completed at 2026-06-01T14:49:40.507Z and locked the visibility barrier at 2026-06-01T14:49:39.882Z."
timestamp=2026-06-01T14:49:40.508Z level=INFO fiber=#0 message="Running commit-time withdrawal ingestion barrier up to 2026-06-01T14:49:39.882Z."
timestamp=2026-06-01T14:49:40.564Z level=INFO fiber=#0 message="Commit-time withdrawal barrier reconciled 0 withdrawal UTxO(s); fetch completed at 2026-06-01T14:49:40.564Z and locked the visibility barrier at 2026-06-01T14:49:39.882Z."
timestamp=2026-06-01T14:49:40.565Z level=INFO fiber=#0 message="🔹 Going through mempool txs and finding roots..."
timestamp=2026-06-01T14:49:40.578Z level=INFO fiber=#0 message="🔹 New transaction root found: 0e5751c026e543b2e8ab2eb06099daa1d1e5df47778f7787faab45cdf12fe3a8"
timestamp=2026-06-01T14:49:40.578Z level=INFO fiber=#0 message="🔹 New UTxO root found: 0de61b61a0f087811298c7af049af98c7a3de5bc48bb27c26b2adaf1115eeec8"
timestamp=2026-06-01T14:49:40.578Z level=INFO fiber=#0 message="🔹 No transactions were found in MempoolDB, checking ProcessedMempoolDB..."
timestamp=2026-06-01T14:49:40.580Z level=INFO fiber=#0 message="🔹 Previous submitted block is now confirmed, deserializing..."
timestamp=2026-06-01T14:49:40.582Z level=INFO fiber=#0 message="🔹 Checking for user events... (no tx requests in queue)"
timestamp=2026-06-01T14:49:40.583Z level=INFO fiber=#0 message="🔹 Nothing to commit."
timestamp=2026-06-01T14:49:40.596Z level=INFO fiber=#29 message="👷 Block commitment work completed ({\"type\":\"NothingToCommitOutput\"})."
[14:49:41.600] INFO (#192): 🔹 New block commitment process started.
[14:49:41.610] INFO (#192): Acquired state-queue mutation lease token=block_commitment:929a6ec9-8706-48c2-9bd5-0c96a3d06dfb,holder=block_commitment,expires_at=2026-06-01T14:59:41.602Z
[14:49:42.276] INFO (#192): 🔹 Using live state-queue tail commit base 3f0e5516596846e9cb4d547dbdfc20f1c2bed07571e3dbb464f25166a6585b01#0 from snapshot commit_preflight:29d7029b3fd3d9d025ecbc24fd15197e1a72ca74dbab291f139e1979a997c4c2#0:3f0e5516596846e9cb4d547dbdfc20f1c2bed07571e3dbb464f25166a6585b01#0:1780325382276.
timestamp=2026-06-01T14:49:42.276Z level=INFO fiber=#1864 message="👷 Starting block commitment worker..."
timestamp=2026-06-01T14:49:43.938Z level=INFO fiber=#0 message="Initializing Lucid..."
timestamp=2026-06-01T14:49:44.249Z level=INFO fiber=#0 message="Lucid built successfully."
timestamp=2026-06-01T14:49:44.401Z level=INFO fiber=#0 message="📚 Opening connection to db..."
[14:49:45.071] INFO (#194): 🏦 2 deposit UTxOs found.
[14:49:45.075] INFO (#194): 🏦 Reconciled 2 visible deposit UTxO(s) into deposits_utxos.
timestamp=2026-06-01T14:49:45.260Z level=INFO fiber=#0 message="🔐 Contract source selected: state_queue=real, hub_oracle=real, deposit=real, tx_order=real, withdrawal=real, settlement=real, reserve=real, payout=real, registered_operators=real, active_operators=real, retired_operators=real, scheduler=real, fraud_proofs.double_spend=real"
timestamp=2026-06-01T14:49:45.261Z level=INFO fiber=#0 message="🔹 Retrieving all mempool transactions..."
timestamp=2026-06-01T14:49:45.297Z level=INFO fiber=#0 message="🏦 Running commit-time deposit ingestion barrier up to 2026-06-01T14:49:45.297Z."
timestamp=2026-06-01T14:49:45.923Z level=INFO fiber=#0 message="🏦 2 deposit UTxOs found."
timestamp=2026-06-01T14:49:45.938Z level=INFO fiber=#0 message="🏦 Commit-time deposit barrier reconciled 2 deposit UTxO(s); fetch completed at 2026-06-01T14:49:45.938Z and locked the visibility barrier at 2026-06-01T14:49:45.297Z."
timestamp=2026-06-01T14:49:45.939Z level=INFO fiber=#0 message="Running commit-time withdrawal ingestion barrier up to 2026-06-01T14:49:45.297Z."
